Date,Ticker,Company,weight,entry_price,stop_price,stop_triggered,stop_trigger_date,stop_status,cover_price,exit_price,raw_short_return,stopped_short_return,simple_capped_short_return
2023-06-30,88E,88 ENERGY LTD ORDINARY,-0.0163934426229508,0.1727270036935806,0.20727240443229672,False,,NOT_TRIGGERED,,0.2000000029802322,-0.15789655759347387,-0.15789655759347387,-0.15789655759347387
2023-06-30,AEF,AUSTRALIAN ETHICAL ORDINARY,-0.0163934426229508,3.1386067867279053,3.766328144073486,True,2023-07-27,STOPPED,4.142960958480835,3.8205063343048096,-0.21726185977180212,-0.31999999999999984,-0.21726185977180212
2023-06-30,AIS,AERIS RESOURCES LTD ORDINARY,-0.0163934426229508,0.4576610028743744,0.5491932034492493,False,,NOT_TRIGGERED,,0.2192959934473037,0.5208331230539665,0.5208331230539665,0.5208331230539665
2023-06-30,AMA,AMA GROUP LIMITED ORDINARY,-0.0163934426229508,0.78786700963974,0.945440411567688,True,2023-07-04,STOPPED,1.0399844527244568,1.1030139923095703,-0.4000002269595404,-0.32000000000000006,-0.30000000000000004
2023-06-30,ANG,AUSTIN ENGINEERING ORDINARY,-0.0163934426229508,0.2527516186237335,0.30330194234848024,False,,NOT_TRIGGERED,,0.2481561154127121,0.018181894288331613,0.018181894288331613,0.018181894288331613
2023-06-30,ANZ,ANZ GROUP HOLDINGS ORDINARY,-0.0163934426229508,20.07720947265625,24.0926513671875,False,,NOT_TRIGGERED,,21.550615310668945,-0.07338698338628036,-0.07338698338628036,-0.07338698338628036
2023-06-30,APX,APPEN LIMITED ORDINARY,-0.0163934426229508,2.1735880374908447,2.6083056449890134,False,,NOT_TRIGGERED,,2.064452886581421,0.0502096759031706,0.0502096759031706,0.0502096759031706
2023-06-30,ASM,AUSSTRATMATERIALS ORDINARY,-0.0163934426229508,1.100000023841858,1.3200000286102294,True,2023-07-11,STOPPED,1.4520000314712525,1.830000042915344,-0.6636363665919656,-0.32000000000000006,-0.30000000000000004
2023-06-30,BBN,BABY BUNTING GRP LTD ORDINARY,-0.0163934426229508,1.328596591949463,1.5943159103393554,True,2023-07-17,STOPPED,1.753747501373291,1.8648664951324463,-0.40363636820421855,-0.32000000000000006,-0.30000000000000004
2023-06-30,BET,BETMAKERS TECH GROUP ORDINARY,-0.0163934426229508,0.1299999952316284,0.15599999427795405,True,2023-07-04,STOPPED,0.17159999370574947,0.1299999952316284,-0.0,-0.31999999999999984,-0.0
2023-06-30,BGA,BEGA CHEESE LTD ORDINARY,-0.0163934426229508,2.6841657161712646,3.2209988594055177,False,,NOT_TRIGGERED,,3.098563432693481,-0.15438604033484182,-0.15438604033484182,-0.15438604033484182
2023-06-30,BLX,BEACON LIGHTING GRP ORDINARY,-0.0163934426229508,1.490998387336731,1.789198064804077,False,,NOT_TRIGGERED,,1.7728333473205566,-0.18902432247914658,-0.18902432247914658,-0.18902432247914658
2023-06-30,BMN,BANNERMAN ENERGY LTD ORDINARY,-0.0163934426229508,1.649999976158142,1.9799999713897705,False,,NOT_TRIGGERED,,1.5750000476837158,0.04545450276251273,0.04545450276251273,0.04545450276251273
2023-06-30,ABY,ADORE BEAUTY ORDINARY,-0.0163934426229508,0.800000011920929,0.9600000143051147,True,2023-07-24,STOPPED,1.0560000157356262,1.0299999713897705,-0.28749994505196885,-0.32000000000000006,-0.28749994505196885
2023-06-30,EXR,ELIXIR ENERGY LTD ORDINARY,-0.0163934426229508,0.0799999982118606,0.09599999785423272,False,,NOT_TRIGGERED,,0.0850000008940696,-0.06250003492459721,-0.06250003492459721,-0.06250003492459721
2023-06-30,EVN,EVOLUTION MINING LTD ORDINARY,-0.0163934426229508,3.029118299484253,3.6349419593811034,True,2023-07-17,STOPPED,3.9984361553192143,3.471256732940674,-0.14596274880769777,-0.32000000000000006,-0.14596274880769777
2023-06-30,ELD,ELDERS LIMITED ORDINARY,-0.0163934426229508,5.604918479919434,6.72590217590332,False,,NOT_TRIGGERED,,6.209704875946045,-0.10790279969162087,-0.10790279969162087,-0.10790279969162087
2023-06-30,DYL,DEEP YELLOW LIMITED ORDINARY,-0.0163934426229508,0.7549999952316284,0.9059999942779541,False,,NOT_TRIGGERED,,0.7350000143051147,0.02649004112957354,0.02649004112957354,0.02649004112957354
2023-06-30,BRN,BRAINCHIP LTD ORDINARY,-0.0163934426229508,0.3650000095367431,0.43800001144409173,False,,NOT_TRIGGERED,,0.3799999952316284,-0.04109585014510886,-0.04109585014510886,-0.04109585014510886
2023-06-30,DMP,DOMINO PIZZA ENTERPR ORDINARY,-0.0163934426229508,42.65792083740234,51.189505004882804,False,,NOT_TRIGGERED,,46.93933868408203,-0.10036630390400458,-0.10036630390400458,-0.10036630390400458
2023-06-30,CXL,CALIX LIMITED ORDINARY,-0.0163934426229508,4.170000076293945,5.004000091552734,False,,NOT_TRIGGERED,,4.400000095367432,-0.05515587886461071,-0.05515587886461071,-0.05515587886461071
2023-06-30,DUB,DUBBER CORP LTD ORDINARY,-0.0163934426229508,0.2000000029802322,0.24000000357627865,False,,NOT_TRIGGERED,,0.1550000011920929,0.2250000055879352,0.2250000055879352,0.2250000055879352
2023-06-30,CTM,CENTAURUS METALS LTD ORDINARY,-0.0163934426229508,0.8899999856948853,1.0679999828338622,False,,NOT_TRIGGERED,,0.7699999809265137,0.13483146819904634,0.13483146819904634,0.13483146819904634
2023-06-30,CHN,CHALICE MINING LTD ORDINARY,-0.0163934426229508,6.260000228881836,7.512000274658202,False,,NOT_TRIGGERED,,5.889999866485596,0.05910548703962748,0.05910548703962748,0.05910548703962748
2023-06-30,CAT,CATAPULT GRP INT LTD ORDINARY,-0.0163934426229508,0.9950000047683716,1.194000005722046,True,2023-07-27,STOPPED,1.3134000062942506,1.1100000143051147,-0.11557789847801492,-0.32000000000000006,-0.11557789847801492
2023-06-30,BUB,BUBS AUST LTD ORDINARY,-0.0163934426229508,0.1800000071525573,0.21600000858306875,True,2023-07-05,STOPPED,0.23760000944137566,0.1949999928474426,-0.083333250549108,-0.3200000000000003,-0.083333250549108
2023-06-30,BRU,BURU ENERGY ORDINARY,-0.0163934426229508,0.0839999988675117,0.10079999864101404,True,2023-07-04,STOPPED,0.11087999850511544,0.0979999974370002,-0.1666666518837685,-0.32000000000000006,-0.1666666518837685
2023-06-30,CUV,CLINUVEL PHARMACEUT. ORDINARY,-0.0163934426229508,17.686607360839844,21.22392883300781,False,,NOT_TRIGGERED,,17.439311981201172,0.013982069856212864,0.013982069856212864,0.013982069856212864
2023-06-30,GPR,GEOPACIFIC RESOURCES ORDINARY,-0.0163934426229508,0.0189999993890523,0.02279999926686276,False,,NOT_TRIGGERED,,0.0160000007599592,0.15789466976623612,0.15789466976623612,0.15789466976623612
2023-06-30,GLN,GALAN LITHIUM LTD ORDINARY,-0.0163934426229508,0.8700000047683716,1.0440000057220458,False,,NOT_TRIGGERED,,0.7749999761581421,0.10919543458568404,0.10919543458568404,0.10919543458568404
2023-06-30,BOQ,BANK OF QUEENSLAND. ORDINARY,-0.0163934426229508,4.604533672332764,5.525440406799317,False,,NOT_TRIGGERED,,4.990341663360596,-0.08378872182997266,-0.08378872182997266,-0.08378872182997266
2023-06-30,IMU,IMUGENE LIMITED ORDINARY,-0.0163934426229508,3.094000101089477,3.7128001213073722,True,2023-07-20,STOPPED,4.08408013343811,3.2300000190734863,-0.0439560160118031,-0.31999999999999984,-0.0439560160118031
2023-06-30,PBH,POINTSBET HOLDINGS ORDINARY,-0.0163934426229508,0.3755527138710022,0.4506632566452026,False,,NOT_TRIGGERED,,0.3472288846969604,0.07541905071619504,0.07541905071619504,0.07541905071619504
2023-06-30,IXR,IONIC RARE EARTHS ORDINARY,-0.0163934426229508,0.6600000262260437,0.7920000314712524,False,,NOT_TRIGGERED,,0.6299999952316284,0.04545459060957757,0.04545459060957757,0.04545459060957757
2023-06-30,LKE,LAKE RESOURCES ORDINARY,-0.0163934426229508,0.3000000119209289,0.3600000143051147,False,,NOT_TRIGGERED,,0.2150000035762787,0.28333334989017833,0.28333334989017833,0.28333334989017833
2023-06-30,LOV,LOVISA HOLDINGS LTD ORDINARY,-0.0163934426229508,17.587493896484375,21.10499267578125,False,,NOT_TRIGGERED,,19.063751220703125,-0.08393790115337829,-0.08393790115337829,-0.08393790115337829
2023-06-30,LVT,LIVETILES LIMITED ORDINARY,-0.0163934426229508,0.0109999999403953,0.013199999928474359,True,2023-07-07,STOPPED,0.014519999921321795,0.0120000001043081,-0.09090910630285554,-0.32000000000000006,-0.09090910630285554
2023-06-30,MVP,MEDICAL DEVELOPMENTS ORDINARY,-0.0163934426229508,0.7749999761581421,0.9299999713897704,True,2023-07-05,STOPPED,1.0229999685287476,1.0449999570846558,-0.3483870828809148,-0.32000000000000006,-0.30000000000000004
2023-06-30,MYS,MYSTATE LIMITED ORDINARY,-0.0163934426229508,2.670266628265381,3.204319953918457,False,,NOT_TRIGGERED,,3.0072083473205566,-0.12618279968321167,-0.12618279968321167,-0.12618279968321167
2023-06-30,MYX,MAYNE PHARMA LTD ORDINARY,-0.0163934426229508,4.400000095367432,5.280000114440917,False,,NOT_TRIGGERED,,4.670000076293945,-0.061363630698732186,-0.061363630698732186,-0.061363630698732186
2023-06-30,NMT,NEOMETALS LTD ORDINARY,-0.0163934426229508,0.4817990064620971,0.5781588077545166,False,,NOT_TRIGGERED,,0.5109990239143372,-0.060606221807427474,-0.060606221807427474,-0.060606221807427474
2023-06-30,NUH,NUHEARA LIMITED ORDINARY,-0.0163934426229508,0.1781679987907409,0.21380159854888908,False,,NOT_TRIGGERED,,0.168270006775856,0.05555426385245621,0.05555426385245621,0.05555426385245621
2023-06-30,NXL,NUIX LIMITED ORDINARY,-0.0163934426229508,0.8500000238418579,1.0200000286102295,True,2023-07-20,STOPPED,1.1220000314712526,1.4900000095367432,-0.7529411385216114,-0.3200000000000003,-0.30000000000000004
2023-06-30,OCC,ORTHOCELL LIMITED ORDINARY,-0.0163934426229508,0.3499999940395355,0.4199999928474426,False,,NOT_TRIGGERED,,0.3849999904632568,-0.09999999148505045,-0.09999999148505045,-0.09999999148505045
2023-06-30,PDN,PALADIN ENERGY LTD ORDINARY,-0.0163934426229508,7.300000190734863,8.760000228881836,False,,NOT_TRIGGERED,,7.75,-0.061643807877741486,-0.061643807877741486,-0.061643807877741486
2023-06-30,PET,PHOSLOCK ENV TEC LTD ORDINARY,-0.0163934426229508,0.0170000009238719,0.02040000110864628,True,2023-07-07,STOPPED,0.02244000121951091,0.0230000000447034,-0.35294110557406655,-0.32000000000000006,-0.30000000000000004
2023-06-30,IRI,INTEGRATED RESEARCH ORDINARY,-0.0163934426229508,0.3552323281764984,0.42627879381179806,True,2023-07-12,STOPPED,0.4689066731929779,0.3921396136283874,-0.10389618997050132,-0.32000000000000006,-0.10389618997050132
2023-06-30,IPD,IMPEDIMED LIMITED ORDINARY,-0.0163934426229508,0.1800000071525573,0.21600000858306875,True,2023-07-19,STOPPED,0.23760000944137566,0.2150000035762787,-0.19444441684970304,-0.3200000000000003,-0.19444441684970304
2023-06-30,WGN,WAGNERS HLD COMPANY ORDINARY,-0.0163934426229508,0.7688714861869812,0.9226457834243774,False,,NOT_TRIGGERED,,0.7352333664894104,0.04374998982520517,0.04374998982520517,0.04374998982520517
2023-06-30,VUL,VULCAN ENERGY ORDINARY,-0.0163934426229508,4.190000057220459,5.028000068664551,False,,NOT_TRIGGERED,,4.110000133514404,0.019093060289627872,0.019093060289627872,0.019093060289627872
2023-06-30,TYR,TYRO PAYMENTS ORDINARY,-0.0163934426229508,1.1399999856948853,1.3679999828338623,True,2023-07-20,STOPPED,1.5047999811172486,1.3250000476837158,-0.16228075816690835,-0.32000000000000006,-0.16228075816690835
2023-06-30,PNV,POLYNOVO LIMITED ORDINARY,-0.0163934426229508,1.5449999570846558,1.8539999485015868,False,,NOT_TRIGGERED,,1.534999966621399,0.006472485916521498,0.006472485916521498,0.006472485916521498
2023-06-30,SYR,SYRAH RESOURCES ORDINARY,-0.0163934426229508,0.9049999713897704,1.0859999656677244,False,,NOT_TRIGGERED,,0.6850000023841858,0.243093896089013,0.243093896089013,0.243093896089013
2023-06-30,SRL,SUNRISE ORDINARY,-0.0163934426229508,1.059999942779541,1.271999931335449,True,2023-07-06,STOPPED,1.399199924468994,1.159999966621399,-0.0943396502264302,-0.32000000000000006,-0.0943396502264302
2023-06-30,TPG,TPG TELECOM LIMITED. ORDINARY,-0.0163934426229508,4.339517593383789,5.207421112060547,False,,NOT_TRIGGERED,,4.865249156951904,-0.12114977120260262,-0.12114977120260262,-0.12114977120260262
2023-06-30,SLX,SILEX SYSTEMS ORDINARY,-0.0163934426229508,3.940000057220459,4.72800006866455,False,,NOT_TRIGGERED,,3.369999885559082,0.14467009222926086,0.14467009222926086,0.14467009222926086
2023-06-30,SLC,SUPERLOOP LIMITED ORDINARY,-0.0163934426229508,0.5799999833106995,0.6959999799728394,False,,NOT_TRIGGERED,,0.6949999928474426,-0.19827588421694653,-0.19827588421694653,-0.19827588421694653
2023-06-30,SGR,THE STAR ENT GRP ORDINARY,-0.0163934426229508,1.067829966545105,1.281395959854126,False,,NOT_TRIGGERED,,0.9383959770202636,0.12121217195619327,0.12121217195619327,0.12121217195619327
2023-06-30,REG,REGIS HEALTHCARE LTD ORDINARY,-0.0163934426229508,2.0203053951263428,2.4243664741516113,False,,NOT_TRIGGERED,,2.047607183456421,-0.013513693719741093,-0.013513693719741093,-0.013513693719741093
2023-06-30,PPK,PPK GROUP LIMITED ORDINARY,-0.0163934426229508,1.3799999952316284,1.655999994277954,True,2023-07-05,STOPPED,1.8215999937057494,1.3300000429153442,0.036231849629747126,-0.31999999999999984,0.036231849629747126
2023-06-30,SPL,STARPHARMA HOLDINGS ORDINARY,-0.0163934426229508,0.3100000023841858,0.3720000028610229,True,2023-07-17,STOPPED,0.40920000314712524,0.1800000071525573,0.4193548201026087,-0.32000000000000006,0.4193548201026087
2023-07-28,BMN,BANNERMAN ENERGY LTD ORDINARY,-0.0163934426229508,1.5499999523162842,1.8599999427795408,True,2023-08-14,STOPPED,2.0459999370574953,2.059999942779541,-0.32903226203402425,-0.32000000000000006,-0.30000000000000004
2023-07-28,BGA,BEGA CHEESE LTD ORDINARY,-0.0163934426229508,3.032636404037476,3.639163684844971,False,,NOT_TRIGGERED,,2.8535048961639404,0.059067914516573894,0.059067914516573894,0.059067914516573894
2023-07-28,BBN,BABY BUNTING GRP LTD ORDINARY,-0.0163934426229508,1.546003341674805,1.8552040100097658,True,2023-08-01,STOPPED,2.0407244110107423,2.175479888916016,-0.4071637688436631,-0.31999999999999984,-0.30000000000000004
2023-07-28,ASM,AUSSTRATMATERIALS ORDINARY,-0.0163934426229508,1.5,1.7999999999999998,True,2023-08-03,STOPPED,1.98,1.7200000286102295,-0.14666668574015307,-0.32000000000000006,-0.14666668574015307
2023-07-28,ARB,ARB CORPORATION. ORDINARY,-0.0163934426229508,28.984161376953125,34.780993652343746,False,,NOT_TRIGGERED,,31.322185516357425,-0.0806655783135195,-0.0806655783135195,-0.0806655783135195
2023-07-28,GPR,GEOPACIFIC RESOURCES ORDINARY,-0.0163934426229508,0.0130000002682209,0.015600000321865079,True,2023-08-02,STOPPED,0.01716000035405159,0.0189999993890523,-0.46153838438747385,-0.32000000000000006,-0.30000000000000004
2023-07-28,APX,APPEN LIMITED ORDINARY,-0.0163934426229508,2.05535888671875,2.4664306640625,False,,NOT_TRIGGERED,,1.4187430143356323,0.3097346533964366,0.3097346533964366,0.3097346533964366
2023-07-28,AMA,AMA GROUP LIMITED ORDINARY,-0.0163934426229508,0.9454410076141356,1.1345292091369628,True,2023-07-31,STOPPED,1.247982130050659,0.9454410076141356,-0.0,-0.32000000000000006,-0.0
2023-07-28,AIS,AERIS RESOURCES LTD ORDINARY,-0.0163934426229508,0.3623149991035461,0.4347779989242553,False,,NOT_TRIGGERED,,0.2288299947977066,0.3684225180743643,0.3684225180743643,0.3684225180743643
2023-07-28,AGY,ARGOSY MINERALS LTD ORDINARY,-0.0163934426229508,0.324999988079071,0.3899999856948852,False,,NOT_TRIGGERED,,0.2549999952316284,0.21538460127700654,0.21538460127700654,0.21538460127700654
2023-07-28,AEF,AUSTRALIAN ETHICAL ORDINARY,-0.0163934426229508,3.727095603942871,4.472514724731445,False,,NOT_TRIGGERED,,4.240855693817139,-0.13784462339274683,-0.13784462339274683,-0.13784462339274683
2023-07-28,BOQ,BANK OF QUEENSLAND. ORDINARY,-0.0163934426229508,5.057438373565674,6.068926048278809,False,,NOT_TRIGGERED,,4.822598934173584,0.04643446386209149,0.04643446386209149,0.04643446386209149
2023-07-28,AQZ,ALLIANCE AVIATION ORDINARY,-0.0163934426229508,3.2093751430511475,3.851250171661377,False,,NOT_TRIGGERED,,3.189625024795532,0.006153882726479654,0.006153882726479654,0.006153882726479654
2023-07-28,BRN,BRAINCHIP LTD ORDINARY,-0.0163934426229508,0.3700000047683716,0.4440000057220459,False,,NOT_TRIGGERED,,0.3100000023841858,0.1621621665160441,0.1621621665160441,0.1621621665160441
2023-07-28,DMP,DOMINO PIZZA ENTERPR ORDINARY,-0.0163934426229508,44.68837738037109,53.626052856445305,False,,NOT_TRIGGERED,,50.56218719482422,-0.13143931730743796,-0.13143931730743796,-0.13143931730743796
2023-07-28,BUB,BUBS AUST LTD ORDINARY,-0.0163934426229508,0.2000000029802322,0.24000000357627865,False,,NOT_TRIGGERED,,0.1700000017881393,0.15000000372529043,0.15000000372529043,0.15000000372529043
2023-07-28,EVN,EVOLUTION MINING LTD ORDINARY,-0.0163934426229508,3.4618494510650635,4.154219341278076,False,,NOT_TRIGGERED,,3.4337317943573,0.008122148899084247,0.008122148899084247,0.008122148899084247
2023-07-28,EML,EML PAYMENTS LTD ORDINARY,-0.0163934426229508,0.7599999904632568,0.9119999885559081,True,2023-08-29,STOPPED,1.003199987411499,1.1100000143051147,-0.4605263529391834,-0.31999999999999984,-0.30000000000000004
2023-07-28,ELD,ELDERS LIMITED ORDINARY,-0.0163934426229508,6.116005420684815,7.339206504821778,False,,NOT_TRIGGERED,,5.460110664367676,0.10724234385058773,0.10724234385058773,0.10724234385058773
2023-07-28,DYL,DEEP YELLOW LIMITED ORDINARY,-0.0163934426229508,0.6499999761581421,0.7799999713897705,True,2023-08-07,STOPPED,0.8579999685287476,0.915000021457672,-0.40769239233796006,-0.32000000000000006,-0.30000000000000004
2023-07-28,DUB,DUBBER CORP LTD ORDINARY,-0.0163934426229508,0.1800000071525573,0.21600000858306875,False,,NOT_TRIGGERED,,0.1299999952316284,0.27777783296726133,0.27777783296726133,0.27777783296726133
2023-07-28,EXR,ELIXIR ENERGY LTD ORDINARY,-0.0163934426229508,0.0869999974966049,0.10439999699592588,False,,NOT_TRIGGERED,,0.061999998986721,0.2873563129798884,0.2873563129798884,0.2873563129798884
2023-07-28,CUV,CLINUVEL PHARMACEUT. ORDINARY,-0.0163934426229508,18.14163398742676,21.76996078491211,False,,NOT_TRIGGERED,,18.18120002746582,-0.002180952391966473,-0.002180952391966473,-0.002180952391966473
2023-07-28,CLV,CLOVER CORPORATION ORDINARY,-0.0163934426229508,0.9599180817604064,1.1519016981124877,False,,NOT_TRIGGERED,,0.9599180817604064,-0.0,-0.0,-0.0
2023-07-28,CHN,CHALICE MINING LTD ORDINARY,-0.0163934426229508,5.960000038146973,7.152000045776367,False,,NOT_TRIGGERED,,3.309999942779541,0.444630885638609,0.444630885638609,0.444630885638609
2023-07-28,CAT,CATAPULT GRP INT LTD ORDINARY,-0.0163934426229508,1.1950000524520874,1.434000062942505,False,,NOT_TRIGGERED,,1.065000057220459,0.10878660211342595,0.10878660211342595,0.10878660211342595
2023-07-28,BVS,BRAVURA SOLUTION LTD ORDINARY,-0.0163934426229508,0.4204907119274139,0.5045888543128967,True,2023-08-25,STOPPED,0.5550477397441864,0.6266136765480042,-0.4901962368580728,-0.3200000000000003,-0.30000000000000004
2023-07-28,CXL,CALIX LIMITED ORDINARY,-0.0163934426229508,4.21999979019165,5.06399974822998,False,,NOT_TRIGGERED,,3.869999885559082,0.08293837015017325,0.08293837015017325,0.08293837015017325
2023-07-28,ABY,ADORE BEAUTY ORDINARY,-0.0163934426229508,0.9700000286102296,1.1640000343322754,False,,NOT_TRIGGERED,,0.959999978542328,0.010309329662834377,0.010309329662834377,0.010309329662834377
2023-07-28,GLN,GALAN LITHIUM LTD ORDINARY,-0.0163934426229508,0.7850000262260437,0.9420000314712524,False,,NOT_TRIGGERED,,0.7400000095367432,0.05732486010942195,0.05732486010942195,0.05732486010942195
2023-07-28,SLX,SILEX SYSTEMS ORDINARY,-0.0163934426229508,3.690000057220459,4.42800006866455,False,,NOT_TRIGGERED,,3.2799999713897705,0.11111113264847117,0.11111113264847117,0.11111113264847117
2023-07-28,HUB,HUB24 LTD ORDINARY,-0.0163934426229508,27.029142379760746,32.43497085571289,False,,NOT_TRIGGERED,,32.26719665527344,-0.19379284040602474,-0.19379284040602474,-0.19379284040602474
2023-07-28,BRU,BURU ENERGY ORDINARY,-0.0163934426229508,0.1000000014901161,0.12000000178813933,False,,NOT_TRIGGERED,,0.090999998152256,0.09000003203749607,0.09000003203749607,0.09000003203749607
2023-07-28,NUH,NUHEARA LIMITED ORDINARY,-0.0163934426229508,0.1880660057067871,0.22567920684814452,False,,NOT_TRIGGERED,,0.1732189953327179,0.0789457420455727,0.0789457420455727,0.0789457420455727
2023-07-28,MYS,MYSTATE LIMITED ORDINARY,-0.0163934426229508,2.99878478050232,3.5985417366027836,False,,NOT_TRIGGERED,,2.8402061462402344,0.05288096541410425,0.05288096541410425,0.05288096541410425
2023-07-28,MVP,MEDICAL DEVELOPMENTS ORDINARY,-0.0163934426229508,1.149999976158142,1.3799999713897704,False,,NOT_TRIGGERED,,0.8650000095367432,0.24782606306959365,0.24782606306959365,0.24782606306959365
2023-07-28,MP1,MEGAPORT LIMITED ORDINARY,-0.0163934426229508,10.600000381469728,12.720000457763673,False,,NOT_TRIGGERED,,12.260000228881836,-0.15660375355401102,-0.15660375355401102,-0.15660375355401102
2023-07-28,IMU,IMUGENE LIMITED ORDINARY,-0.0163934426229508,3.400000095367432,4.080000114440918,False,,NOT_TRIGGERED,,2.24399995803833,0.3400000308541683,0.3400000308541683,0.3400000308541683
2023-07-28,MFG,MAGELLAN FIN GRP LTD ORDINARY,-0.0163934426229508,7.099541664123535,8.519449996948241,True,2023-08-18,STOPPED,9.371394996643065,7.719112396240234,-0.0872691169977362,-0.31999999999999984,-0.0872691169977362
2023-07-28,LKE,LAKE RESOURCES ORDINARY,-0.0163934426229508,0.2300000041723251,0.2760000050067901,True,2023-08-15,STOPPED,0.30360000550746913,0.2150000035762787,0.06521739271277505,-0.31999999999999984,0.06521739271277505
2023-07-28,KAR,KAROON ENERGY LTD ORDINARY,-0.0163934426229508,2.0009491443634038,2.4011389732360846,False,,NOT_TRIGGERED,,2.2544636726379395,-0.12669713720045128,-0.12669713720045128,-0.12669713720045128
2023-07-28,IXR,IONIC RARE EARTHS ORDINARY,-0.0163934426229508,0.6299999952316284,0.7559999942779541,False,,NOT_TRIGGERED,,0.5699999928474426,0.0952380997433594,0.0952380997433594,0.0952380997433594
2023-07-28,IRI,INTEGRATED RESEARCH ORDINARY,-0.0163934426229508,0.3967530131340027,0.4761036157608032,True,2023-08-24,STOPPED,0.5237139773368835,0.3460055291652679,0.127906990719173,-0.31999999999999984,0.127906990719173
2023-07-28,OCC,ORTHOCELL LIMITED ORDINARY,-0.0163934426229508,0.395000010728836,0.4740000128746032,False,,NOT_TRIGGERED,,0.3799999952316284,0.03797472174628613,0.03797472174628613,0.03797472174628613
2023-07-28,MME,MONEYME LIMITED ORDINARY,-0.0163934426229508,0.0719999969005584,0.08639999628067008,True,2023-09-01,STOPPED,0.09503999590873709,0.0850000008940696,-0.18055561879351112,-0.32000000000000006,-0.18055561879351112
2023-07-28,PDN,PALADIN ENERGY LTD ORDINARY,-0.0163934426229508,7.349999904632568,8.819999885559081,True,2023-09-01,STOPPED,9.70199987411499,8.75,-0.19047620592281067,-0.32000000000000006,-0.19047620592281067
2023-07-28,NXL,NUIX LIMITED ORDINARY,-0.0163934426229508,1.5099999904632568,1.8119999885559082,False,,NOT_TRIGGERED,,1.559999942779541,-0.033112551411967006,-0.033112551411967006,-0.033112551411967006
2023-07-28,PNR,PANTORO LIMITED ORDINARY,-0.0163934426229508,1.3600000143051147,1.6320000171661377,False,,NOT_TRIGGERED,,0.8330000042915344,0.38750000328702083,0.38750000328702083,0.38750000328702083
2023-07-28,WTC,WISETECH GLOBAL LTD ORDINARY,-0.0163934426229508,85.49567413330078,102.59480895996093,False,,NOT_TRIGGERED,,69.49253845214844,0.18718064794952105,0.18718064794952105,0.18718064794952105
2023-07-28,WBT,WEEBIT NANO LTD ORDINARY,-0.0163934426229508,6.190000057220459,7.42800006866455,False,,NOT_TRIGGERED,,3.920000076293945,0.3667205104915344,0.3667205104915344,0.3667205104915344
2023-07-28,VUL,VULCAN ENERGY ORDINARY,-0.0163934426229508,4.389999866485596,5.267999839782715,False,,NOT_TRIGGERED,,3.4100000858306885,0.2232345809703734,0.2232345809703734,0.2232345809703734
2023-07-28,TYR,TYRO PAYMENTS ORDINARY,-0.0163934426229508,1.3949999809265137,1.6739999771118164,False,,NOT_TRIGGERED,,1.440000057220459,-0.03225811964818637,-0.03225811964818637,-0.03225811964818637
2023-07-28,SYR,SYRAH RESOURCES ORDINARY,-0.0163934426229508,0.7099999785423279,0.8519999742507934,False,,NOT_TRIGGERED,,0.574999988079071,0.19014083738484022,0.19014083738484022,0.19014083738484022
2023-07-28,SRL,SUNRISE ORDINARY,-0.0163934426229508,1.2400000095367432,1.4880000114440917,False,,NOT_TRIGGERED,,0.9399999976158142,0.24193549162391315,0.24193549162391315,0.24193549162391315
2023-07-28,PET,PHOSLOCK ENV TEC LTD ORDINARY,-0.0163934426229508,0.0260000005364418,0.031200000643730158,False,,NOT_TRIGGERED,,0.025000000372529,0.03846154397232393,0.03846154397232393,0.03846154397232393
2023-07-28,SLC,SUPERLOOP LIMITED ORDINARY,-0.0163934426229508,0.6600000262260437,0.7920000314712524,False,,NOT_TRIGGERED,,0.7149999737739563,-0.08333325054910778,-0.08333325054910778,-0.08333325054910778
2023-07-28,SGR,THE STAR ENT GRP ORDINARY,-0.0163934426229508,0.9846220016479492,1.181546401977539,False,,NOT_TRIGGERED,,0.9060369729995728,0.07981238334797491,0.07981238334797491,0.07981238334797491
2023-07-28,SBM,ST BARBARA LIMITED ORDINARY,-0.0163934426229508,0.2450000047683715,0.29400000572204577,False,,NOT_TRIGGERED,,0.1949999928474426,0.20408167733792504,0.20408167733792504,0.20408167733792504
2023-07-28,PPK,PPK GROUP LIMITED ORDINARY,-0.0163934426229508,1.399999976158142,1.6799999713897704,False,,NOT_TRIGGERED,,1.1799999475479126,0.15714288025486267,0.15714288025486267,0.15714288025486267
2023-07-28,PNV,POLYNOVO LIMITED ORDINARY,-0.0163934426229508,1.5800000429153442,1.896000051498413,False,,NOT_TRIGGERED,,1.4049999713897705,0.11075953593182919,0.11075953593182919,0.11075953593182919
2023-07-28,SPL,STARPHARMA HOLDINGS ORDINARY,-0.0163934426229508,0.324999988079071,0.3899999856948852,False,,NOT_TRIGGERED,,0.135000005364418,0.5846153528732649,0.5846153528732649,0.5846153528732649
2023-08-25,BLX,BEACON LIGHTING GRP ORDINARY,-0.0163934426229508,1.7182847261428833,2.06194167137146,False,,NOT_TRIGGERED,,1.720362663269043,-0.0012093089664040324,-0.0012093089664040324,-0.0012093089664040324
2023-08-25,BET,BETMAKERS TECH GROUP ORDINARY,-0.0163934426229508,0.135000005364418,0.16200000643730159,False,,NOT_TRIGGERED,,0.0920000001788139,0.31851854427361104,0.31851854427361104,0.31851854427361104
2023-08-25,BBN,BABY BUNTING GRP LTD ORDINARY,-0.0163934426229508,1.997485995292664,2.3969831943511966,False,,NOT_TRIGGERED,,2.0963714122772217,-0.04950493631374342,-0.04950493631374342,-0.04950493631374342
2023-08-25,ASM,AUSSTRATMATERIALS ORDINARY,-0.0163934426229508,1.7200000286102295,2.0640000343322753,False,,NOT_TRIGGERED,,1.4600000381469729,0.15116278263863647,0.15116278263863647,0.15116278263863647
2023-08-25,ASG,AUTOSPORTS GRP LTD. ORDINARY,-0.0163934426229508,2.169668912887573,2.6036026954650873,False,,NOT_TRIGGERED,,2.110109567642212,0.02745089118970434,0.02745089118970434,0.02745089118970434
2023-08-25,ASB,AUSTAL LIMITED ORDINARY,-0.0163934426229508,1.8792760372161863,2.2551312446594234,False,,NOT_TRIGGERED,,1.8799999952316284,-0.0003852323985966688,-0.0003852323985966688,-0.0003852323985966688
2023-08-25,ANG,AUSTIN ENGINEERING ORDINARY,-0.0163934426229508,0.2573470771312713,0.3088164925575256,False,,NOT_TRIGGERED,,0.2435606122016906,0.05357148440643966,0.05357148440643966,0.05357148440643966
2023-08-25,APX,APPEN LIMITED ORDINARY,-0.0163934426229508,2.037169933319092,2.44460391998291,False,,NOT_TRIGGERED,,1.1277190446853638,0.4464285839679514,0.4464285839679514,0.4464285839679514
2023-08-25,AMA,AMA GROUP LIMITED ORDINARY,-0.0163934426229508,0.9848340153694152,1.1818008184432982,False,,NOT_TRIGGERED,,0.3756209909915924,0.6185946208908153,0.6185946208908153,0.6185946208908153
2023-08-25,AIS,AERIS RESOURCES LTD ORDINARY,-0.0163934426229508,0.2478989958763122,0.29747879505157465,False,,NOT_TRIGGERED,,0.1716230064630508,0.3076897877041781,0.3076897877041781,0.3076897877041781
2023-08-25,AGY,ARGOSY MINERALS LTD ORDINARY,-0.0163934426229508,0.2549999952316284,0.3059999942779541,False,,NOT_TRIGGERED,,0.1949999928474426,0.23529413139668887,0.23529413139668887,0.23529413139668887
2023-08-25,ABY,ADORE BEAUTY ORDINARY,-0.0163934426229508,1.0099999904632568,1.211999988555908,False,,NOT_TRIGGERED,,0.7350000143051147,0.2722772066879009,0.2722772066879009,0.2722772066879009
2023-08-25,AQZ,ALLIANCE AVIATION ORDINARY,-0.0163934426229508,3.189625024795532,3.827550029754638,False,,NOT_TRIGGERED,,3.2093751430511475,-0.006191987491345197,-0.006191987491345197,-0.006191987491345197
2023-08-25,EXR,ELIXIR ENERGY LTD ORDINARY,-0.0163934426229508,0.0820000022649765,0.0984000027179718,False,,NOT_TRIGGERED,,0.0659999996423721,0.19512197781289886,0.19512197781289886,0.19512197781289886
2023-08-25,DMP,DOMINO PIZZA ENTERPR ORDINARY,-0.0163934426229508,47.527339935302734,57.03280792236328,False,,NOT_TRIGGERED,,49.26524353027344,-0.0365663973059811,-0.0365663973059811,-0.0365663973059811
2023-08-25,ELD,ELDERS LIMITED ORDINARY,-0.0163934426229508,5.5197367668151855,6.623684120178223,False,,NOT_TRIGGERED,,4.9234700202941895,0.10802448952018306,0.10802448952018306,0.10802448952018306
2023-08-25,DYL,DEEP YELLOW LIMITED ORDINARY,-0.0163934426229508,0.8999999761581421,1.0799999713897706,True,2023-09-14,STOPPED,1.1879999685287477,1.315000057220459,-0.46111121339562766,-0.32000000000000006,-0.30000000000000004
2023-08-25,DUB,DUBBER CORP LTD ORDINARY,-0.0163934426229508,0.1199999973177909,0.1439999967813491,True,2023-09-04,STOPPED,0.15839999645948402,0.1449999958276748,-0.2083333255723121,-0.3200000000000003,-0.2083333255723121
2023-08-25,BOE,BOSS ENERGY LTD ORDINARY,-0.0163934426229508,3.319999933242798,3.983999919891357,True,2023-09-06,STOPPED,4.382399911880493,4.849999904632568,-0.460843374142887,-0.32000000000000006,-0.30000000000000004
2023-08-25,CXL,CALIX LIMITED ORDINARY,-0.0163934426229508,4.239999771118164,5.087999725341796,False,,NOT_TRIGGERED,,2.819999933242798,0.33490564021914715,0.33490564021914715,0.33490564021914715
2023-08-25,AEF,AUSTRALIAN ETHICAL ORDINARY,-0.0163934426229508,3.867212057113648,4.640654468536377,True,2023-09-22,STOPPED,5.104719915390016,4.089335918426514,-0.057437724653416344,-0.32000000000000006,-0.057437724653416344
2023-08-25,CST,CASTILE RESOURCES ORDINARY,-0.0163934426229508,0.0630000010132789,0.07560000121593469,False,,NOT_TRIGGERED,,0.0509999990463256,0.1904762186340916,0.1904762186340916,0.1904762186340916
2023-08-25,CHN,CHALICE MINING LTD ORDINARY,-0.0163934426229508,4.929999828338623,5.915999794006347,False,,NOT_TRIGGERED,,2.319999933242798,0.5294117618611313,0.5294117618611313,0.5294117618611313
2023-08-25,BUB,BUBS AUST LTD ORDINARY,-0.0163934426229508,0.1800000071525573,0.21600000858306875,False,,NOT_TRIGGERED,,0.1650000065565109,0.08333333333333304,0.08333333333333304,0.08333333333333304
2023-08-25,BRU,BURU ENERGY ORDINARY,-0.0163934426229508,0.0939999967813491,0.11279999613761892,False,,NOT_TRIGGERED,,0.0920000001788139,0.021276560329968164,0.021276560329968164,0.021276560329968164
2023-08-25,BRN,BRAINCHIP LTD ORDINARY,-0.0163934426229508,0.324999988079071,0.3899999856948852,False,,NOT_TRIGGERED,,0.1899999976158142,0.4153846012770065,0.4153846012770065,0.4153846012770065
2023-08-25,BOQ,BANK OF QUEENSLAND. ORDINARY,-0.0163934426229508,4.940018653869629,5.928022384643555,False,,NOT_TRIGGERED,,4.814211368560791,0.025466965637931382,0.025466965637931382,0.025466965637931382
2023-08-25,CUV,CLINUVEL PHARMACEUT. ORDINARY,-0.0163934426229508,21.069616317749023,25.28353958129883,False,,NOT_TRIGGERED,,14.59109115600586,0.3074818764632966,0.3074818764632966,0.3074818764632966
2023-08-25,EML,EML PAYMENTS LTD ORDINARY,-0.0163934426229508,0.7749999761581421,0.9299999713897704,True,2023-08-29,STOPPED,1.0229999685287476,1.1749999523162842,-0.5161290173724087,-0.32000000000000006,-0.30000000000000004
2023-08-25,EVN,EVOLUTION MINING LTD ORDINARY,-0.0163934426229508,3.264298439025879,3.9171581268310547,False,,NOT_TRIGGERED,,3.1121153831481934,0.046620448074931375,0.046620448074931375,0.046620448074931375
2023-08-25,SRL,SUNRISE ORDINARY,-0.0163934426229508,1.0299999713897705,1.2359999656677245,False,,NOT_TRIGGERED,,0.7699999809265137,0.25242718221869553,0.25242718221869553,0.25242718221869553
2023-08-25,GLN,GALAN LITHIUM LTD ORDINARY,-0.0163934426229508,0.6700000166893005,0.8040000200271606,False,,NOT_TRIGGERED,,0.6549999713897705,0.022388126755056525,0.022388126755056525,0.022388126755056525
2023-08-25,NVX,NOVONIX LIMITED ORDINARY,-0.0163934426229508,1.090000033378601,1.3080000400543212,False,,NOT_TRIGGERED,,0.824999988079071,0.24311930016931005,0.24311930016931005,0.24311930016931005
2023-08-25,NUH,NUHEARA LIMITED ORDINARY,-0.0163934426229508,0.1732189953327179,0.20786279439926147,False,,NOT_TRIGGERED,,0.1534219980239868,0.11428883576368265,0.11428883576368265,0.11428883576368265
2023-08-25,NMT,NEOMETALS LTD ORDINARY,-0.0163934426229508,0.535332977771759,0.6423995733261109,False,,NOT_TRIGGERED,,0.3601329922676086,0.3272729175650515,0.3272729175650515,0.3272729175650515
2023-08-25,MYS,MYSTATE LIMITED ORDINARY,-0.0163934426229508,2.848918199539185,3.418701839447022,False,,NOT_TRIGGERED,,2.6920974254608154,0.05504572721804912,0.05504572721804912,0.05504572721804912
2023-08-25,MVP,MEDICAL DEVELOPMENTS ORDINARY,-0.0163934426229508,1.0850000381469729,1.3020000457763674,False,,NOT_TRIGGERED,,0.8500000238418579,0.21658986732061491,0.21658986732061491,0.21658986732061491
2023-08-25,MAD,MADER GROUP LIMITED ORDINARY,-0.0163934426229508,7.262401103973389,8.714881324768067,False,,NOT_TRIGGERED,,6.205681800842285,0.14550549990318684,0.14550549990318684,0.14550549990318684
2023-08-25,MME,MONEYME LIMITED ORDINARY,-0.0163934426229508,0.0640000030398368,0.07680000364780416,True,2023-08-31,STOPPED,0.08448000401258458,0.0649999976158142,-0.01562491450750314,-0.32000000000000006,-0.01562491450750314
2023-08-25,LKE,LAKE RESOURCES ORDINARY,-0.0163934426229508,0.2300000041723251,0.2760000050067901,False,,NOT_TRIGGERED,,0.1800000071525573,0.21739128744669867,0.21739128744669867,0.21739128744669867
2023-08-25,IXR,IONIC RARE EARTHS ORDINARY,-0.0163934426229508,0.5400000214576721,0.6480000257492066,True,2023-09-05,STOPPED,0.7128000283241273,0.6899999976158142,-0.27777772258829403,-0.32000000000000006,-0.27777772258829403
2023-08-25,HUB,HUB24 LTD ORDINARY,-0.0163934426229508,30.52117729187012,36.625412750244145,False,,NOT_TRIGGERED,,31.882041931152344,-0.0445875539553553,-0.0445875539553553,-0.0445875539553553
2023-08-25,OCC,ORTHOCELL LIMITED ORDINARY,-0.0163934426229508,0.3700000047683716,0.4440000057220459,False,,NOT_TRIGGERED,,0.375,-0.01351350045186761,-0.01351350045186761,-0.01351350045186761
2023-08-25,MSB,MESOBLAST LIMITED ORDINARY,-0.0163934426229508,0.4598509967327118,0.5518211960792542,False,,NOT_TRIGGERED,,0.3697769939899444,0.19587649778461358,0.19587649778461358,0.19587649778461358
2023-08-25,PDN,PALADIN ENERGY LTD ORDINARY,-0.0163934426229508,8.399999618530273,10.079999542236328,True,2023-09-19,STOPPED,11.087999496459961,11.0,-0.3095238689932991,-0.32000000000000006,-0.30000000000000004
2023-08-25,NXL,NUIX LIMITED ORDINARY,-0.0163934426229508,1.4850000143051147,1.7820000171661377,False,,NOT_TRIGGERED,,1.4249999523162842,0.04040408175814514,0.04040408175814514,0.04040408175814514
2023-08-25,BMN,BANNERMAN ENERGY LTD ORDINARY,-0.0163934426229508,2.0,2.4,True,2023-09-06,STOPPED,2.64,2.819999933242798,-0.4099999666213989,-0.32000000000000006,-0.30000000000000004
2023-08-25,PWH,PWR HOLDINGS LIMITED ORDINARY,-0.0163934426229508,10.005425453186035,12.006510543823241,False,,NOT_TRIGGERED,,10.752656936645508,-0.07468262963485794,-0.07468262963485794,-0.07468262963485794
2023-08-25,WTC,WISETECH GLOBAL LTD ORDINARY,-0.0163934426229508,71.13057708740234,85.35669250488282,False,,NOT_TRIGGERED,,64.65657043457031,0.0910158038627612,0.0910158038627612,0.0910158038627612
2023-08-25,VVA,VIVA LEISURE LIMITED ORDINARY,-0.0163934426229508,1.4199999570846558,1.7039999485015869,False,,NOT_TRIGGERED,,1.5950000286102295,-0.12323949071439366,-0.12323949071439366,-0.12323949071439366
2023-08-25,VUL,VULCAN ENERGY ORDINARY,-0.0163934426229508,3.319999933242798,3.983999919891357,False,,NOT_TRIGGERED,,2.890000104904175,0.12951802318821803,0.12951802318821803,0.12951802318821803
2023-08-25,SFR,SANDFIRE RESOURCES ORDINARY,-0.0163934426229508,6.269999980926514,7.523999977111816,False,,NOT_TRIGGERED,,6.159999847412109,0.017543880996655048,0.017543880996655048,0.017543880996655048
2023-08-25,TUA,TUAS LIMITED ORDINARY,-0.0163934426229508,1.9450000524520876,2.334000062942505,False,,NOT_TRIGGERED,,2.130000114440918,-0.09511571053974954,-0.09511571053974954,-0.09511571053974954
2023-08-25,TYR,TYRO PAYMENTS ORDINARY,-0.0163934426229508,1.1549999713897705,1.3859999656677247,True,2023-08-30,STOPPED,1.5245999622344972,1.3550000190734863,-0.17316021873408616,-0.32000000000000006,-0.17316021873408616
2023-08-25,SYR,SYRAH RESOURCES ORDINARY,-0.0163934426229508,0.5550000071525574,0.6660000085830688,True,2023-09-11,STOPPED,0.7326000094413758,0.5099999904632568,0.08108111010696084,-0.32000000000000006,0.08108111010696084
2023-08-25,GPR,GEOPACIFIC RESOURCES ORDINARY,-0.0163934426229508,0.0179999992251396,0.02159999907016752,False,,NOT_TRIGGERED,,0.0149999996647238,0.1666666494199548,0.1666666494199548,0.1666666494199548
2023-08-25,SPL,STARPHARMA HOLDINGS ORDINARY,-0.0163934426229508,0.1400000005960464,0.16800000071525567,True,2023-09-13,STOPPED,0.18480000078678124,0.1650000065565109,-0.1785714703859116,-0.32000000000000006,-0.1785714703859116
2023-08-25,SLX,SILEX SYSTEMS ORDINARY,-0.0163934426229508,3.319999933242798,3.983999919891357,False,,NOT_TRIGGERED,,3.5,-0.054216888667641516,-0.054216888667641516,-0.054216888667641516
2023-08-25,SHV,SELECT HARVESTS ORDINARY,-0.0163934426229508,4.230000019073486,5.076000022888183,False,,NOT_TRIGGERED,,4.010000228881836,0.05200940643017726,0.05200940643017726,0.05200940643017726
2023-08-25,SGR,THE STAR ENT GRP ORDINARY,-0.0163934426229508,0.873678982257843,1.0484147787094116,False,,NOT_TRIGGERED,,0.6100000143051147,0.301803034418093,0.301803034418093,0.301803034418093
2023-08-25,TLG,TALGA GROUP LTD ORDINARY,-0.0163934426229508,1.2050000429153442,1.446000051498413,True,2023-09-04,STOPPED,1.5906000566482545,1.1950000524520874,0.008298746976857507,-0.32000000000000006,0.008298746976857507
2023-09-29,BBN,BABY BUNTING GRP LTD ORDINARY,-0.0163934426229508,2.0963714122772217,2.5156456947326657,False,,NOT_TRIGGERED,,1.7601609230041504,0.16037734883431587,0.16037734883431587,0.16037734883431587
2023-09-29,ASM,AUSSTRATMATERIALS ORDINARY,-0.0163934426229508,1.4600000381469729,1.7520000457763674,True,2023-11-03,STOPPED,1.9272000503540043,1.7599999904632568,-0.20547941402593595,-0.32000000000000006,-0.20547941402593595
2023-09-29,ASB,AUSTAL LIMITED ORDINARY,-0.0163934426229508,1.8799999952316284,2.255999994277954,False,,NOT_TRIGGERED,,1.774999976158142,0.05585107411691759,0.05585107411691759,0.05585107411691759
2023-09-29,AQZ,ALLIANCE AVIATION ORDINARY,-0.0163934426229508,3.2093751430511475,3.851250171661377,False,,NOT_TRIGGERED,,2.9131250381469727,0.09230772088006212,0.09230772088006212,0.09230772088006212
2023-09-29,ANG,AUSTIN ENGINEERING ORDINARY,-0.0163934426229508,0.2435606122016906,0.2922727346420287,False,,NOT_TRIGGERED,,0.2251786887645721,0.07547165886533647,0.07547165886533647,0.07547165886533647
2023-09-29,GLN,GALAN LITHIUM LTD ORDINARY,-0.0163934426229508,0.6549999713897705,0.7859999656677246,False,,NOT_TRIGGERED,,0.6499999761581421,0.007633580839735754,0.007633580839735754,0.007633580839735754
2023-09-29,AIS,AERIS RESOURCES LTD ORDINARY,-0.0163934426229508,0.1716230064630508,0.20594760775566093,True,2023-10-11,STOPPED,0.22654236853122703,0.1477860063314438,0.13889163593424714,-0.31999999999999984,0.13889163593424714
2023-09-29,AGY,ARGOSY MINERALS LTD ORDINARY,-0.0163934426229508,0.1949999928474426,0.23399999141693112,False,,NOT_TRIGGERED,,0.1700000017881393,0.1282050870579362,0.1282050870579362,0.1282050870579362
2023-09-29,AEF,AUSTRALIAN ETHICAL ORDINARY,-0.0163934426229508,4.089335918426514,4.907203102111816,False,,NOT_TRIGGERED,,4.042115211486816,0.0115472800184796,0.0115472800184796,0.0115472800184796
2023-09-29,ABY,ADORE BEAUTY ORDINARY,-0.0163934426229508,0.7350000143051147,0.8820000171661376,True,2023-10-13,STOPPED,0.9702000188827514,1.0499999523162842,-0.4285713358917107,-0.31999999999999984,-0.30000000000000004
2023-09-29,88E,88 ENERGY LTD ORDINARY,-0.0163934426229508,0.1500000059604644,0.18000000715255726,False,,NOT_TRIGGERED,,0.1500000059604644,-0.0,-0.0,-0.0
2023-09-29,BGA,BEGA CHEESE LTD ORDINARY,-0.0163934426229508,2.396944284439087,2.876333141326904,False,,NOT_TRIGGERED,,2.663271427154541,-0.11111111111111116,-0.11111111111111116,-0.11111111111111116
2023-09-29,AMA,AMA GROUP LIMITED ORDINARY,-0.0163934426229508,0.3756209909915924,0.45074518918991086,True,2023-10-20,STOPPED,0.49581970810890197,0.5187150239944458,-0.3809532385959129,-0.32000000000000006,-0.30000000000000004
2023-09-29,BLX,BEACON LIGHTING GRP ORDINARY,-0.0163934426229508,1.720362663269043,2.0644351959228513,False,,NOT_TRIGGERED,,1.669216871261597,0.02972965706559716,0.02972965706559716,0.02972965706559716
2023-09-29,CXL,CALIX LIMITED ORDINARY,-0.0163934426229508,2.819999933242798,3.3839999198913575,False,,NOT_TRIGGERED,,3.0799999237060547,-0.09219858036105544,-0.09219858036105544,-0.09219858036105544
2023-09-29,BOE,BOSS ENERGY LTD ORDINARY,-0.0163934426229508,4.849999904632568,5.819999885559082,False,,NOT_TRIGGERED,,4.559999942779541,0.05979380774338339,0.05979380774338339,0.05979380774338339
2023-09-29,BMN,BANNERMAN ENERGY LTD ORDINARY,-0.0163934426229508,2.819999933242798,3.3839999198913575,False,,NOT_TRIGGERED,,2.640000104904175,0.06382972787224006,0.06382972787224006,0.06382972787224006
2023-09-29,EML,EML PAYMENTS LTD ORDINARY,-0.0163934426229508,1.1749999523162842,1.4099999427795409,False,,NOT_TRIGGERED,,1.1699999570846558,0.0042553152634362545,0.0042553152634362545,0.0042553152634362545
2023-09-29,ELD,ELDERS LIMITED ORDINARY,-0.0163934426229508,4.9234700202941895,5.908164024353027,False,,NOT_TRIGGERED,,5.281230449676514,-0.07266428512972789,-0.07266428512972789,-0.07266428512972789
2023-09-29,DYL,DEEP YELLOW LIMITED ORDINARY,-0.0163934426229508,1.315000057220459,1.5780000686645508,False,,NOT_TRIGGERED,,1.3250000476837158,-0.007604555154464343,-0.007604555154464343,-0.007604555154464343
2023-09-29,DMP,DOMINO PIZZA ENTERPR ORDINARY,-0.0163934426229508,49.26524353027344,59.118292236328124,False,,NOT_TRIGGERED,,48.12578582763672,0.023129038262776902,0.023129038262776902,0.023129038262776902
2023-09-29,EVN,EVOLUTION MINING LTD ORDINARY,-0.0163934426229508,3.1121153831481934,3.734538459777832,False,,NOT_TRIGGERED,,3.320220232009888,-0.06686925876481409,-0.06686925876481409,-0.06686925876481409
2023-09-29,CHN,CHALICE MINING LTD ORDINARY,-0.0163934426229508,2.319999933242798,2.7839999198913574,False,,NOT_TRIGGERED,,1.940000057220459,0.16379305472271766,0.16379305472271766,0.16379305472271766
2023-09-29,BVS,BRAVURA SOLUTION LTD ORDINARY,-0.0163934426229508,0.6142463088035583,0.73709557056427,True,2023-11-02,STOPPED,0.810805127620697,0.7090628743171692,-0.1543624506239143,-0.32000000000000006,-0.1543624506239143
2023-09-29,BUB,BUBS AUST LTD ORDINARY,-0.0163934426229508,0.1650000065565109,0.19800000786781308,False,,NOT_TRIGGERED,,0.1700000017881393,-0.030303000199675356,-0.030303000199675356,-0.030303000199675356
2023-09-29,BRU,BURU ENERGY ORDINARY,-0.0163934426229508,0.0920000001788139,0.11040000021457669,True,2023-10-18,STOPPED,0.12144000023603436,0.135000005364418,-0.4673913598046524,-0.32000000000000006,-0.30000000000000004
2023-09-29,BRN,BRAINCHIP LTD ORDINARY,-0.0163934426229508,0.1899999976158142,0.22799999713897703,False,,NOT_TRIGGERED,,0.1700000017881393,0.10526313725600944,0.10526313725600944,0.10526313725600944
2023-09-29,EXR,ELIXIR ENERGY LTD ORDINARY,-0.0163934426229508,0.0659999996423721,0.07919999957084652,False,,NOT_TRIGGERED,,0.0680000036954879,-0.030303091878076227,-0.030303091878076227,-0.030303091878076227
2023-09-29,APX,APPEN LIMITED ORDINARY,-0.0163934426229508,1.1277190446853638,1.3532628536224365,False,,NOT_TRIGGERED,,0.9412810206413268,0.1653231138754543,0.1653231138754543,0.1653231138754543
2023-09-29,DUB,DUBBER CORP LTD ORDINARY,-0.0163934426229508,0.1449999958276748,0.17399999499320976,True,2023-10-10,STOPPED,0.19139999449253076,0.1899999976158142,-0.3103448488482692,-0.32000000000000006,-0.30000000000000004
2023-09-29,GPR,GEOPACIFIC RESOURCES ORDINARY,-0.0163934426229508,0.0149999996647238,0.01799999959766856,False,,NOT_TRIGGERED,,0.0170000009238719,-0.13333342025677486,-0.13333342025677486,-0.13333342025677486
2023-09-29,OCC,ORTHOCELL LIMITED ORDINARY,-0.0163934426229508,0.375,0.44999999999999996,False,,NOT_TRIGGERED,,0.3799999952316284,-0.013333320617675781,-0.013333320617675781,-0.013333320617675781
2023-09-29,SLX,SILEX SYSTEMS ORDINARY,-0.0163934426229508,3.5,4.2,False,,NOT_TRIGGERED,,3.5799999237060547,-0.02285712105887283,-0.02285712105887283,-0.02285712105887283
2023-09-29,NMT,NEOMETALS LTD ORDINARY,-0.0163934426229508,0.3601329922676086,0.4321595907211303,False,,NOT_TRIGGERED,,0.2384659945964813,0.3378390769061188,0.3378390769061188,0.3378390769061188
2023-09-29,MYS,MYSTATE LIMITED ORDINARY,-0.0163934426229508,2.6920974254608154,3.2305169105529785,False,,NOT_TRIGGERED,,2.613686800003052,0.02912622133069398,0.02912622133069398,0.02912622133069398
2023-09-29,MVP,MEDICAL DEVELOPMENTS ORDINARY,-0.0163934426229508,0.8500000238418579,1.0200000286102295,False,,NOT_TRIGGERED,,0.8050000071525574,0.05294119462009894,0.05294119462009894,0.05294119462009894
2023-09-29,MSB,MESOBLAST LIMITED ORDINARY,-0.0163934426229508,0.3697769939899444,0.44373239278793325,False,,NOT_TRIGGERED,,0.350814014673233,0.05128220420664431,0.05128220420664431,0.05128220420664431
2023-09-29,MAD,MADER GROUP LIMITED ORDINARY,-0.0163934426229508,6.205681800842285,7.446818161010742,False,,NOT_TRIGGERED,,6.643386363983154,-0.07053287248493145,-0.07053287248493145,-0.07053287248493145
2023-09-29,ILU,ILUKA RESOURCES ORDINARY,-0.0163934426229508,7.457127571105957,8.948553085327148,False,,NOT_TRIGGERED,,7.243512153625488,0.028645804358793825,0.028645804358793825,0.028645804358793825
2023-09-29,LVT,LIVETILES LIMITED ORDINARY,-0.0163934426229508,0.0099999997764825,0.011999999731779001,False,,NOT_TRIGGERED,,0.0049999998882412,0.5000000000000051,0.5000000000000051,0.5000000000000051
2023-09-29,KAR,KAROON ENERGY LTD ORDINARY,-0.0163934426229508,2.3902747631073,2.8683297157287595,False,,NOT_TRIGGERED,,2.281625747680664,0.04545461346267765,0.04545461346267765,0.04545461346267765
2023-09-29,IXR,IONIC RARE EARTHS ORDINARY,-0.0163934426229508,0.6899999976158142,0.827999997138977,False,,NOT_TRIGGERED,,0.6000000238418579,0.13043474505063324,0.13043474505063324,0.13043474505063324
2023-09-29,IMU,IMUGENE LIMITED ORDINARY,-0.0163934426229508,1.5640000104904177,1.8768000125885012,False,,NOT_TRIGGERED,,1.631999969482422,-0.04347823435799203,-0.04347823435799203,-0.04347823435799203
2023-09-29,NUH,NUHEARA LIMITED ORDINARY,-0.0163934426229508,0.1534219980239868,0.18410639762878414,False,,NOT_TRIGGERED,,0.1299999952316284,0.15266391452349926,0.15266391452349926,0.15266391452349926
2023-09-29,M7T,MACH7 TECH LIMITED ORDINARY,-0.0163934426229508,0.7950000166893005,0.9540000200271606,False,,NOT_TRIGGERED,,0.675000011920929,0.15094339905563747,0.15094339905563747,0.15094339905563747
2023-09-29,NXL,NUIX LIMITED ORDINARY,-0.0163934426229508,1.4249999523162842,1.709999942779541,False,,NOT_TRIGGERED,,1.475000023841858,-0.03508777066574664,-0.03508777066574664,-0.03508777066574664
2023-09-29,LKE,LAKE RESOURCES ORDINARY,-0.0163934426229508,0.1800000071525573,0.21600000858306875,False,,NOT_TRIGGERED,,0.1650000065565109,0.08333333333333304,0.08333333333333304,0.08333333333333304
2023-09-29,PDN,PALADIN ENERGY LTD ORDINARY,-0.0163934426229508,11.0,13.2,False,,NOT_TRIGGERED,,10.050000190734863,0.08636361902410339,0.08636361902410339,0.08636361902410339
2023-09-29,VVA,VIVA LEISURE LIMITED ORDINARY,-0.0163934426229508,1.5950000286102295,1.9140000343322754,False,,NOT_TRIGGERED,,1.3899999856948853,0.12852667036875653,0.12852667036875653,0.12852667036875653
2023-09-29,VUL,VULCAN ENERGY ORDINARY,-0.0163934426229508,2.890000104904175,3.4680001258850095,False,,NOT_TRIGGERED,,2.3499999046325684,0.18685127358827947,0.18685127358827947,0.18685127358827947
2023-09-29,TYR,TYRO PAYMENTS ORDINARY,-0.0163934426229508,1.3550000190734863,1.6260000228881835,False,,NOT_TRIGGERED,,0.9100000262260436,0.32841327423133326,0.32841327423133326,0.32841327423133326
2023-09-29,TLG,TALGA GROUP LTD ORDINARY,-0.0163934426229508,1.1950000524520874,1.434000062942505,False,,NOT_TRIGGERED,,1.0950000286102295,0.08368202464649455,0.08368202464649455,0.08368202464649455
2023-09-29,SYR,SYRAH RESOURCES ORDINARY,-0.0163934426229508,0.5099999904632568,0.6119999885559082,True,2023-10-23,STOPPED,0.6731999874114991,0.7599999904632568,-0.49019608759779243,-0.3200000000000003,-0.30000000000000004
2023-09-29,SXL,STHN CROSS MEDIA ORDINARY,-0.0163934426229508,0.7160295844078064,0.8592355012893677,True,2023-10-23,STOPPED,0.9451590514183045,0.8714834451675415,-0.21710536009249326,-0.32000000000000006,-0.21710536009249326
2023-09-29,HUB,HUB24 LTD ORDINARY,-0.0163934426229508,31.882041931152344,38.25845031738281,False,,NOT_TRIGGERED,,31.636795043945312,0.007692320577729284,0.007692320577729284,0.007692320577729284
2023-09-29,SPL,STARPHARMA HOLDINGS ORDINARY,-0.0163934426229508,0.1650000065565109,0.19800000786781308,False,,NOT_TRIGGERED,,0.1400000005960464,0.1515151816185064,0.1515151816185064,0.1515151816185064
2023-09-29,SHV,SELECT HARVESTS ORDINARY,-0.0163934426229508,4.010000228881836,4.812000274658203,False,,NOT_TRIGGERED,,4.070000171661377,-0.014962578392737846,-0.014962578392737846,-0.014962578392737846
2023-09-29,SGR,THE STAR ENT GRP ORDINARY,-0.0163934426229508,0.6100000143051147,0.7320000171661377,False,,NOT_TRIGGERED,,0.5600000023841858,0.08196723073504641,0.08196723073504641,0.08196723073504641
2023-09-29,PPK,PPK GROUP LIMITED ORDINARY,-0.0163934426229508,0.8199999928474426,0.9839999914169311,True,2023-10-17,STOPPED,1.0823999905586243,0.9800000190734864,-0.19512198490446941,-0.32000000000000006,-0.19512198490446941
2023-09-29,PET,PHOSLOCK ENV TEC LTD ORDINARY,-0.0163934426229508,0.025000000372529,0.030000000447034797,False,,NOT_TRIGGERED,,0.025000000372529,-0.0,-0.0,-0.0
2023-09-29,SRL,SUNRISE ORDINARY,-0.0163934426229508,0.7699999809265137,0.9239999771118164,False,,NOT_TRIGGERED,,0.7049999833106995,0.08441558341027755,0.08441558341027755,0.08441558341027755
2023-10-27,BGA,BEGA CHEESE LTD ORDINARY,-0.0163934426229508,2.7488763332366943,3.298651599884033,False,,NOT_TRIGGERED,,2.9200868606567383,-0.06228382315709724,-0.06228382315709724,-0.06228382315709724
2023-10-27,AZJ,AURIZON HOLDINGS LTD ORDINARY,-0.0163934426229508,3.013934373855591,3.6167212486267086,False,,NOT_TRIGGERED,,3.1196861267089844,-0.03508760966089319,-0.03508760966089319,-0.03508760966089319
2023-10-27,ASM,AUSSTRATMATERIALS ORDINARY,-0.0163934426229508,1.3350000381469729,1.6020000457763675,True,2023-11-03,STOPPED,1.7622000503540043,1.399999976158142,-0.04868909075193084,-0.32000000000000006,-0.04868909075193084
2023-10-27,ARB,ARB CORPORATION. ORDINARY,-0.0163934426229508,28.12005424499512,33.744065093994145,False,,NOT_TRIGGERED,,29.62916374206543,-0.05366666379524876,-0.05366666379524876,-0.05366666379524876
2023-10-27,AQZ,ALLIANCE AVIATION ORDINARY,-0.0163934426229508,2.962500095367432,3.5550001144409182,False,,NOT_TRIGGERED,,2.844000101089477,0.039999996780846536,0.039999996780846536,0.039999996780846536
2023-10-27,APX,APPEN LIMITED ORDINARY,-0.0163934426229508,0.8185049891471863,0.9822059869766235,True,2023-11-06,STOPPED,1.080426585674286,0.5899999737739563,0.27917363779457605,-0.3200000000000003,0.27917363779457605
2023-10-27,AIS,AERIS RESOURCES LTD ORDINARY,-0.0163934426229508,0.1525530070066452,0.18306360840797423,False,,NOT_TRIGGERED,,0.1150000020861625,0.2461636493264725,0.2461636493264725,0.2461636493264725
2023-10-27,AMA,AMA GROUP LIMITED ORDINARY,-0.0163934426229508,0.5634310245513916,0.6761172294616699,True,2023-11-14,STOPPED,0.7437289524078369,0.6081479787826538,-0.07936544542762136,-0.31999999999999984,-0.07936544542762136
2023-10-27,AGY,ARGOSY MINERALS LTD ORDINARY,-0.0163934426229508,0.1700000017881393,0.20400000214576713,True,2023-11-28,STOPPED,0.22440000236034385,0.1650000065565109,0.029411736347271233,-0.32000000000000006,0.029411736347271233
2023-10-27,AEF,AUSTRALIAN ETHICAL ORDINARY,-0.0163934426229508,3.626570701599121,4.351884841918945,True,2023-11-09,STOPPED,4.78707332611084,4.570990085601807,-0.260416647491871,-0.32000000000000006,-0.260416647491871
2023-10-27,ABY,ADORE BEAUTY ORDINARY,-0.0163934426229508,0.9100000262260436,1.0920000314712524,True,2023-11-27,STOPPED,1.2012000346183778,1.1449999809265137,-0.25824170101957367,-0.3200000000000003,-0.25824170101957367
2023-10-27,BRN,BRAINCHIP LTD ORDINARY,-0.0163934426229508,0.1700000017881393,0.20400000214576713,True,2023-11-08,STOPPED,0.22440000236034385,0.2049999982118606,-0.2058823297386767,-0.32000000000000006,-0.2058823297386767
2023-10-27,ANG,AUSTIN ENGINEERING ORDINARY,-0.0163934426229508,0.2389651387929916,0.2867581665515899,True,2023-12-01,STOPPED,0.3154339832067489,0.2803245186805725,-0.1730770441935019,-0.32000000000000006,-0.1730770441935019
2023-10-27,IXR,IONIC RARE EARTHS ORDINARY,-0.0163934426229508,0.6000000238418579,0.7200000286102295,True,2023-11-10,STOPPED,0.7920000314712525,0.6299999952316284,-0.04999995032946458,-0.32000000000000006,-0.04999995032946458
2023-10-27,88E,88 ENERGY LTD ORDINARY,-0.0163934426229508,0.1500000059604644,0.18000000715255726,False,,NOT_TRIGGERED,,0.125,0.16666669978035642,0.16666669978035642,0.16666669978035642
2023-10-27,BUB,BUBS AUST LTD ORDINARY,-0.0163934426229508,0.1650000065565109,0.19800000786781308,False,,NOT_TRIGGERED,,0.1199999973177909,0.2727273178823052,0.2727273178823052,0.2727273178823052
2023-10-27,GPR,GEOPACIFIC RESOURCES ORDINARY,-0.0163934426229508,0.0149999996647238,0.01799999959766856,True,2023-11-16,STOPPED,0.019799999557435416,0.0179999992251396,-0.19999997516473544,-0.32000000000000006,-0.19999997516473544
2023-10-27,GLN,GALAN LITHIUM LTD ORDINARY,-0.0163934426229508,0.6549999713897705,0.7859999656677246,True,2023-11-16,STOPPED,0.8999999761581421,0.6150000095367432,0.06106864671788603,-0.37404582514489837,0.06106864671788603
2023-10-27,FBR,FBR LTD ORDINARY,-0.0163934426229508,0.0240000002086162,0.02880000025033944,False,,NOT_TRIGGERED,,0.0199999995529651,0.1666666925367386,0.1666666925367386,0.1666666925367386
2023-10-27,EXR,ELIXIR ENERGY LTD ORDINARY,-0.0163934426229508,0.0649999976158142,0.07799999713897703,True,2023-11-09,STOPPED,0.08579999685287473,0.0920000001788139,-0.41538467005159907,-0.31999999999999984,-0.30000000000000004
2023-10-27,EVN,EVOLUTION MINING LTD ORDINARY,-0.0163934426229508,3.3958945274353027,4.0750734329223635,False,,NOT_TRIGGERED,,3.821563959121704,-0.1253482486712807,-0.1253482486712807,-0.1253482486712807
2023-10-27,ILU,ILUKA RESOURCES ORDINARY,-0.0163934426229508,7.224092483520508,8.66891098022461,False,,NOT_TRIGGERED,,6.631794452667236,0.08198926470064061,0.08198926470064061,0.08198926470064061
2023-10-27,DUB,DUBBER CORP LTD ORDINARY,-0.0163934426229508,0.1700000017881393,0.20400000214576713,False,,NOT_TRIGGERED,,0.1599999964237213,0.05882356034843095,0.05882356034843095,0.05882356034843095
2023-10-27,DMP,DOMINO PIZZA ENTERPR ORDINARY,-0.0163934426229508,46.356388092041016,55.627665710449214,False,,NOT_TRIGGERED,,48.80204772949219,-0.05275776949220656,-0.05275776949220656,-0.05275776949220656
2023-10-27,CXL,CALIX LIMITED ORDINARY,-0.0163934426229508,2.819999933242798,3.3839999198913575,True,2023-11-09,STOPPED,3.7223999118804936,3.470000028610229,-0.23049649317543697,-0.32000000000000006,-0.23049649317543697
2023-10-27,CUV,CLINUVEL PHARMACEUT. ORDINARY,-0.0163934426229508,15.18624210357666,18.223490524291993,False,,NOT_TRIGGERED,,17.62635612487793,-0.1606792519609952,-0.1606792519609952,-0.1606792519609952
2023-10-27,CST,CASTILE RESOURCES ORDINARY,-0.0163934426229508,0.0640000030398368,0.07680000364780416,False,,NOT_TRIGGERED,,0.0610000006854534,0.046875034560796,0.046875034560796,0.046875034560796
2023-10-27,DYL,DEEP YELLOW LIMITED ORDINARY,-0.0163934426229508,1.2699999809265137,1.5239999771118165,False,,NOT_TRIGGERED,,1.0149999856948853,0.200787400835704,0.200787400835704,0.200787400835704
2023-10-27,CHN,CHALICE MINING LTD ORDINARY,-0.0163934426229508,1.8450000286102293,2.214000034332275,False,,NOT_TRIGGERED,,1.3949999809265137,0.2439024610870516,0.2439024610870516,0.2439024610870516
2023-10-27,IMU,IMUGENE LIMITED ORDINARY,-0.0163934426229508,1.3940000534057615,1.6728000640869138,True,2023-11-06,STOPPED,1.8400800704956053,3.400000095367432,-1.4390243652148338,-0.32000000000000006,-0.30000000000000004
2023-10-27,MYS,MYSTATE LIMITED ORDINARY,-0.0163934426229508,2.552700519561768,3.0632406234741216,False,,NOT_TRIGGERED,,2.6485354900360107,-0.03754258274319433,-0.03754258274319433,-0.03754258274319433
2023-10-27,JMS,JUPITER MINES. ORDINARY,-0.0163934426229508,0.1595225036144256,0.19142700433731072,False,,NOT_TRIGGERED,,0.1469286233186721,0.07894735858831292,0.07894735858831292,0.07894735858831292
2023-10-27,OMH,OM HOLDINGS LIMITED ORDINARY,-0.0163934426229508,0.4184888899326324,0.5021866679191589,False,,NOT_TRIGGERED,,0.4375111162662506,-0.045454555165563404,-0.045454555165563404,-0.045454555165563404
2023-10-27,OCC,ORTHOCELL LIMITED ORDINARY,-0.0163934426229508,0.3300000131130218,0.39600001573562615,True,2023-11-09,STOPPED,0.4356000173091888,0.3849999904632568,-0.16666659140827988,-0.32000000000000006,-0.16666659140827988
2023-10-27,NXL,NUIX LIMITED ORDINARY,-0.0163934426229508,1.3700000047683716,1.6440000057220459,True,2023-11-15,STOPPED,1.8084000062942507,1.850000023841858,-0.3503649762064349,-0.32000000000000006,-0.30000000000000004
2023-10-27,NVX,NOVONIX LIMITED ORDINARY,-0.0163934426229508,0.7250000238418579,0.8700000286102295,False,,NOT_TRIGGERED,,0.6850000023841858,0.05517244157552914,0.05517244157552914,0.05517244157552914
2023-10-27,NUH,NUHEARA LIMITED ORDINARY,-0.0163934426229508,0.1299999952316284,0.15599999427795405,False,,NOT_TRIGGERED,,0.1299999952316284,-0.0,-0.0,-0.0
2023-10-27,NMT,NEOMETALS LTD ORDINARY,-0.0163934426229508,0.3065989911556244,0.36791878938674927,False,,NOT_TRIGGERED,,0.1899999976158142,0.380298033924797,0.380298033924797,0.380298033924797
2023-10-27,MAD,MADER GROUP LIMITED ORDINARY,-0.0163934426229508,5.845790863037109,7.014949035644531,False,,NOT_TRIGGERED,,6.71147346496582,-0.1480864817457661,-0.1480864817457661,-0.1480864817457661
2023-10-27,MVP,MEDICAL DEVELOPMENTS ORDINARY,-0.0163934426229508,0.8500000238418579,1.0200000286102295,False,,NOT_TRIGGERED,,0.7799999713897705,0.08235300057486927,0.08235300057486927,0.08235300057486927
2023-10-27,M7T,MACH7 TECH LIMITED ORDINARY,-0.0163934426229508,0.6499999761581421,0.7799999713897705,False,,NOT_TRIGGERED,,0.7250000238418579,-0.11538469297646348,-0.11538469297646348,-0.11538469297646348
2023-10-27,LVT,LIVETILES LIMITED ORDINARY,-0.0163934426229508,0.006000000052154,0.0072000000625848,False,,NOT_TRIGGERED,,0.0049999998882412,0.16666669253674427,0.16666669253674427,0.16666669253674427
2023-10-27,LKE,LAKE RESOURCES ORDINARY,-0.0163934426229508,0.1700000017881393,0.20400000214576713,False,,NOT_TRIGGERED,,0.1299999952316284,0.2352941537398363,0.2352941537398363,0.2352941537398363
2023-10-27,PDN,PALADIN ENERGY LTD ORDINARY,-0.0163934426229508,9.649999618530272,11.579999542236326,False,,NOT_TRIGGERED,,10.350000381469728,-0.07253894203221423,-0.07253894203221423,-0.07253894203221423
2023-10-27,PNV,POLYNOVO LIMITED ORDINARY,-0.0163934426229508,1.1399999856948853,1.3679999828338623,True,2023-11-08,STOPPED,1.5047999811172486,1.3899999856948853,-0.21929824836586542,-0.32000000000000006,-0.21929824836586542
2023-10-27,KAR,KAROON ENERGY LTD ORDINARY,-0.0163934426229508,2.2997334003448486,2.759680080413818,False,,NOT_TRIGGERED,,1.874439001083374,0.18493204438292765,0.18493204438292765,0.18493204438292765
2023-10-27,BBN,BABY BUNTING GRP LTD ORDINARY,-0.0163934426229508,1.621721267700195,1.946065521240234,True,2023-11-21,STOPPED,2.1406720733642577,1.621721267700195,-0.0,-0.32000000000000006,-0.0
2023-10-27,SHV,SELECT HARVESTS ORDINARY,-0.0163934426229508,3.849999904632568,4.619999885559081,False,,NOT_TRIGGERED,,3.25,0.15584413493377214,0.15584413493377214,0.15584413493377214
2023-10-27,SGR,THE STAR ENT GRP ORDINARY,-0.0163934426229508,0.5950000286102295,0.7140000343322753,False,,NOT_TRIGGERED,,0.5099999904632568,0.1428572001004964,0.1428572001004964,0.1428572001004964
2023-10-27,WAF,WEST AFRICAN RES LTD ORDINARY,-0.0163934426229508,0.7400000095367432,0.8880000114440918,True,2023-11-29,STOPPED,0.976800012588501,0.9300000071525574,-0.2567567502259338,-0.32000000000000006,-0.2567567502259338
2023-10-27,VVA,VIVA LEISURE LIMITED ORDINARY,-0.0163934426229508,1.399999976158142,1.6799999713897704,False,,NOT_TRIGGERED,,1.409999966621399,-0.007142850452539706,-0.007142850452539706,-0.007142850452539706
2023-10-27,VUL,VULCAN ENERGY ORDINARY,-0.0163934426229508,2.220000028610229,2.664000034332275,True,2023-11-16,STOPPED,2.930400037765503,2.440000057220459,-0.09909911070945121,-0.3200000000000003,-0.09909911070945121
2023-10-27,TYR,TYRO PAYMENTS ORDINARY,-0.0163934426229508,0.8799999952316284,1.055999994277954,True,2023-11-15,STOPPED,1.1615999937057495,1.0399999618530271,-0.1818181448731535,-0.32000000000000006,-0.1818181448731535
2023-10-27,TPG,TPG TELECOM LIMITED. ORDINARY,-0.0163934426229508,4.691279888153076,5.629535865783692,False,,NOT_TRIGGERED,,4.265623569488525,0.09073351597278678,0.09073351597278678,0.09073351597278678
2023-10-27,PPK,PPK GROUP LIMITED ORDINARY,-0.0163934426229508,0.9800000190734864,1.1760000228881837,True,2023-11-20,STOPPED,1.2936000251770021,0.9700000286102296,0.010204071702683226,-0.32000000000000006,0.010204071702683226
2023-10-27,SYR,SYRAH RESOURCES ORDINARY,-0.0163934426229508,0.7049999833106995,0.8459999799728394,False,,NOT_TRIGGERED,,0.5849999785423279,0.17021277675050184,0.17021277675050184,0.17021277675050184
2023-10-27,SXL,STHN CROSS MEDIA ORDINARY,-0.0163934426229508,0.8432190418243408,1.0118628501892089,False,,NOT_TRIGGERED,,0.9751192927360536,-0.15642465880080314,-0.15642465880080314,-0.15642465880080314
2023-10-27,SRL,SUNRISE ORDINARY,-0.0163934426229508,0.7599999904632568,0.9119999885559081,False,,NOT_TRIGGERED,,0.6000000238418579,0.21052627451201833,0.21052627451201833,0.21052627451201833
2023-10-27,SPL,STARPHARMA HOLDINGS ORDINARY,-0.0163934426229508,0.1400000005960464,0.16800000071525567,False,,NOT_TRIGGERED,,0.1400000005960464,-0.0,-0.0,-0.0
2023-10-27,SLX,SILEX SYSTEMS ORDINARY,-0.0163934426229508,3.2100000381469727,3.852000045776367,False,,NOT_TRIGGERED,,3.2799999713897705,-0.021806832526770403,-0.021806832526770403,-0.021806832526770403
2023-10-27,TLG,TALGA GROUP LTD ORDINARY,-0.0163934426229508,1.100000023841858,1.3200000286102294,False,,NOT_TRIGGERED,,0.9649999737739564,0.12272731558350392,0.12272731558350392,0.12272731558350392
2023-11-24,BGA,BEGA CHEESE LTD ORDINARY,-0.0166666666666666,2.9200868606567383,3.504104232788086,False,,NOT_TRIGGERED,,3.367135763168335,-0.1530943851482054,-0.1530943851482054,-0.1530943851482054
2023-11-24,BBN,BABY BUNTING GRP LTD ORDINARY,-0.0166666666666666,1.779937982559204,2.1359255790710447,False,,NOT_TRIGGERED,,1.9777089357376096,-0.11111114831880231,-0.11111114831880231,-0.11111114831880231
2023-11-24,ASM,AUSSTRATMATERIALS ORDINARY,-0.0166666666666666,1.4800000190734863,1.7760000228881836,False,,NOT_TRIGGERED,,1.2699999809265137,0.14189191583824268,0.14189191583824268,0.14189191583824268
2023-11-24,APX,APPEN LIMITED ORDINARY,-0.0166666666666666,0.6000000238418579,0.7200000286102295,True,2023-12-08,STOPPED,0.7920000314712525,0.6299999952316284,-0.04999995032946458,-0.32000000000000006,-0.04999995032946458
2023-11-24,ANG,AUSTIN ENGINEERING ORDINARY,-0.0166666666666666,0.2481561154127121,0.2977873384952545,True,2023-12-11,STOPPED,0.32756607234477997,0.3033019006252289,-0.2222221488307996,-0.32000000000000006,-0.2222221488307996
2023-11-24,AGY,ARGOSY MINERALS LTD ORDINARY,-0.0166666666666666,0.1599999964237213,0.19199999570846557,True,2023-11-28,STOPPED,0.21119999527931216,0.135000005364418,0.15624994761310418,-0.32000000000000006,0.15624994761310418
2023-11-24,88E,88 ENERGY LTD ORDINARY,-0.0166666666666666,0.1500000059604644,0.18000000715255726,False,,NOT_TRIGGERED,,0.125,0.16666669978035642,0.16666669978035642,0.16666669978035642
2023-11-24,AEF,AUSTRALIAN ETHICAL ORDINARY,-0.0166666666666666,4.382106304168701,5.258527565002441,False,,NOT_TRIGGERED,,5.109309196472168,-0.16594825452127404,-0.16594825452127404,-0.16594825452127404
2023-11-24,ADH,ADAIRS LIMITED ORDINARY,-0.0166666666666666,1.3006051778793335,1.5607262134552002,True,2023-12-14,STOPPED,1.7167988348007204,1.5799298286437988,-0.2147651381950597,-0.32000000000000006,-0.2147651381950597
2023-11-24,ABY,ADORE BEAUTY ORDINARY,-0.0166666666666666,0.9350000023841858,1.1220000028610229,True,2023-11-27,STOPPED,1.2342000031471252,1.399999976158142,-0.49732617389116407,-0.31999999999999984,-0.30000000000000004
2023-11-24,BMN,BANNERMAN ENERGY LTD ORDINARY,-0.0166666666666666,2.789999961853028,3.347999954223633,False,,NOT_TRIGGERED,,2.690000057220459,0.03584226021499737,0.03584226021499737,0.03584226021499737
2023-11-24,AMA,AMA GROUP LIMITED ORDINARY,-0.0166666666666666,0.6886389851570129,0.8263667821884155,False,,NOT_TRIGGERED,,0.6260349750518799,0.09090976760611225,0.09090976760611225,0.09090976760611225
2023-11-24,IRE,IRESS LIMITED ORDINARY,-0.0166666666666666,5.628429412841797,6.754115295410156,True,2023-11-30,STOPPED,7.429526824951172,7.814599514007568,-0.38841565573831605,-0.32000000000000006,-0.30000000000000004
2023-11-24,EML,EML PAYMENTS LTD ORDINARY,-0.0166666666666666,1.1050000190734863,1.3260000228881836,False,,NOT_TRIGGERED,,0.7900000214576721,0.28506786622495583,0.28506786622495583,0.28506786622495583
2023-11-24,BOE,BOSS ENERGY LTD ORDINARY,-0.0166666666666666,4.409999847412109,5.291999816894531,False,,NOT_TRIGGERED,,4.03000020980835,0.08616772125893668,0.08616772125893668,0.08616772125893668
2023-11-24,ILU,ILUKA RESOURCES ORDINARY,-0.0166666666666666,6.699763774871826,8.03971652984619,False,,NOT_TRIGGERED,,6.408469200134277,0.04347833513624466,0.04347833513624466,0.04347833513624466
2023-11-24,GPR,GEOPACIFIC RESOURCES ORDINARY,-0.0166666666666666,0.0149999996647238,0.01799999959766856,True,2023-11-28,STOPPED,0.019799999557435416,0.0199999995529651,-0.3333333333333357,-0.32000000000000006,-0.30000000000000004
2023-11-24,GLN,GALAN LITHIUM LTD ORDINARY,-0.0166666666666666,0.6349999904632568,0.7619999885559082,False,,NOT_TRIGGERED,,0.6899999976158142,-0.08661418579303093,-0.08661418579303093,-0.08661418579303093
2023-11-24,4DX,4DMEDICAL LIMITED ORDINARY,-0.0166666666666666,0.925000011920929,1.1100000143051147,False,,NOT_TRIGGERED,,0.7149999737739563,0.22702706534118822,0.22702706534118822,0.22702706534118822
2023-11-24,DYL,DEEP YELLOW LIMITED ORDINARY,-0.0166666666666666,1.184999942779541,1.4219999313354492,False,,NOT_TRIGGERED,,1.090000033378601,0.08016870378753582,0.08016870378753582,0.08016870378753582
2023-11-24,EVN,EVOLUTION MINING LTD ORDINARY,-0.0166666666666666,3.4810285568237305,4.177234268188476,False,,NOT_TRIGGERED,,3.745889186859131,-0.07608688803089647,-0.07608688803089647,-0.07608688803089647
2023-11-24,DMP,DOMINO PIZZA ENTERPR ORDINARY,-0.0166666666666666,48.199893951416016,57.83987274169922,False,,NOT_TRIGGERED,,54.60122680664063,-0.13280802778688594,-0.13280802778688594,-0.13280802778688594
2023-11-24,CXL,CALIX LIMITED ORDINARY,-0.0166666666666666,3.369999885559082,4.043999862670899,False,,NOT_TRIGGERED,,3.430000066757202,-0.017804208675266997,-0.017804208675266997,-0.017804208675266997
2023-11-24,CUV,CLINUVEL PHARMACEUT. ORDINARY,-0.0166666666666666,16.862579345703125,20.23509521484375,False,,NOT_TRIGGERED,,15.8706636428833,0.05882348616331823,0.05882348616331823,0.05882348616331823
2023-11-24,CHN,CHALICE MINING LTD ORDINARY,-0.0166666666666666,1.4700000286102295,1.7640000343322753,True,2023-12-15,STOPPED,1.9404000377655028,1.6950000524520874,-0.15306123772975555,-0.31999999999999984,-0.15306123772975555
2023-11-24,BUB,BUBS AUST LTD ORDINARY,-0.0166666666666666,0.135000005364418,0.16200000643730159,False,,NOT_TRIGGERED,,0.1299999952316284,0.03703711062301529,0.03703711062301529,0.03703711062301529
2023-11-24,DUB,DUBBER CORP LTD ORDINARY,-0.0166666666666666,0.1500000059604644,0.18000000715255726,False,,NOT_TRIGGERED,,0.1550000011920929,-0.03333330021964365,-0.03333330021964365,-0.03333330021964365
2023-11-24,BRN,BRAINCHIP LTD ORDINARY,-0.0166666666666666,0.2000000029802322,0.24000000357627865,True,2023-11-29,STOPPED,0.26400000393390655,0.1700000017881393,0.15000000372529043,-0.32000000000000006,0.15000000372529043
2023-11-24,IMU,IMUGENE LIMITED ORDINARY,-0.0166666666666666,2.8559999465942383,3.427199935913086,True,2023-11-28,STOPPED,3.9100000858306885,3.740000009536743,-0.30952383735044164,-0.3690476747008833,-0.30000000000000004
2023-11-24,AIS,AERIS RESOURCES LTD ORDINARY,-0.0166666666666666,0.1430190056562423,0.17162280678749073,False,,NOT_TRIGGERED,,0.1449999958276748,-0.01385123719985848,-0.01385123719985848,-0.01385123719985848
2023-11-24,IXR,IONIC RARE EARTHS ORDINARY,-0.0166666666666666,0.6000000238418579,0.7200000286102295,True,2023-12-27,STOPPED,0.7920000314712525,0.7799999713897705,-0.29999990065892934,-0.32000000000000006,-0.29999990065892934
2023-11-24,OMH,OM HOLDINGS LIMITED ORDINARY,-0.0166666666666666,0.4708000123500824,0.5649600148200988,False,,NOT_TRIGGERED,,0.423244446516037,0.10101012019235789,0.10101012019235789,0.10101012019235789
2023-11-24,OCC,ORTHOCELL LIMITED ORDINARY,-0.0166666666666666,0.4050000011920929,0.4860000014305115,False,,NOT_TRIGGERED,,0.4099999964237213,-0.012345667202249944,-0.012345667202249944,-0.012345667202249944
2023-11-24,NXL,NUIX LIMITED ORDINARY,-0.0166666666666666,1.600000023841858,1.9200000286102294,True,2023-12-04,STOPPED,2.1120000314712524,1.8949999809265137,-0.18437497043050866,-0.32000000000000006,-0.18437497043050866
2023-11-24,NMT,NEOMETALS LTD ORDINARY,-0.0166666666666666,0.2249999940395355,0.2699999928474426,False,,NOT_TRIGGERED,,0.209999993443489,0.06666667108182589,0.06666667108182589,0.06666667108182589
2023-11-24,MYS,MYSTATE LIMITED ORDINARY,-0.0166666666666666,2.5701253414154053,3.0841504096984864,False,,NOT_TRIGGERED,,2.735658645629883,-0.0644067048198187,-0.0644067048198187,-0.0644067048198187
2023-11-24,MME,MONEYME LIMITED ORDINARY,-0.0166666666666666,0.0549999997019767,0.06599999964237203,True,2023-12-01,STOPPED,0.07259999960660925,0.0829999968409538,-0.5090908598308734,-0.32000000000000006,-0.30000000000000004
2023-11-24,LKE,LAKE RESOURCES ORDINARY,-0.0166666666666666,0.1500000059604644,0.18000000715255726,False,,NOT_TRIGGERED,,0.1299999952316284,0.13333339956071344,0.13333339956071344,0.13333339956071344
2023-11-24,MAD,MADER GROUP LIMITED ORDINARY,-0.0166666666666666,6.264042377471924,7.516850852966308,False,,NOT_TRIGGERED,,6.662839889526367,-0.06366456163973022,-0.06366456163973022,-0.06366456163973022
2023-11-24,M7T,MACH7 TECH LIMITED ORDINARY,-0.0166666666666666,0.5950000286102295,0.7140000343322753,True,2023-12-01,STOPPED,0.7854000377655029,0.7900000214576721,-0.3277310646571121,-0.32000000000000006,-0.30000000000000004
2023-11-24,LVT,LIVETILES LIMITED ORDINARY,-0.0166666666666666,0.006000000052154,0.0072000000625848,False,,NOT_TRIGGERED,,0.0054999999701976,0.08333334626837208,0.08333334626837208,0.08333334626837208
2023-11-24,PDN,PALADIN ENERGY LTD ORDINARY,-0.0166666666666666,10.350000381469728,12.420000457763674,False,,NOT_TRIGGERED,,9.850000381469728,0.048309176963431066,0.048309176963431066,0.048309176963431066
2023-11-24,MVP,MEDICAL DEVELOPMENTS ORDINARY,-0.0166666666666666,0.7900000214576721,0.9480000257492065,False,,NOT_TRIGGERED,,0.7599999904632568,0.037974721746286244,0.037974721746286244,0.037974721746286244
2023-11-24,PPK,PPK GROUP LIMITED ORDINARY,-0.0166666666666666,0.9950000047683716,1.194000005722046,False,,NOT_TRIGGERED,,0.9100000262260436,0.0854271137034972,0.0854271137034972,0.0854271137034972
2023-11-24,SXL,STHN CROSS MEDIA ORDINARY,-0.0166666666666666,0.9704086184501648,1.1644903421401978,False,,NOT_TRIGGERED,,0.9374335408210754,0.033980610850049664,0.033980610850049664,0.033980610850049664
2023-11-24,MSB,MESOBLAST LIMITED ORDINARY,-0.0166666666666666,0.3650369942188263,0.4380443930625915,False,,NOT_TRIGGERED,,0.3100000023841858,0.15077099775166303,0.15077099775166303,0.15077099775166303
2023-11-24,SLX,SILEX SYSTEMS ORDINARY,-0.0166666666666666,3.3499999046325684,4.0199998855590815,True,2023-12-13,STOPPED,4.42199987411499,4.349999904632568,-0.2985074711844451,-0.31999999999999984,-0.2985074711844451
2023-11-24,SHV,SELECT HARVESTS ORDINARY,-0.0166666666666666,3.910000085830689,4.692000102996826,False,,NOT_TRIGGERED,,2.900000095367432,0.2583120123509358,0.2583120123509358,0.2583120123509358
2023-11-24,SGR,THE STAR ENT GRP ORDINARY,-0.0166666666666666,0.5,0.6,False,,NOT_TRIGGERED,,0.5149999856948853,-0.029999971389770508,-0.029999971389770508,-0.029999971389770508
2023-11-24,WTC,WISETECH GLOBAL LTD ORDINARY,-0.0166666666666666,63.66261672973633,76.39514007568359,False,,NOT_TRIGGERED,,74.91415405273438,-0.17673695963148406,-0.17673695963148406,-0.17673695963148406
2023-11-24,WAF,WEST AFRICAN RES LTD ORDINARY,-0.0166666666666666,0.8199999928474426,0.9839999914169311,True,2023-12-04,STOPPED,1.0823999905586243,0.9449999928474426,-0.1524390257199133,-0.32000000000000006,-0.1524390257199133
2023-11-24,VUL,VULCAN ENERGY ORDINARY,-0.0166666666666666,2.2699999809265137,2.7239999771118164,True,2023-11-30,STOPPED,2.996399974822998,2.8499999046325684,-0.2555065764667206,-0.32000000000000006,-0.2555065764667206
2023-11-24,TYR,TYRO PAYMENTS ORDINARY,-0.0166666666666666,1.0149999856948853,1.2179999828338623,False,,NOT_TRIGGERED,,1.1050000190734863,-0.08866998487392652,-0.08866998487392652,-0.08866998487392652
2023-11-24,VVA,VIVA LEISURE LIMITED ORDINARY,-0.0166666666666666,1.4049999713897705,1.6859999656677245,False,,NOT_TRIGGERED,,1.524999976158142,-0.08540925780209974,-0.08540925780209974,-0.08540925780209974
2023-11-24,TLG,TALGA GROUP LTD ORDINARY,-0.0166666666666666,1.0199999809265137,1.2239999771118164,False,,NOT_TRIGGERED,,0.7850000262260437,0.23039211675965765,0.23039211675965765,0.23039211675965765
2023-11-24,SYR,SYRAH RESOURCES ORDINARY,-0.0166666666666666,0.6299999952316284,0.7559999942779541,False,,NOT_TRIGGERED,,0.6449999809265137,-0.023809501283202916,-0.023809501283202916,-0.023809501283202916
2023-11-24,KAR,KAROON ENERGY LTD ORDINARY,-0.0166666666666666,1.9475880861282349,2.3371057033538816,False,,NOT_TRIGGERED,,1.856151819229126,0.046948462845078476,0.046948462845078476,0.046948462845078476
2023-11-24,SRL,SUNRISE ORDINARY,-0.0166666666666666,0.6150000095367432,0.7380000114440918,False,,NOT_TRIGGERED,,0.4550000131130218,0.26016259177661394,0.26016259177661394,0.26016259177661394
2023-11-24,SPL,STARPHARMA HOLDINGS ORDINARY,-0.0166666666666666,0.1400000005960464,0.16800000071525567,True,2023-12-19,STOPPED,0.1850000023841858,0.1700000017881393,-0.2142857218883476,-0.32142858283252185,-0.2142857218883476
2023-11-24,TPG,TPG TELECOM LIMITED. ORDINARY,-0.0166666666666666,4.220340251922607,5.064408302307129,False,,NOT_TRIGGERED,,4.691279888153076,-0.11158807302703355,-0.11158807302703355,-0.11158807302703355
2023-12-29,APX,APPEN LIMITED ORDINARY,-0.0169491525423728,0.6299999952316284,0.7559999942779541,False,,NOT_TRIGGERED,,0.2800000011920929,0.5555555502994141,0.5555555502994141,0.5555555502994141
2023-12-29,BBN,BABY BUNTING GRP LTD ORDINARY,-0.0169491525423728,1.9777089357376096,2.3732507228851314,False,,NOT_TRIGGERED,,1.517891526222229,0.23250004144006475,0.23250004144006475,0.23250004144006475
2023-12-29,AZJ,AURIZON HOLDINGS LTD ORDINARY,-0.0169491525423728,3.348815441131592,4.01857852935791,False,,NOT_TRIGGERED,,3.331190347671509,0.0052630829527372525,0.0052630829527372525,0.0052630829527372525
2023-12-29,ASM,AUSSTRATMATERIALS ORDINARY,-0.0169491525423728,1.2699999809265137,1.5239999771118165,False,,NOT_TRIGGERED,,0.9900000095367432,0.22047242172830572,0.22047242172830572,0.22047242172830572
2023-12-29,ANG,AUSTIN ENGINEERING ORDINARY,-0.0169491525423728,0.3033019006252289,0.36396228075027465,True,2024-01-22,STOPPED,0.40035850882530216,0.3584477007389068,-0.18181818181818166,-0.32000000000000006,-0.18181818181818166
2023-12-29,88E,88 ENERGY LTD ORDINARY,-0.0169491525423728,0.125,0.15,False,,NOT_TRIGGERED,,0.1000000014901161,0.19999998807907116,0.19999998807907116,0.19999998807907116
2023-12-29,AIS,AERIS RESOURCES LTD ORDINARY,-0.0169491525423728,0.1449999958276748,0.17399999499320976,False,,NOT_TRIGGERED,,0.1000000014901161,0.3103447974649526,0.3103447974649526,0.3103447974649526
2023-12-29,AGY,ARGOSY MINERALS LTD ORDINARY,-0.0169491525423728,0.135000005364418,0.16200000643730159,False,,NOT_TRIGGERED,,0.1099999994039535,0.18518522197817455,0.18518522197817455,0.18518522197817455
2023-12-29,ABY,ADORE BEAUTY ORDINARY,-0.0169491525423728,1.399999976158142,1.6799999713897704,False,,NOT_TRIGGERED,,1.2000000476837158,0.14285709420028914,0.14285709420028914,0.14285709420028914
2023-12-29,A2M,THE A2 MILK COMPANY ORDINARY,-0.0169491525423728,4.150109767913818,4.980131721496582,False,,NOT_TRIGGERED,,4.890504360198975,-0.17840361669694782,-0.17840361669694782,-0.17840361669694782
2023-12-29,BGA,BEGA CHEESE LTD ORDINARY,-0.0169491525423728,3.367135763168335,4.040562915802002,False,,NOT_TRIGGERED,,3.5668814182281494,-0.059322126908201156,-0.059322126908201156,-0.059322126908201156
2023-12-29,AMA,AMA GROUP LIMITED ORDINARY,-0.0169491525423728,0.6260349750518799,0.7512419700622558,False,,NOT_TRIGGERED,,0.6260349750518799,-0.0,-0.0,-0.0
2023-12-29,BRN,BRAINCHIP LTD ORDINARY,-0.0169491525423728,0.1700000017881393,0.20400000214576713,False,,NOT_TRIGGERED,,0.1650000065565109,0.029411736347271233,0.029411736347271233,0.029411736347271233
2023-12-29,EVN,EVOLUTION MINING LTD ORDINARY,-0.0169491525423728,3.745889186859131,4.4950670242309565,False,,NOT_TRIGGERED,,3.0648186206817627,0.18181812974249645,0.18181812974249645,0.18181812974249645
2023-12-29,CHN,CHALICE MINING LTD ORDINARY,-0.0169491525423728,1.6950000524520874,2.034000062942505,False,,NOT_TRIGGERED,,0.9399999976158142,0.44542774718150924,0.44542774718150924,0.44542774718150924
2023-12-29,HDN,HOMECO DAILY NEEDS ORDINARY UNITS,-0.0169491525423728,1.047309637069702,1.2567715644836424,False,,NOT_TRIGGERED,,1.0730633735656738,-0.024590374789283054,-0.024590374789283054,-0.024590374789283054
2023-12-29,GPR,GEOPACIFIC RESOURCES ORDINARY,-0.0169491525423728,0.0199999995529651,0.02399999946355812,False,,NOT_TRIGGERED,,0.0149999996647238,0.25000000000000133,0.25000000000000133,0.25000000000000133
2023-12-29,GLN,GALAN LITHIUM LTD ORDINARY,-0.0169491525423728,0.6899999976158142,0.827999997138977,False,,NOT_TRIGGERED,,0.3700000047683716,0.46376810717848105,0.46376810717848105,0.46376810717848105
2023-12-29,BUB,BUBS AUST LTD ORDINARY,-0.0169491525423728,0.1299999952316284,0.15599999427795405,False,,NOT_TRIGGERED,,0.1150000020861625,0.11538456688971066,0.11538456688971066,0.11538456688971066
2023-12-29,DYL,DEEP YELLOW LIMITED ORDINARY,-0.0169491525423728,1.090000033378601,1.3080000400543212,True,2024-01-12,STOPPED,1.4388000440597535,1.6799999475479126,-0.5412843083504573,-0.32000000000000006,-0.30000000000000004
2023-12-29,FBR,FBR LTD ORDINARY,-0.0169491525423728,0.0270000007003545,0.0324000008404254,True,2024-01-22,STOPPED,0.035999998450279236,0.0209999997168779,0.2222222528830461,-0.33333324135086295,0.2222222528830461
2023-12-29,DMP,DOMINO PIZZA ENTERPR ORDINARY,-0.0169491525423728,54.60122680664063,65.52147216796875,False,,NOT_TRIGGERED,,38.14860534667969,0.30132329294036975,0.30132329294036975,0.30132329294036975
2023-12-29,CXL,CALIX LIMITED ORDINARY,-0.0169491525423728,3.430000066757202,4.116000080108642,False,,NOT_TRIGGERED,,1.75,0.4897959282973168,0.4897959282973168,0.4897959282973168
2023-12-29,CUV,CLINUVEL PHARMACEUT. ORDINARY,-0.0169491525423728,15.8706636428833,19.04479637145996,False,,NOT_TRIGGERED,,15.83098602294922,0.0025000605410645527,0.0025000605410645527,0.0025000605410645527
2023-12-29,CTM,CENTAURUS METALS LTD ORDINARY,-0.0169491525423728,0.5350000262260437,0.6420000314712524,False,,NOT_TRIGGERED,,0.2800000011920929,0.47663553744614273,0.47663553744614273,0.47663553744614273
2023-12-29,CST,CASTILE RESOURCES ORDINARY,-0.0169491525423728,0.0820000022649765,0.0984000027179718,False,,NOT_TRIGGERED,,0.0920000001788139,-0.12195119070269289,-0.12195119070269289,-0.12195119070269289
2023-12-29,ILU,ILUKA RESOURCES ORDINARY,-0.0169491525423728,6.408469200134277,7.690163040161132,False,,NOT_TRIGGERED,,6.952218055725098,-0.08484847763322745,-0.08484847763322745,-0.08484847763322745
2023-12-29,INR,IONEER LTD ORDINARY,-0.0169491525423728,0.1500000059604644,0.18000000715255726,False,,NOT_TRIGGERED,,0.1299999952316284,0.13333339956071344,0.13333339956071344,0.13333339956071344
2023-12-29,DUB,DUBBER CORP LTD ORDINARY,-0.0169491525423728,0.1550000011920929,0.18600000143051146,False,,NOT_TRIGGERED,,0.1550000011920929,-0.0,-0.0,-0.0
2023-12-29,WTC,WISETECH GLOBAL LTD ORDINARY,-0.0169491525423728,74.91415405273438,89.89698486328125,False,,NOT_TRIGGERED,,73.9798355102539,0.01247185601031775,0.01247185601031775,0.01247185601031775
2023-12-29,PNR,PANTORO LIMITED ORDINARY,-0.0169491525423728,0.968999981880188,1.1627999782562255,False,,NOT_TRIGGERED,,0.6970000267028809,0.28070171337829664,0.28070171337829664,0.28070171337829664
2023-12-29,MVP,MEDICAL DEVELOPMENTS ORDINARY,-0.0169491525423728,0.7599999904632568,0.9119999885559081,True,2024-01-03,STOPPED,1.003199987411499,0.875,-0.15131580392079358,-0.31999999999999984,-0.15131580392079358
2023-12-29,NUH,NUHEARA LIMITED ORDINARY,-0.0169491525423728,0.1150000020861625,0.138000002503395,False,,NOT_TRIGGERED,,0.0979999974370002,0.14782612470237366,0.14782612470237366,0.14782612470237366
2023-12-29,NMT,NEOMETALS LTD ORDINARY,-0.0169491525423728,0.209999993443489,0.25199999213218677,False,,NOT_TRIGGERED,,0.135000005364418,0.35714281152705607,0.35714281152705607,0.35714281152705607
2023-12-29,MYS,MYSTATE LIMITED ORDINARY,-0.0169491525423728,2.735658645629883,3.282790374755859,False,,NOT_TRIGGERED,,2.8663430213928223,-0.047770717290223086,-0.047770717290223086,-0.047770717290223086
2023-12-29,MCP,MCPHERSON'S LTD ORDINARY,-0.0169491525423728,0.585163950920105,0.702196741104126,False,,NOT_TRIGGERED,,0.5416393280029297,0.07438021916547954,0.07438021916547954,0.07438021916547954
2023-12-29,IRI,INTEGRATED RESEARCH ORDINARY,-0.0169491525423728,0.3321653008460998,0.39859836101531976,False,,NOT_TRIGGERED,,0.2860312461853027,0.1388888440282091,0.1388888440282091,0.1388888440282091
2023-12-29,LOV,LOVISA HOLDINGS LTD ORDINARY,-0.0169491525423728,22.649471282958984,27.17936553955078,False,,NOT_TRIGGERED,,21.47395896911621,0.05190020990588007,0.05190020990588007,0.05190020990588007
2023-12-29,LKE,LAKE RESOURCES ORDINARY,-0.0169491525423728,0.1299999952316284,0.15599999427795405,False,,NOT_TRIGGERED,,0.096000000834465,0.26153842803289085,0.26153842803289085,0.26153842803289085
2023-12-29,KAR,KAROON ENERGY LTD ORDINARY,-0.0169491525423728,1.856151819229126,2.227382183074951,False,,NOT_TRIGGERED,,1.805862069129944,0.027093554297766276,0.027093554297766276,0.027093554297766276
2023-12-29,IXR,IONIC RARE EARTHS ORDINARY,-0.0169491525423728,0.7799999713897705,0.9359999656677246,False,,NOT_TRIGGERED,,0.6000000238418579,0.23076917198752767,0.23076917198752767,0.23076917198752767
2023-12-29,NVA,NOVA MINERALS LTD ORDINARY,-0.0169491525423728,0.3600000143051147,0.4320000171661376,False,,NOT_TRIGGERED,,0.324999988079071,0.09722229120907688,0.09722229120907688,0.09722229120907688
2023-12-29,LVT,LIVETILES LIMITED ORDINARY,-0.0169491525423728,0.0054999999701976,0.00659999996423712,False,,NOT_TRIGGERED,,0.0054999999701976,-0.0,-0.0,-0.0
2023-12-29,PDN,PALADIN ENERGY LTD ORDINARY,-0.0169491525423728,9.850000381469728,11.820000457763674,True,2024-01-10,STOPPED,13.002000503540042,13.75,-0.39593903223264126,-0.32000000000000006,-0.30000000000000004
2023-12-29,IMU,IMUGENE LIMITED ORDINARY,-0.0169491525423728,3.740000009536743,4.488000011444091,False,,NOT_TRIGGERED,,3.400000095367432,0.09090906772789697,0.09090906772789697,0.09090906772789697
2023-12-29,PNV,POLYNOVO LIMITED ORDINARY,-0.0169491525423728,1.6549999713897705,1.9859999656677245,False,,NOT_TRIGGERED,,1.975000023841858,-0.19335350935587647,-0.19335350935587647,-0.19335350935587647
2023-12-29,IRE,IRESS LIMITED ORDINARY,-0.0169491525423728,7.814599514007568,9.377519416809081,False,,NOT_TRIGGERED,,7.968015670776367,-0.019631992208148707,-0.019631992208148707,-0.019631992208148707
2023-12-29,WAF,WEST AFRICAN RES LTD ORDINARY,-0.0169491525423728,0.9449999928474426,1.1339999914169312,False,,NOT_TRIGGERED,,1.0099999904632568,-0.06878306678072921,-0.06878306678072921,-0.06878306678072921
2023-12-29,VUL,VULCAN ENERGY ORDINARY,-0.0169491525423728,2.8499999046325684,3.419999885559082,False,,NOT_TRIGGERED,,2.0899999141693115,0.26666667224370966,0.26666667224370966,0.26666667224370966
2023-12-29,SPL,STARPHARMA HOLDINGS ORDINARY,-0.0169491525423728,0.1700000017881393,0.20400000214576713,False,,NOT_TRIGGERED,,0.1449999958276748,0.1470588570441339,0.1470588570441339,0.1470588570441339
2023-12-29,TPG,TPG TELECOM LIMITED. ORDINARY,-0.0169491525423728,4.691279888153076,5.629535865783692,False,,NOT_TRIGGERED,,4.908636569976807,-0.046332064384523974,-0.046332064384523974,-0.046332064384523974
2023-12-29,TLG,TALGA GROUP LTD ORDINARY,-0.0169491525423728,0.7850000262260437,0.9420000314712524,False,,NOT_TRIGGERED,,0.6050000190734863,0.22929936450820665,0.22929936450820665,0.22929936450820665
2023-12-29,TYR,TYRO PAYMENTS ORDINARY,-0.0169491525423728,1.1050000190734863,1.3260000228881836,False,,NOT_TRIGGERED,,1.0950000286102295,0.009049764968910634,0.009049764968910634,0.009049764968910634
2023-12-29,SRL,SUNRISE ORDINARY,-0.0169491525423728,0.4550000131130218,0.5460000157356262,False,,NOT_TRIGGERED,,0.3650000095367431,0.1978021999615256,0.1978021999615256,0.1978021999615256
2023-12-29,SLX,SILEX SYSTEMS ORDINARY,-0.0169491525423728,4.349999904632568,5.219999885559082,True,2024-01-15,STOPPED,5.74199987411499,5.230000019073486,-0.20229888131807883,-0.31999999999999984,-0.20229888131807883
2023-12-29,SHV,SELECT HARVESTS ORDINARY,-0.0169491525423728,2.900000095367432,3.4800001144409185,True,2024-01-31,STOPPED,3.8280001258850107,3.950000047683716,-0.3620689371678272,-0.32000000000000006,-0.30000000000000004
2023-12-29,SGR,THE STAR ENT GRP ORDINARY,-0.0169491525423728,0.5149999856948853,0.6179999828338623,False,,NOT_TRIGGERED,,0.574999988079071,-0.11650486223456546,-0.11650486223456546,-0.11650486223456546
2023-12-29,PPK,PPK GROUP LIMITED ORDINARY,-0.0169491525423728,0.9100000262260436,1.0920000314712524,False,,NOT_TRIGGERED,,0.8349999785423279,0.08241763244200806,0.08241763244200806,0.08241763244200806
2023-12-29,SYR,SYRAH RESOURCES ORDINARY,-0.0169491525423728,0.6449999809265137,0.7739999771118163,False,,NOT_TRIGGERED,,0.395000010728836,0.3875968644813972,0.3875968644813972,0.3875968644813972
2024-01-25,BCI,BCI MINERALS LTD ORDINARY,-0.0166666666666666,0.287551999092102,0.34506239891052237,False,,NOT_TRIGGERED,,0.25,0.13059202930484304,0.13059202930484304,0.13059202930484304
2024-01-25,BBN,BABY BUNTING GRP LTD ORDINARY,-0.0166666666666666,1.6365541219711304,1.9638649463653564,False,,NOT_TRIGGERED,,1.5574458837509155,0.04833829639861453,0.04833829639861453,0.04833829639861453
2024-01-25,ASM,AUSSTRATMATERIALS ORDINARY,-0.0166666666666666,0.9549999833106996,1.1459999799728395,False,,NOT_TRIGGERED,,0.9800000190734864,-0.026178048376628515,-0.026178048376628515,-0.026178048376628515
2024-01-25,APX,APPEN LIMITED ORDINARY,-0.0166666666666666,0.3199999928474426,0.38399999141693114,True,2024-02-20,STOPPED,0.4223999905586243,0.5649999976158142,-0.7656250320142142,-0.32000000000000006,-0.30000000000000004
2024-01-25,AGY,ARGOSY MINERALS LTD ORDINARY,-0.0166666666666666,0.090999998152256,0.1091999977827072,True,2024-02-02,STOPPED,0.12011999756097792,0.1299999952316284,-0.4285714051787102,-0.32000000000000006,-0.30000000000000004
2024-01-25,IFL,INSIGNIA FINANCIAL ORDINARY,-0.0166666666666666,2.108204841613769,2.5298458099365226,True,2024-02-22,STOPPED,2.782830390930175,2.2814817428588867,-0.08219168167381641,-0.31999999999999984,-0.08219168167381641
2024-01-25,AEF,AUSTRALIAN ETHICAL ORDINARY,-0.0166666666666666,5.317080974578857,6.380497169494629,False,,NOT_TRIGGERED,,5.043199062347412,0.051509825323496794,0.051509825323496794,0.051509825323496794
2024-01-25,ADH,ADAIRS LIMITED ORDINARY,-0.0166666666666666,1.501369833946228,1.8016438007354736,True,2024-02-26,STOPPED,1.981808180809021,2.094934701919556,-0.3953488704466581,-0.32000000000000006,-0.30000000000000004
2024-01-25,ACR,ACRUX LIMITED ORDINARY,-0.0166666666666666,0.0680000036954879,0.08160000443458548,False,,NOT_TRIGGERED,,0.0579999983310699,0.1470588944259359,0.1470588944259359,0.1470588944259359
2024-01-25,ABY,ADORE BEAUTY ORDINARY,-0.0166666666666666,1.0700000524520874,1.2840000629425048,True,2024-02-07,STOPPED,1.4124000692367553,1.3650000095367432,-0.2757008809566066,-0.31999999999999984,-0.2757008809566066
2024-01-25,ILU,ILUKA RESOURCES ORDINARY,-0.0166666666666666,7.078445911407471,8.494135093688964,False,,NOT_TRIGGERED,,6.651214122772217,0.06035672151520388,0.06035672151520388,0.06035672151520388
2024-01-25,BGL,BELLEVUE GOLD LTD ORDINARY,-0.0166666666666666,1.2949999570846558,1.553999948501587,False,,NOT_TRIGGERED,,1.5299999713897705,-0.1814671985272911,-0.1814671985272911,-0.1814671985272911
2024-01-25,AFG,AUST FINANCE GRP ORDINARY,-0.0166666666666666,1.3697782754898071,1.6437339305877685,False,,NOT_TRIGGERED,,1.3210160732269287,0.03559860974247231,0.03559860974247231,0.03559860974247231
2024-01-25,BRN,BRAINCHIP LTD ORDINARY,-0.0166666666666666,0.1550000011920929,0.18600000143051146,True,2024-02-06,STOPPED,0.20460000157356262,0.3849999904632568,-1.4838708871113027,-0.32000000000000006,-0.30000000000000004
2024-01-25,FWD,FLEETWOOD LTD ORDINARY,-0.0166666666666666,1.442617893218994,1.7311414718627927,False,,NOT_TRIGGERED,,1.5607271194458008,-0.08187145520790895,-0.08187145520790895,-0.08187145520790895
2024-01-25,CCX,CITY CHIC COLLECTIVE ORDINARY,-0.0166666666666666,0.4550000131130218,0.5460000157356262,True,2024-01-30,STOPPED,0.6006000173091889,0.4399999976158142,0.03296706607672473,-0.3200000000000003,0.03296706607672473
2024-01-25,CCP,CREDIT CORP GROUP ORDINARY,-0.0166666666666666,15.60346794128418,18.724161529541014,False,,NOT_TRIGGERED,,17.39864158630371,-0.11504965766422992,-0.11504965766422992,-0.11504965766422992
2024-01-25,HLS,HEALIUS ORDINARY,-0.0166666666666666,1.0282045602798462,1.2338454723358154,False,,NOT_TRIGGERED,,0.8123182058334351,0.20996440084612478,0.20996440084612478,0.20996440084612478
2024-01-25,GRR,GRANGE RESOURCES. ORDINARY,-0.0166666666666666,0.4548849761486053,0.5458619713783264,False,,NOT_TRIGGERED,,0.4033000469207763,0.11340213885405792,0.11340213885405792,0.11340213885405792
2024-01-25,GLL,GALILEE ENERGY LTD ORDINARY,-0.0166666666666666,0.0560000017285347,0.06720000207424164,False,,NOT_TRIGGERED,,0.0379999987781047,0.32142861419338364,0.32142861419338364,0.32142861419338364
2024-01-25,EVN,EVOLUTION MINING LTD ORDINARY,-0.0166666666666666,2.998603343963623,3.5983240127563474,False,,NOT_TRIGGERED,,2.8093531131744385,0.0631127925506243,0.0631127925506243,0.0631127925506243
2024-01-25,IDX,INTEGRAL DIAGNOSTICS ORDINARY,-0.0166666666666666,1.9074825048446653,2.2889790058135984,True,2024-02-26,STOPPED,2.5178769063949584,2.09875750541687,-0.10027614936776641,-0.32000000000000006,-0.10027614936776641
2024-01-25,DYL,DEEP YELLOW LIMITED ORDINARY,-0.0166666666666666,1.3949999809265137,1.6739999771118164,True,2024-02-02,STOPPED,1.841399974822998,1.3600000143051147,0.025089582150498058,-0.32000000000000006,0.025089582150498058
2024-01-25,DUB,DUBBER CORP LTD ORDINARY,-0.0166666666666666,0.135000005364418,0.16200000643730159,True,2024-02-02,STOPPED,0.17820000708103176,0.2199999988079071,-0.6296295560436518,-0.32000000000000006,-0.30000000000000004
2024-01-25,DEV,DEVEX RESOURCES LTD ORDINARY,-0.0166666666666666,0.270000010728836,0.32400001287460317,True,2024-02-08,STOPPED,0.3564000141620635,0.3149999976158142,-0.1666666114771831,-0.32000000000000006,-0.1666666114771831
2024-01-25,CXO,CORE LITHIUM ORDINARY,-0.0166666666666666,0.1850000023841858,0.22200000286102295,True,2024-02-16,STOPPED,0.24420000314712526,0.209999993443489,-0.1351350850654922,-0.32000000000000006,-0.1351350850654922
2024-01-25,IMU,IMUGENE LIMITED ORDINARY,-0.0166666666666666,3.569999933242798,4.283999919891357,False,,NOT_TRIGGERED,,4.079999923706055,-0.1428571428571428,-0.1428571428571428,-0.1428571428571428
2024-01-25,EGR,ECOGRAF LIMITED ORDINARY,-0.0166666666666666,0.135000005364418,0.16200000643730159,True,2024-02-05,STOPPED,0.17820000708103176,0.1749999970197677,-0.29629622271031786,-0.32000000000000006,-0.29629622271031786
2024-01-25,ARU,ARAFURA RARE EARTHS ORDINARY,-0.0166666666666666,0.1299999952316284,0.15599999427795405,True,2024-02-19,STOPPED,0.17159999370574947,0.1550000011920929,-0.1923077452112254,-0.31999999999999984,-0.1923077452112254
2024-01-25,CXL,CALIX LIMITED ORDINARY,-0.0166666666666666,2.3399999141693115,2.8079998970031737,False,,NOT_TRIGGERED,,1.9049999713897705,0.18589741826292494,0.18589741826292494,0.18589741826292494
2024-01-25,VUL,VULCAN ENERGY ORDINARY,-0.0166666666666666,2.140000104904175,2.5680001258850096,False,,NOT_TRIGGERED,,2.2799999713897705,-0.0654204951508004,-0.0654204951508004,-0.0654204951508004
2024-01-25,WBT,WEEBIT NANO LTD ORDINARY,-0.0166666666666666,3.819999933242798,4.583999919891357,True,2024-02-27,STOPPED,5.042399911880493,4.340000152587891,-0.13612571424933617,-0.32000000000000006,-0.13612571424933617
2024-01-25,PEN,PENINSULA ENERGY LTD ORDINARY,-0.0166666666666666,2.240000009536743,2.6880000114440916,True,2024-02-02,STOPPED,2.9568000125885012,2.142607927322388,0.04347860794629943,-0.32000000000000006,0.04347860794629943
2024-01-25,NVA,NOVA MINERALS LTD ORDINARY,-0.0166666666666666,0.3499999940395355,0.4199999928474426,False,,NOT_TRIGGERED,,0.25,0.2857142735500723,0.2857142735500723,0.2857142735500723
2024-01-25,NUH,NUHEARA LIMITED ORDINARY,-0.0166666666666666,0.1150000020861625,0.138000002503395,False,,NOT_TRIGGERED,,0.0810000002384185,0.2956521846170913,0.2956521846170913,0.2956521846170913
2024-01-25,NMT,NEOMETALS LTD ORDINARY,-0.0166666666666666,0.1550000011920929,0.18600000143051146,False,,NOT_TRIGGERED,,0.1400000005960464,0.09677419664956566,0.09677419664956566,0.09677419664956566
2024-01-25,MYS,MYSTATE LIMITED ORDINARY,-0.0166666666666666,2.8140690326690674,3.3768828392028807,False,,NOT_TRIGGERED,,2.8651907444000244,-0.01816647393417692,-0.01816647393417692,-0.01816647393417692
2024-01-25,MVP,MEDICAL DEVELOPMENTS ORDINARY,-0.0166666666666666,0.9300000071525574,1.1160000085830688,False,,NOT_TRIGGERED,,0.824999988079071,0.11290324544724661,0.11290324544724661,0.11290324544724661
2024-01-25,IXR,IONIC RARE EARTHS ORDINARY,-0.0166666666666666,0.5699999928474426,0.6839999914169311,False,,NOT_TRIGGERED,,0.5099999904632568,0.10526316339839759,0.10526316339839759,0.10526316339839759
2024-01-25,MIN,MINERAL RESOURCES. ORDINARY,-0.0166666666666666,59.211891174316406,71.05426940917968,False,,NOT_TRIGGERED,,66.49000549316406,-0.12291643071188707,-0.12291643071188707,-0.12291643071188707
2024-01-25,LYC,LYNAS RARE EARTHS ORDINARY,-0.0166666666666666,6.090000152587891,7.308000183105468,False,,NOT_TRIGGERED,,5.840000152587891,0.04105090209131845,0.04105090209131845,0.04105090209131845
2024-01-25,LKE,LAKE RESOURCES ORDINARY,-0.0166666666666666,0.0900000035762786,0.10800000429153432,True,2024-02-15,STOPPED,0.11880000472068776,0.1199999973177909,-0.333333250549108,-0.32000000000000006,-0.30000000000000004
2024-01-25,LIC,LIFESTYLE COMMUNIT. ORDINARY,-0.0166666666666666,17.14738655090332,20.576863861083982,False,,NOT_TRIGGERED,,15.197020530700684,0.11374129896779472,0.11374129896779472,0.11374129896779472
2024-01-25,PDI,PREDICTIVE DISC LTD ORDINARY,-0.0166666666666666,0.2000000029802322,0.24000000357627865,False,,NOT_TRIGGERED,,0.1949999928474426,0.025000050291418274,0.025000050291418274,0.025000050291418274
2024-01-25,MME,MONEYME LIMITED ORDINARY,-0.0166666666666666,0.0900000035762786,0.10800000429153432,False,,NOT_TRIGGERED,,0.0799999982118606,0.11111116630059459,0.11111116630059459,0.11111116630059459
2024-01-25,M7T,MACH7 TECH LIMITED ORDINARY,-0.0166666666666666,0.6800000071525574,0.8160000085830689,False,,NOT_TRIGGERED,,0.6650000214576721,0.022058802260453536,0.022058802260453536,0.022058802260453536
2024-01-25,SFR,SANDFIRE RESOURCES ORDINARY,-0.0166666666666666,7.050000190734863,8.460000228881835,False,,NOT_TRIGGERED,,7.590000152587891,-0.07659573719766666,-0.07659573719766666,-0.07659573719766666
2024-01-25,PDN,PALADIN ENERGY LTD ORDINARY,-0.0166666666666666,12.300000190734863,14.760000228881836,False,,NOT_TRIGGERED,,12.399999618530272,-0.008130034654042939,-0.008130034654042939,-0.008130034654042939
2024-01-25,TTT,TITOMIC LIMITED ORDINARY,-0.0166666666666666,0.0350000001490116,0.04200000017881392,False,,NOT_TRIGGERED,,0.032999999821186,0.05714286626601839,0.05714286626601839,0.05714286626601839
2024-01-25,TOE,TORO ENERGY LIMITED ORDINARY,-0.0166666666666666,0.4550000131130218,0.5460000157356262,False,,NOT_TRIGGERED,,0.4000000059604645,0.12087913311531118,0.12087913311531118,0.12087913311531118
2024-01-25,TLG,TALGA GROUP LTD ORDINARY,-0.0166666666666666,0.5600000023841858,0.6720000028610229,True,2024-02-09,STOPPED,0.7392000031471253,0.875,-0.562499993347696,-0.32000000000000006,-0.30000000000000004
2024-01-25,SYR,SYRAH RESOURCES ORDINARY,-0.0166666666666666,0.4350000023841858,0.5220000028610229,True,2024-02-08,STOPPED,0.5742000031471253,0.6100000143051147,-0.4022988757741923,-0.32000000000000006,-0.30000000000000004
2024-01-25,SLX,SILEX SYSTEMS ORDINARY,-0.0166666666666666,4.940000057220459,5.92800006866455,False,,NOT_TRIGGERED,,5.0,-0.012145737264080303,-0.012145737264080303,-0.012145737264080303
2024-01-25,IRE,IRESS LIMITED ORDINARY,-0.0166666666666666,7.881719589233398,9.458063507080078,False,,NOT_TRIGGERED,,7.526946067810059,0.045012197834082834,0.045012197834082834,0.045012197834082834
2024-01-25,S32,SOUTH32 LIMITED ORDINARY,-0.0166666666666666,3.157130241394043,3.7885562896728513,False,,NOT_TRIGGERED,,2.780159711837769,0.11940290730287428,0.11940290730287428,0.11940290730287428
2024-01-25,PWH,PWR HOLDINGS LIMITED ORDINARY,-0.0166666666666666,9.92176914215088,11.906122970581057,True,2024-02-22,STOPPED,13.096735267639163,12.082076072692873,-0.21773404516784312,-0.32000000000000006,-0.21773404516784312
2024-01-25,PPS,PRAEMIUM LIMITED ORDINARY,-0.0166666666666666,0.3509868383407593,0.4211842060089111,True,2024-02-26,STOPPED,0.46330262660980226,0.3603464365005493,-0.026666521753454298,-0.32000000000000006,-0.026666521753454298
2024-01-25,PPK,PPK GROUP LIMITED ORDINARY,-0.0166666666666666,0.8700000047683716,1.0440000057220458,False,,NOT_TRIGGERED,,0.6349999904632568,0.27011495749092673,0.27011495749092673,0.27011495749092673
2024-01-25,PNV,POLYNOVO LIMITED ORDINARY,-0.0166666666666666,1.7999999523162842,2.159999942779541,True,2024-02-28,STOPPED,2.3759999370574953,2.2799999713897705,-0.26666668432730267,-0.32000000000000006,-0.26666668432730267
2024-01-25,SHV,SELECT HARVESTS ORDINARY,-0.0166666666666666,3.0299999713897705,3.6359999656677244,True,2024-01-31,STOPPED,3.9995999622344973,4.409999847412109,-0.4554455079381978,-0.32000000000000006,-0.30000000000000004
2024-02-23,CCP,CREDIT CORP GROUP ORDINARY,-0.0169491525423728,16.909048080444336,20.2908576965332,False,,NOT_TRIGGERED,,16.940641403198242,-0.0018684270458988461,-0.0018684270458988461,-0.0018684270458988461
2024-02-23,BRN,BRAINCHIP LTD ORDINARY,-0.0169491525423728,0.4900000095367431,0.5880000114440918,False,,NOT_TRIGGERED,,0.3100000023841858,0.36734694622298747,0.36734694622298747,0.36734694622298747
2024-02-23,BGL,BELLEVUE GOLD LTD ORDINARY,-0.0169491525423728,1.4249999523162842,1.709999942779541,True,2024-03-18,STOPPED,1.8809999370574952,1.8849999904632568,-0.32280705511551755,-0.32000000000000006,-0.30000000000000004
2024-02-23,BCI,BCI MINERALS LTD ORDINARY,-0.0169491525423728,0.2450000047683715,0.29400000572204577,False,,NOT_TRIGGERED,,0.2349999994039535,0.04081634763179798,0.04081634763179798,0.04081634763179798
2024-02-23,ASM,AUSSTRATMATERIALS ORDINARY,-0.0169491525423728,0.959999978542328,1.1519999742507936,True,2024-03-20,STOPPED,1.267199971675873,1.3799999952316284,-0.4375000271635756,-0.32000000000000006,-0.30000000000000004
2024-02-23,APX,APPEN LIMITED ORDINARY,-0.0169491525423728,0.4350000023841858,0.5220000028610229,True,2024-02-28,STOPPED,0.5742000031471253,0.5849999785423279,-0.34482752950806717,-0.32000000000000006,-0.30000000000000004
2024-02-23,AQZ,ALLIANCE AVIATION ORDINARY,-0.0169491525423728,2.715625047683716,3.258750057220459,False,,NOT_TRIGGERED,,2.8637502193450928,-0.05454551680016362,-0.05454551680016362,-0.05454551680016362
2024-02-23,AGY,ARGOSY MINERALS LTD ORDINARY,-0.0169491525423728,0.1150000020861625,0.138000002503395,True,2024-03-01,STOPPED,0.1518000027537345,0.135000005364418,-0.17391306882995283,-0.32000000000000006,-0.17391306882995283
2024-02-23,AFG,AUST FINANCE GRP ORDINARY,-0.0169491525423728,1.4584370851516724,1.7501245021820069,False,,NOT_TRIGGERED,,1.483547329902649,-0.017217228639221815,-0.017217228639221815,-0.017217228639221815
2024-02-23,ADH,ADAIRS LIMITED ORDINARY,-0.0169491525423728,1.6017522811889648,1.9221027374267576,True,2024-02-27,STOPPED,2.1143130111694335,2.2910561561584477,-0.4303436199621451,-0.31999999999999984,-0.30000000000000004
2024-02-23,CCX,CITY CHIC COLLECTIVE ORDINARY,-0.0169491525423728,0.5099999904632568,0.6119999885559082,False,,NOT_TRIGGERED,,0.4099999964237213,0.19607842335193149,0.19607842335193149,0.19607842335193149
2024-02-23,ARU,ARAFURA RARE EARTHS ORDINARY,-0.0169491525423728,0.1449999958276748,0.17399999499320976,True,2024-03-04,STOPPED,0.19139999449253076,0.2049999982118606,-0.4137931317976917,-0.32000000000000006,-0.30000000000000004
2024-02-23,ABY,ADORE BEAUTY ORDINARY,-0.0169491525423728,1.2699999809265137,1.5239999771118165,False,,NOT_TRIGGERED,,1.274999976158142,-0.003937004178520276,-0.003937004178520276,-0.003937004178520276
2024-02-23,IDX,INTEGRAL DIAGNOSTICS ORDINARY,-0.0169491525423728,2.132997512817383,2.5595970153808594,False,,NOT_TRIGGERED,,2.1367440223693848,-0.0017564528460483064,-0.0017564528460483064,-0.0017564528460483064
2024-02-23,CTM,CENTAURUS METALS LTD ORDINARY,-0.0169491525423728,0.270000010728836,0.32400001287460317,True,2024-03-20,STOPPED,0.3564000141620635,0.3000000119209289,-0.11111111111111116,-0.32000000000000006,-0.11111111111111116
2024-02-23,HUM,HUMM GROUP LIMITED ORDINARY,-0.0169491525423728,0.4765664041042328,0.5718796849250793,False,,NOT_TRIGGERED,,0.4649428129196167,0.024390286609615508,0.024390286609615508,0.024390286609615508
2024-02-23,HLS,HEALIUS ORDINARY,-0.0169491525423728,1.002590894699097,1.2031090736389163,False,,NOT_TRIGGERED,,0.969659149646759,0.03284664285947014,0.03284664285947014,0.03284664285947014
2024-02-23,FWD,FLEETWOOD LTD ORDINARY,-0.0169491525423728,1.467927098274231,1.7615125179290771,False,,NOT_TRIGGERED,,1.2784191370010376,0.12909902780321203,0.12909902780321203,0.12909902780321203
2024-02-23,EVN,EVOLUTION MINING LTD ORDINARY,-0.0169491525423728,2.781038999557495,3.337246799468994,True,2024-03-21,STOPPED,3.670971479415894,3.4093165397644043,-0.22591468163764605,-0.32000000000000006,-0.22591468163764605
2024-02-23,EGR,ECOGRAF LIMITED ORDINARY,-0.0169491525423728,0.1500000059604644,0.18000000715255726,True,2024-02-28,STOPPED,0.198000007867813,0.1800000071525573,-0.20000000000000018,-0.32000000000000006,-0.20000000000000018
2024-02-23,FBR,FBR LTD ORDINARY,-0.0169491525423728,0.0240000002086162,0.02880000025033944,False,,NOT_TRIGGERED,,0.0240000002086162,-0.0,-0.0,-0.0
2024-02-23,DYL,DEEP YELLOW LIMITED ORDINARY,-0.0169491525423728,1.2699999809265137,1.5239999771118165,False,,NOT_TRIGGERED,,1.3350000381469729,-0.051181148186348224,-0.051181148186348224,-0.051181148186348224
2024-02-23,DUB,DUBBER CORP LTD ORDINARY,-0.0169491525423728,0.2249999940395355,0.2699999928474426,False,,NOT_TRIGGERED,,0.2199999988079071,0.02222220161814681,0.02222220161814681,0.02222220161814681
2024-02-23,DEV,DEVEX RESOURCES LTD ORDINARY,-0.0169491525423728,0.3000000119209289,0.3600000143051147,False,,NOT_TRIGGERED,,0.2800000011920929,0.06666669978035678,0.06666669978035678,0.06666669978035678
2024-02-23,CXO,CORE LITHIUM ORDINARY,-0.0169491525423728,0.209999993443489,0.25199999213218677,True,2024-03-04,STOPPED,0.27719999134540546,0.1550000011920929,0.2619047331837018,-0.32000000000000006,0.2619047331837018
2024-02-23,CXL,CALIX LIMITED ORDINARY,-0.0169491525423728,1.995000004768372,2.3940000057220465,False,,NOT_TRIGGERED,,1.465000033378601,0.26566414542505534,0.26566414542505534,0.26566414542505534
2024-02-23,EDE,EDEN INV LTD ORDINARY,-0.0169491525423728,0.0599999986588954,0.07199999839067447,False,,NOT_TRIGGERED,,0.0399999991059303,0.3333333333333328,0.3333333333333328,0.3333333333333328
2024-02-23,IFL,INSIGNIA FINANCIAL ORDINARY,-0.0169491525423728,2.454758882522583,2.9457106590270996,False,,NOT_TRIGGERED,,2.5199999809265137,-0.026577395795748027,-0.026577395795748027,-0.026577395795748027
2024-02-23,NUH,NUHEARA LIMITED ORDINARY,-0.0169491525423728,0.0769999995827674,0.09239999949932089,False,,NOT_TRIGGERED,,0.0810000002384185,-0.05194806074448732,-0.05194806074448732,-0.05194806074448732
2024-02-23,CLV,CLOVER CORPORATION ORDINARY,-0.0169491525423728,0.7778397798538208,0.9334077358245849,False,,NOT_TRIGGERED,,0.4600637555122375,0.40853660685919513,0.40853660685919513,0.40853660685919513
2024-02-23,PEN,PENINSULA ENERGY LTD ORDINARY,-0.0169491525423728,2.142607927322388,2.571129512786866,False,,NOT_TRIGGERED,,2.434782028198242,-0.13636377292834134,-0.13636377292834134,-0.13636377292834134
2024-02-23,MVP,MEDICAL DEVELOPMENTS ORDINARY,-0.0169491525423728,0.9200000166893004,1.1040000200271605,False,,NOT_TRIGGERED,,0.6000000238418579,0.34782607287224854,0.34782607287224854,0.34782607287224854
2024-02-23,MME,MONEYME LIMITED ORDINARY,-0.0169491525423728,0.0839999988675117,0.10079999864101404,False,,NOT_TRIGGERED,,0.0769999995827674,0.08333332594188458,0.08333332594188458,0.08333332594188458
2024-02-23,MIN,MINERAL RESOURCES. ORDINARY,-0.0169491525423728,62.13310623168945,74.55972747802734,False,,NOT_TRIGGERED,,70.87000274658203,-0.1406158012173635,-0.1406158012173635,-0.1406158012173635
2024-02-23,MFG,MAGELLAN FIN GRP LTD ORDINARY,-0.0169491525423728,7.389270305633545,8.867124366760253,True,2024-03-22,STOPPED,9.753836803436279,8.507554054260254,-0.15133886058737556,-0.32000000000000006,-0.15133886058737556
2024-02-23,LOV,LOVISA HOLDINGS LTD ORDINARY,-0.0169491525423728,26.999799728393555,32.399759674072264,False,,NOT_TRIGGERED,,31.38231658935547,-0.1623166432732155,-0.1623166432732155,-0.1623166432732155
2024-02-23,LTR,LIONTOWN RESOURCES ORDINARY,-0.0169491525423728,1.0750000476837158,1.2900000572204589,True,2024-03-01,STOPPED,1.4190000629425048,1.1699999570846558,-0.08837200482514818,-0.31999999999999984,-0.08837200482514818
2024-02-23,LKE,LAKE RESOURCES ORDINARY,-0.0169491525423728,0.1099999994039535,0.13199999928474418,True,2024-03-01,STOPPED,0.1451999992132186,0.0659999996423721,0.3999999999999999,-0.31999999999999984,0.3999999999999999
2024-02-23,LIC,LIFESTYLE COMMUNIT. ORDINARY,-0.0169491525423728,14.929710388183594,17.915652465820312,False,,NOT_TRIGGERED,,15.567715644836426,-0.0427339338851338,-0.0427339338851338,-0.0427339338851338
2024-02-23,IXR,IONIC RARE EARTHS ORDINARY,-0.0169491525423728,0.5099999904632568,0.6119999885559082,True,2024-03-13,STOPPED,0.6731999874114991,0.5699999928474426,-0.11764706569834438,-0.3200000000000003,-0.11764706569834438
2024-02-23,NMT,NEOMETALS LTD ORDINARY,-0.0169491525423728,0.135000005364418,0.16200000643730159,True,2024-03-11,STOPPED,0.17820000708103176,0.1299999952316284,0.03703711062301529,-0.32000000000000006,0.03703711062301529
2024-02-23,M7T,MACH7 TECH LIMITED ORDINARY,-0.0169491525423728,0.7149999737739563,0.8579999685287475,False,,NOT_TRIGGERED,,0.7149999737739563,-0.0,-0.0,-0.0
2024-02-23,NVA,NOVA MINERALS LTD ORDINARY,-0.0169491525423728,0.2649999856948852,0.3179999828338622,False,,NOT_TRIGGERED,,0.25,0.056603722658897904,0.056603722658897904,0.056603722658897904
2024-02-23,INR,IONEER LTD ORDINARY,-0.0169491525423728,0.135000005364418,0.16200000643730159,True,2024-03-13,STOPPED,0.17820000708103176,0.1599999964237213,-0.18518511159920714,-0.32000000000000006,-0.18518511159920714
2024-02-23,MYS,MYSTATE LIMITED ORDINARY,-0.0169491525423728,2.9708902835845947,3.5650683403015138,False,,NOT_TRIGGERED,,3.297672748565674,-0.10999479408131907,-0.10999479408131907,-0.10999479408131907
2024-02-23,IMU,IMUGENE LIMITED ORDINARY,-0.0169491525423728,3.910000085830689,4.692000102996826,False,,NOT_TRIGGERED,,3.569999933242798,0.08695655885533238,0.08695655885533238,0.08695655885533238
2024-02-23,PPK,PPK GROUP LIMITED ORDINARY,-0.0169491525423728,0.675000011920929,0.8100000143051147,False,,NOT_TRIGGERED,,0.5049999952316284,0.2518518721288774,0.2518518721288774,0.2518518721288774
2024-02-23,WBT,WEEBIT NANO LTD ORDINARY,-0.0169491525423728,4.46999979019165,5.36399974822998,False,,NOT_TRIGGERED,,3.3499999046325684,0.25055927027483427,0.25055927027483427,0.25055927027483427
2024-02-23,VUL,VULCAN ENERGY ORDINARY,-0.0169491525423728,2.119999885559082,2.543999862670898,True,2024-03-01,STOPPED,2.798399848937988,2.869999885559082,-0.35377360400291313,-0.32000000000000006,-0.30000000000000004
2024-02-23,TTT,TITOMIC LIMITED ORDINARY,-0.0169491525423728,0.0289999991655349,0.034799998998641876,True,2024-02-27,STOPPED,0.038279998898506064,0.0649999976158142,-1.2413792926264478,-0.31999999999999984,-0.30000000000000004
2024-02-23,TOE,TORO ENERGY LIMITED ORDINARY,-0.0169491525423728,0.4050000011920929,0.4860000014305115,True,2024-03-28,STOPPED,0.5346000015735627,0.5,-0.2345678976006922,-0.32000000000000006,-0.2345678976006922
2024-02-23,TLG,TALGA GROUP LTD ORDINARY,-0.0169491525423728,0.8100000023841858,0.972000002861023,False,,NOT_TRIGGERED,,0.7300000190734863,0.09876541120398075,0.09876541120398075,0.09876541120398075
2024-02-23,TPW,TEMPLE & WEBSTER LTD ORDINARY,-0.0169491525423728,12.0600004196167,14.472000503540038,False,,NOT_TRIGGERED,,13.119999885559082,-0.08789381667169738,-0.08789381667169738,-0.08789381667169738
2024-02-23,SRL,SUNRISE ORDINARY,-0.0169491525423728,0.3600000143051147,0.4320000171661376,True,2024-03-07,STOPPED,0.47520001888275143,0.6449999809265137,-0.7916665424903286,-0.32000000000000006,-0.30000000000000004
2024-02-23,SHV,SELECT HARVESTS ORDINARY,-0.0169491525423728,4.150000095367432,4.980000114440918,False,,NOT_TRIGGERED,,4.449999809265137,-0.07228908602498318,-0.07228908602498318,-0.07228908602498318
2024-02-23,S32,SOUTH32 LIMITED ORDINARY,-0.0169491525423728,2.723613977432251,3.268336772918701,False,,NOT_TRIGGERED,,2.8331522941589355,-0.04021800359166705,-0.04021800359166705,-0.04021800359166705
2024-02-23,PWH,PWR HOLDINGS LIMITED ORDINARY,-0.0169491525423728,12.649033546447754,15.178840255737304,False,,NOT_TRIGGERED,,11.31720733642578,0.10529074850908215,0.10529074850908215,0.10529074850908215
2024-02-23,PPS,PRAEMIUM LIMITED ORDINARY,-0.0169491525423728,0.3837455809116363,0.4604946970939635,True,2024-03-13,STOPPED,0.5065441668033599,0.4118245244026184,-0.07317072791894308,-0.32000000000000006,-0.07317072791894308
2024-02-23,SYR,SYRAH RESOURCES ORDINARY,-0.0169491525423728,0.5699999928474426,0.6839999914169311,True,2024-03-01,STOPPED,0.7523999905586243,0.4950000047683716,0.13157892810560856,-0.32000000000000006,0.13157892810560856
2024-03-28,BRN,BRAINCHIP LTD ORDINARY,-0.0166666666666666,0.3100000023841858,0.3720000028610229,True,2024-04-04,STOPPED,0.40920000314712524,0.25,0.19354839329913054,-0.32000000000000006,0.19354839329913054
2024-03-28,CLV,CLOVER CORPORATION ORDINARY,-0.0166666666666666,0.4600637555122375,0.552076506614685,False,,NOT_TRIGGERED,,0.493264228105545,-0.0721649384362868,-0.0721649384362868,-0.0721649384362868
2024-03-28,CCP,CREDIT CORP GROUP ORDINARY,-0.0166666666666666,16.940641403198242,20.32876968383789,False,,NOT_TRIGGERED,,14.35337734222412,0.15272527169400274,0.15272527169400274,0.15272527169400274
2024-03-28,BUB,BUBS AUST LTD ORDINARY,-0.0166666666666666,0.1700000017881393,0.20400000214576713,False,,NOT_TRIGGERED,,0.1449999958276748,0.1470588570441339,0.1470588570441339,0.1470588570441339
2024-03-28,BGL,BELLEVUE GOLD LTD ORDINARY,-0.0166666666666666,1.8849999904632568,2.261999988555908,False,,NOT_TRIGGERED,,1.7400000095367432,0.07692306719369191,0.07692306719369191,0.07692306719369191
2024-03-28,AGY,ARGOSY MINERALS LTD ORDINARY,-0.0166666666666666,0.135000005364418,0.16200000643730159,False,,NOT_TRIGGERED,,0.125,0.07407411086706306,0.07407411086706306,0.07407411086706306
2024-03-28,ARU,ARAFURA RARE EARTHS ORDINARY,-0.0166666666666666,0.2049999982118606,0.2459999978542327,False,,NOT_TRIGGERED,,0.1899999976158142,0.0731707352531018,0.0731707352531018,0.0731707352531018
2024-03-28,AQZ,ALLIANCE AVIATION ORDINARY,-0.0166666666666666,2.8637502193450928,3.436500263214111,False,,NOT_TRIGGERED,,3.021749973297119,-0.05517232364914815,-0.05517232364914815,-0.05517232364914815
2024-03-28,APX,APPEN LIMITED ORDINARY,-0.0166666666666666,0.5849999785423279,0.7019999742507934,True,2024-04-10,STOPPED,0.7721999716758728,0.6100000143051147,-0.042735105435526055,-0.32000000000000006,-0.042735105435526055
2024-03-28,ALC,ALCIDION GROUP LTD ORDINARY,-0.0166666666666666,0.0509999990463256,0.061199998855590715,False,,NOT_TRIGGERED,,0.0560000017285347,-0.09803927011189484,-0.09803927011189484,-0.09803927011189484
2024-03-28,CTM,CENTAURUS METALS LTD ORDINARY,-0.0166666666666666,0.3000000119209289,0.3600000143051147,True,2024-04-10,STOPPED,0.3960000157356262,0.3899999856948852,-0.29999990065892934,-0.3200000000000003,-0.29999990065892934
2024-03-28,ASM,AUSSTRATMATERIALS ORDINARY,-0.0166666666666666,1.3799999952316284,1.655999994277954,False,,NOT_TRIGGERED,,1.0099999904632568,0.2681159464107594,0.2681159464107594,0.2681159464107594
2024-03-28,BCI,BCI MINERALS LTD ORDINARY,-0.0166666666666666,0.2349999994039535,0.2819999992847442,False,,NOT_TRIGGERED,,0.2300000041723251,0.02127657550770301,0.02127657550770301,0.02127657550770301
2024-03-28,GRR,GRANGE RESOURCES. ORDINARY,-0.0166666666666666,0.4310204088687897,0.5172244906425476,False,,NOT_TRIGGERED,,0.3967346847057342,0.0795454773314288,0.0795454773314288,0.0795454773314288
2024-03-28,CXL,CALIX LIMITED ORDINARY,-0.0166666666666666,1.465000033378601,1.7580000400543212,False,,NOT_TRIGGERED,,1.350000023841858,0.07849829823657328,0.07849829823657328,0.07849829823657328
2024-03-28,ILU,ILUKA RESOURCES ORDINARY,-0.0166666666666666,7.040375709533691,8.448450851440429,False,,NOT_TRIGGERED,,7.430964946746826,-0.05547846497513187,-0.05547846497513187,-0.05547846497513187
2024-03-28,IFL,INSIGNIA FINANCIAL ORDINARY,-0.0166666666666666,2.5199999809265137,3.0239999771118162,False,,NOT_TRIGGERED,,2.4200000762939453,0.039682502138671416,0.039682502138671416,0.039682502138671416
2024-03-28,HLS,HEALIUS ORDINARY,-0.0166666666666666,0.969659149646759,1.1635909795761108,False,,NOT_TRIGGERED,,0.8050000071525574,0.1698113636675176,0.1698113636675176,0.1698113636675176
2024-03-28,HFR,HIGHFIELD RES LTD ORDINARY,-0.0166666666666666,0.4250000119209289,0.5100000143051147,False,,NOT_TRIGGERED,,0.2949999868869781,0.30588240326481986,0.30588240326481986,0.30588240326481986
2024-03-28,IMU,IMUGENE LIMITED ORDINARY,-0.0166666666666666,3.569999933242798,4.283999919891357,False,,NOT_TRIGGERED,,2.890000104904175,0.1904761459535792,0.1904761459535792,0.1904761459535792
2024-03-28,EVN,EVOLUTION MINING LTD ORDINARY,-0.0166666666666666,3.4093165397644043,4.091179847717285,True,2024-04-17,STOPPED,4.500297832489014,3.761676549911499,-0.10335209595159611,-0.3200000000000003,-0.10335209595159611
2024-03-28,ERA,ENERGY RESOURCES ORDINARY 'A',-0.0166666666666666,0.0570000000298023,0.06840000003576276,False,,NOT_TRIGGERED,,0.0520000010728836,0.08771927990007833,0.08771927990007833,0.08771927990007833
2024-03-28,EGR,ECOGRAF LIMITED ORDINARY,-0.0166666666666666,0.1800000071525573,0.21600000858306875,False,,NOT_TRIGGERED,,0.1550000011920929,0.13888891648363033,0.13888891648363033,0.13888891648363033
2024-03-28,DYL,DEEP YELLOW LIMITED ORDINARY,-0.0166666666666666,1.3350000381469729,1.6020000457763675,False,,NOT_TRIGGERED,,1.559999942779541,-0.16853924959049138,-0.16853924959049138,-0.16853924959049138
2024-03-28,DEV,DEVEX RESOURCES LTD ORDINARY,-0.0166666666666666,0.2800000011920929,0.33600000143051145,False,,NOT_TRIGGERED,,0.3000000119209289,-0.07142860944173735,-0.07142860944173735,-0.07142860944173735
2024-03-28,FBR,FBR LTD ORDINARY,-0.0166666666666666,0.0240000002086162,0.02880000025033944,False,,NOT_TRIGGERED,,0.025000000372529,-0.041666673134185706,-0.041666673134185706,-0.041666673134185706
2024-03-28,AFG,AUST FINANCE GRP ORDINARY,-0.0166666666666666,1.483547329902649,1.7802567958831788,False,,NOT_TRIGGERED,,1.3561261892318726,0.08588950153625219,0.08588950153625219,0.08588950153625219
2024-03-28,CXO,CORE LITHIUM ORDINARY,-0.0166666666666666,0.1550000011920929,0.18600000143051146,False,,NOT_TRIGGERED,,0.1400000005960464,0.09677419664956566,0.09677419664956566,0.09677419664956566
2024-03-28,INR,IONEER LTD ORDINARY,-0.0166666666666666,0.1599999964237213,0.19199999570846557,True,2024-04-09,STOPPED,0.21119999527931216,0.2000000029802322,-0.2500000465661296,-0.32000000000000006,-0.2500000465661296
2024-03-28,4DX,4DMEDICAL LIMITED ORDINARY,-0.0166666666666666,0.6499999761581421,0.7799999713897705,False,,NOT_TRIGGERED,,0.5950000286102295,0.08461530702353648,0.08461530702353648,0.08461530702353648
2024-03-28,PAR,PARADIGM BIO. ORDINARY,-0.0166666666666666,0.3449999988079071,0.4139999985694885,False,,NOT_TRIGGERED,,0.2750000059604645,0.20289853069367103,0.20289853069367103,0.20289853069367103
2024-03-28,IXR,IONIC RARE EARTHS ORDINARY,-0.0166666666666666,0.5699999928474426,0.6839999914169311,False,,NOT_TRIGGERED,,0.4199999868869781,0.26315790849599396,0.26315790849599396,0.26315790849599396
2024-03-28,PEN,PENINSULA ENERGY LTD ORDINARY,-0.0166666666666666,2.434782028198242,2.9217384338378904,False,,NOT_TRIGGERED,,2.240000009536743,0.07999977673797731,0.07999977673797731,0.07999977673797731
2024-03-28,PDN,PALADIN ENERGY LTD ORDINARY,-0.0166666666666666,13.699999809265137,16.439999771118163,False,,NOT_TRIGGERED,,14.890000343322754,-0.08686135406022677,-0.08686135406022677,-0.08686135406022677
2024-03-28,PDI,PREDICTIVE DISC LTD ORDINARY,-0.0166666666666666,0.2249999940395355,0.2699999928474426,False,,NOT_TRIGGERED,,0.1949999928474426,0.13333334216365134,0.13333334216365134,0.13333334216365134
2024-03-28,NUH,NUHEARA LIMITED ORDINARY,-0.0166666666666666,0.0810000002384185,0.09720000028610219,False,,NOT_TRIGGERED,,0.0810000002384185,-0.0,-0.0,-0.0
2024-03-28,MIN,MINERAL RESOURCES. ORDINARY,-0.0166666666666666,70.87000274658203,85.04400329589843,False,,NOT_TRIGGERED,,73.66999816894531,-0.03950889394453028,-0.03950889394453028,-0.03950889394453028
2024-03-28,MYS,MYSTATE LIMITED ORDINARY,-0.0166666666666666,3.297672748565674,3.9572072982788082,False,,NOT_TRIGGERED,,3.171532392501831,0.03825132621746885,0.03825132621746885,0.03825132621746885
2024-03-28,MVP,MEDICAL DEVELOPMENTS ORDINARY,-0.0166666666666666,0.6000000238418579,0.7200000286102295,False,,NOT_TRIGGERED,,0.449999988079071,0.25000004967053546,0.25000004967053546,0.25000004967053546
2024-03-28,MME,MONEYME LIMITED ORDINARY,-0.0166666666666666,0.0769999995827674,0.09239999949932089,False,,NOT_TRIGGERED,,0.0689999982714653,0.10389612148897343,0.10389612148897343,0.10389612148897343
2024-03-28,PPK,PPK GROUP LIMITED ORDINARY,-0.0166666666666666,0.5049999952316284,0.605999994277954,False,,NOT_TRIGGERED,,0.4300000071525574,0.14851482928167314,0.14851482928167314,0.14851482928167314
2024-03-28,NMT,NEOMETALS LTD ORDINARY,-0.0166666666666666,0.1299999952316284,0.15599999427795405,False,,NOT_TRIGGERED,,0.1099999994039535,0.15384612739438774,0.15384612739438774,0.15384612739438774
2024-03-28,PPS,PRAEMIUM LIMITED ORDINARY,-0.0166666666666666,0.4118245244026184,0.4941894292831421,False,,NOT_TRIGGERED,,0.435223639011383,-0.056818167015931564,-0.056818167015931564,-0.056818167015931564
2024-03-28,TLG,TALGA GROUP LTD ORDINARY,-0.0166666666666666,0.7300000190734863,0.8760000228881836,False,,NOT_TRIGGERED,,0.699999988079071,0.04109593179530491,0.04109593179530491,0.04109593179530491
2024-03-28,SBM,ST BARBARA LIMITED ORDINARY,-0.0166666666666666,0.1749999970197677,0.20999999642372125,True,2024-04-08,STOPPED,0.2309999960660934,0.2599999904632568,-0.48571425652017375,-0.32000000000000006,-0.30000000000000004
2024-03-28,MSB,MESOBLAST LIMITED ORDINARY,-0.0166666666666666,0.5550000071525574,0.6660000085830688,True,2024-04-02,STOPPED,0.800000011920929,1.0700000524520874,-0.9279279975900392,-0.4414414443440293,-0.30000000000000004
2024-03-28,SHV,SELECT HARVESTS ORDINARY,-0.0166666666666666,4.449999809265137,5.339999771118164,False,,NOT_TRIGGERED,,3.470000028610229,0.22022467924931055,0.22022467924931055,0.22022467924931055
2024-03-28,SFR,SANDFIRE RESOURCES ORDINARY,-0.0166666666666666,8.890000343322754,10.668000411987304,False,,NOT_TRIGGERED,,9.300000190734863,-0.04611921615054371,-0.04611921615054371,-0.04611921615054371
2024-03-28,S32,SOUTH32 LIMITED ORDINARY,-0.0166666666666666,2.8331522941589355,3.3997827529907227,False,,NOT_TRIGGERED,,3.3525631427764893,-0.18333319027304484,-0.18333319027304484,-0.18333319027304484
2024-03-28,MFG,MAGELLAN FIN GRP LTD ORDINARY,-0.0166666666666666,8.507554054260254,10.209064865112305,False,,NOT_TRIGGERED,,7.466689109802246,0.12234596898467931,0.12234596898467931,0.12234596898467931
2024-03-28,WHC,WHITEHAVEN COAL ORDINARY,-0.0166666666666666,6.753195762634277,8.103834915161132,False,,NOT_TRIGGERED,,7.45704984664917,-0.10422533401287537,-0.10422533401287537,-0.10422533401287537
2024-03-28,WGX,WESTGOLD RESOURCES. ORDINARY,-0.0166666666666666,2.586249351501465,3.1034992218017576,False,,NOT_TRIGGERED,,2.1716597080230717,0.1603053639192602,0.1603053639192602,0.1603053639192602
2024-03-28,WBT,WEEBIT NANO LTD ORDINARY,-0.0166666666666666,3.3499999046325684,4.0199998855590815,False,,NOT_TRIGGERED,,3.059999942779541,0.08656715525633274,0.08656715525633274,0.08656715525633274
2024-03-28,LIC,LIFESTYLE COMMUNIT. ORDINARY,-0.0166666666666666,15.567715644836426,18.68125877380371,False,,NOT_TRIGGERED,,12.090560913085938,0.2233567731501961,0.2233567731501961,0.2233567731501961
2024-03-28,TUA,TUAS LIMITED ORDINARY,-0.0166666666666666,3.910000085830689,4.692000102996826,False,,NOT_TRIGGERED,,3.9800000190734863,-0.017902795832784646,-0.017902795832784646,-0.017902795832784646
2024-03-28,TTT,TITOMIC LIMITED ORDINARY,-0.0166666666666666,0.0649999976158142,0.07799999713897703,False,,NOT_TRIGGERED,,0.0599999986588954,0.07692306369719493,0.07692306369719493,0.07692306369719493
2024-03-28,TOE,TORO ENERGY LIMITED ORDINARY,-0.0166666666666666,0.5,0.6,False,,NOT_TRIGGERED,,0.4399999976158142,0.12000000476837158,0.12000000476837158,0.12000000476837158
2024-03-28,SYR,SYRAH RESOURCES ORDINARY,-0.0166666666666666,0.4950000047683716,0.5940000057220459,False,,NOT_TRIGGERED,,0.5249999761581421,-0.060606002223795086,-0.060606002223795086,-0.060606002223795086
2024-03-28,SRL,SUNRISE ORDINARY,-0.0166666666666666,0.6449999809265137,0.7739999771118163,True,2024-04-10,STOPPED,0.851399974822998,0.5899999737739563,0.08527133144027743,-0.31999999999999984,0.08527133144027743
2024-03-28,VUL,VULCAN ENERGY ORDINARY,-0.0166666666666666,2.869999885559082,3.4439998626708985,True,2024-04-11,STOPPED,3.788399848937989,3.1700000762939453,-0.10452968735098844,-0.3200000000000003,-0.10452968735098844
2024-04-26,CCP,CREDIT CORP GROUP ORDINARY,-0.0163934426229508,15.212750434875488,18.255300521850586,False,,NOT_TRIGGERED,,13.621994972229004,0.10456724899658187,0.10456724899658187,0.10456724899658187
2024-04-26,BRN,BRAINCHIP LTD ORDINARY,-0.0163934426229508,0.3050000071525574,0.36600000858306886,False,,NOT_TRIGGERED,,0.2450000047683715,0.1967213146790996,0.1967213146790996,0.1967213146790996
2024-04-26,BPT,BEACH ENERGY LIMITED ORDINARY,-0.0163934426229508,1.4454351663589478,1.7345221996307372,False,,NOT_TRIGGERED,,1.5227067470550537,-0.05345904298893811,-0.05345904298893811,-0.05345904298893811
2024-04-26,BGL,BELLEVUE GOLD LTD ORDINARY,-0.0163934426229508,1.725000023841858,2.0700000286102296,True,2024-05-21,STOPPED,2.277000031471253,1.9600000381469729,-0.1362318904678803,-0.3200000000000003,-0.1362318904678803
2024-04-26,BET,BETMAKERS TECH GROUP ORDINARY,-0.0163934426229508,0.1400000005960464,0.16800000071525567,False,,NOT_TRIGGERED,,0.1049999967217445,0.2500000266092163,0.2500000266092163,0.2500000266092163
2024-04-26,ASM,AUSSTRATMATERIALS ORDINARY,-0.0163934426229508,1.0199999809265137,1.2239999771118164,False,,NOT_TRIGGERED,,0.9800000190734864,0.03921564960882984,0.03921564960882984,0.03921564960882984
2024-04-26,APX,APPEN LIMITED ORDINARY,-0.0163934426229508,0.6600000262260437,0.7920000314712524,False,,NOT_TRIGGERED,,0.5600000023841858,0.1515151816185063,0.1515151816185063,0.1515151816185063
2024-04-26,AQZ,ALLIANCE AVIATION ORDINARY,-0.0163934426229508,3.051374912261963,3.661649894714355,False,,NOT_TRIGGERED,,3.1402502059936523,-0.02912631069179472,-0.02912631069179472,-0.02912631069179472
2024-04-26,ALC,ALCIDION GROUP LTD ORDINARY,-0.0163934426229508,0.0549999997019767,0.06599999964237203,True,2024-05-03,STOPPED,0.07259999960660925,0.0579999983310699,-0.05454542991543643,-0.32000000000000006,-0.05454542991543643
2024-04-26,AGY,ARGOSY MINERALS LTD ORDINARY,-0.0163934426229508,0.135000005364418,0.16200000643730159,False,,NOT_TRIGGERED,,0.125,0.07407411086706306,0.07407411086706306,0.07407411086706306
2024-04-26,AFG,AUST FINANCE GRP ORDINARY,-0.0163934426229508,1.3788799047470093,1.654655885696411,False,,NOT_TRIGGERED,,1.3197200298309326,0.04290429841816501,0.04290429841816501,0.04290429841816501
2024-04-26,CCX,CITY CHIC COLLECTIVE ORDINARY,-0.0163934426229508,0.4300000071525574,0.5160000085830688,False,,NOT_TRIGGERED,,0.3050000071525574,0.290697669583182,0.290697669583182,0.290697669583182
2024-04-26,ARU,ARAFURA RARE EARTHS ORDINARY,-0.0163934426229508,0.1850000023841858,0.22200000286102295,False,,NOT_TRIGGERED,,0.1899999976158142,-0.02702700090373522,-0.02702700090373522,-0.02702700090373522
2024-04-26,ABB,AUSSIE BROADBAND ORDINARY,-0.0163934426229508,3.499134063720703,4.198960876464843,False,,NOT_TRIGGERED,,3.334355115890503,0.04709135026823963,0.04709135026823963,0.04709135026823963
2024-04-26,AEF,AUSTRALIAN ETHICAL ORDINARY,-0.0163934426229508,4.645483493804932,5.574580192565918,False,,NOT_TRIGGERED,,4.341485023498535,0.06543957603375394,0.06543957603375394,0.06543957603375394
2024-04-26,GLL,GALILEE ENERGY LTD ORDINARY,-0.0163934426229508,0.0469999983906745,0.056399998068809395,True,2024-04-29,STOPPED,0.06203999787569034,0.0260000005364418,0.4468084802828294,-0.32000000000000006,0.4468084802828294
2024-04-26,FWD,FLEETWOOD LTD ORDINARY,-0.0163934426229508,1.3682076930999756,1.6418492317199707,False,,NOT_TRIGGERED,,1.222835659980774,0.10624997495068111,0.10624997495068111,0.10624997495068111
2024-04-26,FBR,FBR LTD ORDINARY,-0.0163934426229508,0.0260000005364418,0.031200000643730158,False,,NOT_TRIGGERED,,0.0240000002086162,0.07692308794464764,0.07692308794464764,0.07692308794464764
2024-04-26,CHN,CHALICE MINING LTD ORDINARY,-0.0163934426229508,1.149999976158142,1.3799999713897704,True,2024-05-09,STOPPED,1.5179999685287475,1.6549999713897705,-0.4391304397402731,-0.32000000000000006,-0.30000000000000004
2024-04-26,ERA,ENERGY RESOURCES ORDINARY 'A',-0.0163934426229508,0.0529999993741512,0.06359999924898144,False,,NOT_TRIGGERED,,0.0450000017881393,0.1509433524618795,0.1509433524618795,0.1509433524618795
2024-04-26,EGR,ECOGRAF LIMITED ORDINARY,-0.0163934426229508,0.1500000059604644,0.18000000715255726,False,,NOT_TRIGGERED,,0.1599999964237213,-0.06666660043928685,-0.06666660043928685,-0.06666660043928685
2024-04-26,EVN,EVOLUTION MINING LTD ORDINARY,-0.0163934426229508,3.856909036636353,4.628290843963623,False,,NOT_TRIGGERED,,3.733106851577759,0.032098808626962905,0.032098808626962905,0.032098808626962905
2024-04-26,DUB,DUBBER CORP LTD ORDINARY,-0.0163934426229508,0.0549999997019767,0.06599999964237203,False,,NOT_TRIGGERED,,0.0439999997615814,0.1999999999999993,0.1999999999999993,0.1999999999999993
2024-04-26,DEV,DEVEX RESOURCES LTD ORDINARY,-0.0163934426229508,0.2849999964237213,0.34199999570846557,True,2024-05-10,STOPPED,0.37619999527931214,0.4099999964237213,-0.43859649673173084,-0.32000000000000006,-0.30000000000000004
2024-04-26,CXO,CORE LITHIUM ORDINARY,-0.0163934426229508,0.1449999958276748,0.17399999499320976,False,,NOT_TRIGGERED,,0.1299999952316284,0.10344828294942277,0.10344828294942277,0.10344828294942277
2024-04-26,CXL,CALIX LIMITED ORDINARY,-0.0163934426229508,1.5099999904632568,1.8119999885559082,False,,NOT_TRIGGERED,,1.3799999952316284,0.08609271261766394,0.08609271261766394,0.08609271261766394
2024-04-26,CTM,CENTAURUS METALS LTD ORDINARY,-0.0163934426229508,0.4000000059604645,0.48000000715255736,True,2024-05-17,STOPPED,0.5280000078678131,0.5149999856948853,-0.28749994505196885,-0.32000000000000006,-0.28749994505196885
2024-04-26,DYL,DEEP YELLOW LIMITED ORDINARY,-0.0163934426229508,1.3250000476837158,1.590000057220459,True,2024-05-03,STOPPED,1.7490000629425049,1.6449999809265137,-0.24150937488810076,-0.32000000000000006,-0.24150937488810076
2024-04-26,CLV,CLOVER CORPORATION ORDINARY,-0.0163934426229508,0.493264228105545,0.5919170737266539,False,,NOT_TRIGGERED,,0.4742925465106964,0.03846149895708462,0.03846149895708462,0.03846149895708462
2024-04-26,ILU,ILUKA RESOURCES ORDINARY,-0.0163934426229508,7.138023376464844,8.565628051757812,False,,NOT_TRIGGERED,,6.981787204742432,0.021887876164365938,0.021887876164365938,0.021887876164365938
2024-04-26,IMU,IMUGENE LIMITED ORDINARY,-0.0163934426229508,2.686000108718872,3.2232001304626463,False,,NOT_TRIGGERED,,2.2780001163482666,0.15189872518851355,0.15189872518851355,0.15189872518851355
2024-04-26,INR,IONEER LTD ORDINARY,-0.0163934426229508,0.1800000071525573,0.21600000858306875,True,2024-05-09,STOPPED,0.23760000944137566,0.2150000035762787,-0.19444441684970304,-0.3200000000000003,-0.19444441684970304
2024-04-26,NUH,NUHEARA LIMITED ORDINARY,-0.0163934426229508,0.0810000002384185,0.09720000028610219,False,,NOT_TRIGGERED,,0.0810000002384185,-0.0,-0.0,-0.0
2024-04-26,MVP,MEDICAL DEVELOPMENTS ORDINARY,-0.0163934426229508,0.5400000214576721,0.6480000257492066,False,,NOT_TRIGGERED,,0.4250000119209289,0.2129629721612103,0.2129629721612103,0.2129629721612103
2024-04-26,MSB,MESOBLAST LIMITED ORDINARY,-0.0163934426229508,0.9300000071525574,1.1160000085830688,True,2024-04-30,STOPPED,1.2276000094413757,1.1100000143051147,-0.19354839329913043,-0.32000000000000006,-0.19354839329913043
2024-04-26,MIN,MINERAL RESOURCES. ORDINARY,-0.0163934426229508,70.19999694824219,84.23999633789062,False,,NOT_TRIGGERED,,71.66000366210938,-0.02079781734098418,-0.02079781734098418,-0.02079781734098418
2024-04-26,M7T,MACH7 TECH LIMITED ORDINARY,-0.0163934426229508,0.7149999737739563,0.8579999685287475,False,,NOT_TRIGGERED,,0.6549999713897705,0.08391609032863334,0.08391609032863334,0.08391609032863334
2024-04-26,LOV,LOVISA HOLDINGS LTD ORDINARY,-0.0163934426229508,28.561010360717773,34.27321243286133,False,,NOT_TRIGGERED,,31.890151977539062,-0.11656245961802947,-0.11656245961802947,-0.11656245961802947
2024-04-26,LTR,LIONTOWN RESOURCES ORDINARY,-0.0163934426229508,1.1200000047683716,1.3440000057220458,True,2024-05-09,STOPPED,1.4784000062942506,1.2999999523162842,-0.16071423819782793,-0.32000000000000006,-0.16071423819782793
2024-04-26,LIC,LIFESTYLE COMMUNIT. ORDINARY,-0.0163934426229508,11.544151306152344,13.852981567382812,False,,NOT_TRIGGERED,,12.319059371948242,-0.06712559851696676,-0.06712559851696676,-0.06712559851696676
2024-04-26,KGN,KOGAN.COM LTD ORDINARY,-0.0163934426229508,4.727261543273926,5.672713851928711,False,,NOT_TRIGGERED,,4.0932297706604,0.13412242305815358,0.13412242305815358,0.13412242305815358
2024-04-26,JMS,JUPITER MINES. ORDINARY,-0.0163934426229508,0.2671429812908172,0.32057157754898064,True,2024-05-13,STOPPED,0.3526287353038787,0.2983096837997436,-0.11666674661760146,-0.32000000000000006,-0.11666674661760146
2024-04-26,PDN,PALADIN ENERGY LTD ORDINARY,-0.0163934426229508,13.15999984741211,15.791999816894531,True,2024-05-07,STOPPED,17.371199798583987,15.93000030517578,-0.2104863594134756,-0.3200000000000003,-0.2104863594134756
2024-04-26,LYC,LYNAS RARE EARTHS ORDINARY,-0.0163934426229508,6.190000057220459,7.42800006866455,False,,NOT_TRIGGERED,,6.659999847412109,-0.07592888301243383,-0.07592888301243383,-0.07592888301243383
2024-04-26,PEN,PENINSULA ENERGY LTD ORDINARY,-0.0163934426229508,2.045217037200928,2.454260444641114,False,,NOT_TRIGGERED,,2.400000095367432,-0.17346963755595235,-0.17346963755595235,-0.17346963755595235
2024-04-26,IXR,IONIC RARE EARTHS ORDINARY,-0.0163934426229508,0.449999988079071,0.5399999856948852,False,,NOT_TRIGGERED,,0.375,0.16666664459087166,0.16666664459087166,0.16666664459087166
2024-04-26,PDI,PREDICTIVE DISC LTD ORDINARY,-0.0163934426229508,0.2199999988079071,0.2639999985694885,False,,NOT_TRIGGERED,,0.1949999928474426,0.1136363913451347,0.1136363913451347,0.1136363913451347
2024-04-26,PWH,PWR HOLDINGS LIMITED ORDINARY,-0.0163934426229508,11.248499870300291,13.498199844360348,False,,NOT_TRIGGERED,,10.84606647491455,0.03577662799715153,0.03577662799715153,0.03577662799715153
2024-04-26,PPK,PPK GROUP LIMITED ORDINARY,-0.0163934426229508,0.4449999928474426,0.5339999914169311,True,2024-05-03,STOPPED,0.7350000143051147,0.3300000131130218,0.25842692490524544,-0.6516854519525612,0.25842692490524544
2024-04-26,WGX,WESTGOLD RESOURCES. ORDINARY,-0.0163934426229508,2.240757942199707,2.6889095306396484,False,,NOT_TRIGGERED,,2.280242919921875,-0.017621259743659135,-0.017621259743659135,-0.017621259743659135
2024-04-26,WBT,WEEBIT NANO LTD ORDINARY,-0.0163934426229508,2.940000057220459,3.5280000686645505,False,,NOT_TRIGGERED,,2.2799999713897705,0.22448982074329182,0.22448982074329182,0.22448982074329182
2024-04-26,PPS,PRAEMIUM LIMITED ORDINARY,-0.0163934426229508,0.4492630660533905,0.5391156792640686,False,,NOT_TRIGGERED,,0.4165043234825134,0.07291661622365375,0.07291661622365375,0.07291661622365375
2024-04-26,TTT,TITOMIC LIMITED ORDINARY,-0.0163934426229508,0.061999998986721,0.0743999987840652,True,2024-05-07,STOPPED,0.08183999866247173,0.0920000001788139,-0.4838709948772457,-0.3200000000000003,-0.30000000000000004
2024-04-26,TOE,TORO ENERGY LIMITED ORDINARY,-0.0163934426229508,0.4300000071525574,0.5160000085830688,False,,NOT_TRIGGERED,,0.3499999940395355,0.18604653902863555,0.18604653902863555,0.18604653902863555
2024-04-26,VUL,VULCAN ENERGY ORDINARY,-0.0163934426229508,3.200000047683716,3.840000057220459,True,2024-05-08,STOPPED,4.224000062942505,4.739999771118164,-0.48124990640208254,-0.32000000000000006,-0.30000000000000004
2024-04-26,SYR,SYRAH RESOURCES ORDINARY,-0.0163934426229508,0.4950000047683716,0.5940000057220459,False,,NOT_TRIGGERED,,0.4550000131130218,0.08080806317177158,0.08080806317177158,0.08080806317177158
2024-04-26,SRL,SUNRISE ORDINARY,-0.0163934426229508,0.7200000286102295,0.8640000343322753,False,,NOT_TRIGGERED,,0.5049999952316284,0.2986111456045384,0.2986111456045384,0.2986111456045384
2024-04-26,SHV,SELECT HARVESTS ORDINARY,-0.0163934426229508,3.509999990463257,4.211999988555908,False,,NOT_TRIGGERED,,3.2699999809265137,0.06837607127886847,0.06837607127886847,0.06837607127886847
2024-04-26,SBM,ST BARBARA LIMITED ORDINARY,-0.0163934426229508,0.2750000059604645,0.33000000715255734,False,,NOT_TRIGGERED,,0.2349999994039535,0.14545456614376073,0.14545456614376073,0.14545456614376073
2024-04-26,S32,SOUTH32 LIMITED ORDINARY,-0.0163934426229508,3.1825740337371826,3.819088840484619,False,,NOT_TRIGGERED,,3.749204635620117,-0.17804160904862298,-0.17804160904862298,-0.17804160904862298
2024-04-26,TLG,TALGA GROUP LTD ORDINARY,-0.0163934426229508,0.6800000071525574,0.8160000085830689,True,2024-05-20,STOPPED,0.8976000094413759,0.6100000143051147,0.10294116486933824,-0.3200000000000003,0.10294116486933824
2024-05-31,CHN,CHALICE MINING LTD ORDINARY,-0.0166666666666666,1.6549999713897705,1.9859999656677245,False,,NOT_TRIGGERED,,1.3250000476837158,0.19939572774067205,0.19939572774067205,0.19939572774067205
2024-05-31,CCX,CITY CHIC COLLECTIVE ORDINARY,-0.0166666666666666,0.3050000071525574,0.36600000858306886,False,,NOT_TRIGGERED,,0.1199999973177909,0.6065573950699341,0.6065573950699341,0.6065573950699341
2024-05-31,CCP,CREDIT CORP GROUP ORDINARY,-0.0166666666666666,13.621994972229004,16.346393966674803,False,,NOT_TRIGGERED,,13.091741561889648,0.03892626677813171,0.03892626677813171,0.03892626677813171
2024-05-31,BRN,BRAINCHIP LTD ORDINARY,-0.0166666666666666,0.2450000047683715,0.29400000572204577,False,,NOT_TRIGGERED,,0.209999993443489,0.14285718630076072,0.14285718630076072,0.14285718630076072
2024-05-31,BPT,BEACH ENERGY LIMITED ORDINARY,-0.0166666666666666,1.5227067470550537,1.8272480964660645,False,,NOT_TRIGGERED,,1.381799578666687,0.09253729824267476,0.09253729824267476,0.09253729824267476
2024-05-31,AFG,AUST FINANCE GRP ORDINARY,-0.0166666666666666,1.3197200298309326,1.583664035797119,False,,NOT_TRIGGERED,,1.2241542339324951,0.07241368906909773,0.07241368906909773,0.07241368906909773
2024-05-31,ARU,ARAFURA RARE EARTHS ORDINARY,-0.0166666666666666,0.1899999976158142,0.22799999713897703,False,,NOT_TRIGGERED,,0.2000000029802322,-0.052631607841586936,-0.052631607841586936,-0.052631607841586936
2024-05-31,AQZ,ALLIANCE AVIATION ORDINARY,-0.0166666666666666,3.1402502059936523,3.7683002471923825,False,,NOT_TRIGGERED,,3.0118749141693115,0.04088059339326422,0.04088059339326422,0.04088059339326422
2024-05-31,APX,APPEN LIMITED ORDINARY,-0.0166666666666666,0.5600000023841858,0.6720000028610229,False,,NOT_TRIGGERED,,0.4799999892711639,0.1428571656650427,0.1428571656650427,0.1428571656650427
2024-05-31,ALC,ALCIDION GROUP LTD ORDINARY,-0.0166666666666666,0.0579999983310699,0.06959999799728388,False,,NOT_TRIGGERED,,0.0489999987185001,0.1551724115783052,0.1551724115783052,0.1551724115783052
2024-05-31,AGY,ARGOSY MINERALS LTD ORDINARY,-0.0166666666666666,0.125,0.15,False,,NOT_TRIGGERED,,0.0900000035762786,0.2799999713897712,0.2799999713897712,0.2799999713897712
2024-05-31,CLV,CLOVER CORPORATION ORDINARY,-0.0166666666666666,0.4742925465106964,0.5691510558128356,False,,NOT_TRIGGERED,,0.462435245513916,0.024999973294990374,0.024999973294990374,0.024999973294990374
2024-05-31,BBN,BABY BUNTING GRP LTD ORDINARY,-0.0166666666666666,1.3799999952316284,1.655999994277954,False,,NOT_TRIGGERED,,1.3899999856948853,-0.007246369925949514,-0.007246369925949514,-0.007246369925949514
2024-05-31,BGL,BELLEVUE GOLD LTD ORDINARY,-0.0166666666666666,1.9600000381469729,2.3520000457763675,False,,NOT_TRIGGERED,,1.9600000381469729,-0.0,-0.0,-0.0
2024-05-31,EVN,EVOLUTION MINING LTD ORDINARY,-0.0166666666666666,3.733106851577759,4.4797282218933105,False,,NOT_TRIGGERED,,3.466456413269043,0.07142855774300128,0.07142855774300128,0.07142855774300128
2024-05-31,CTM,CENTAURUS METALS LTD ORDINARY,-0.0166666666666666,0.5149999856948853,0.6179999828338623,False,,NOT_TRIGGERED,,0.4399999976158142,0.14563104885891243,0.14563104885891243,0.14563104885891243
2024-05-31,HFR,HIGHFIELD RES LTD ORDINARY,-0.0166666666666666,0.3549999892711639,0.42599998712539666,False,,NOT_TRIGGERED,,0.3149999976158142,0.1126760362372744,0.1126760362372744,0.1126760362372744
2024-05-31,GLL,GALILEE ENERGY LTD ORDINARY,-0.0166666666666666,0.0260000005364418,0.031200000643730158,False,,NOT_TRIGGERED,,0.0209999997168779,0.19230771986161543,0.19230771986161543,0.19230771986161543
2024-05-31,FWD,FLEETWOOD LTD ORDINARY,-0.0166666666666666,1.222835659980774,1.4674027919769286,False,,NOT_TRIGGERED,,1.2741434574127195,-0.04195804809352088,-0.04195804809352088,-0.04195804809352088
2024-05-31,FBR,FBR LTD ORDINARY,-0.0166666666666666,0.0240000002086162,0.02880000025033944,True,2024-07-04,STOPPED,0.031680000275373384,0.0320000015199184,-0.3333333850734772,-0.31999999999999984,-0.30000000000000004
2024-05-31,HLS,HEALIUS ORDINARY,-0.0166666666666666,0.9294090867042542,1.115290904045105,True,2024-06-20,STOPPED,1.2268199944496154,1.0721136331558228,-0.153543308854025,-0.31999999999999984,-0.153543308854025
2024-05-31,EGR,ECOGRAF LIMITED ORDINARY,-0.0166666666666666,0.1599999964237213,0.19199999570846557,False,,NOT_TRIGGERED,,0.1150000020861625,0.2812499708961693,0.2812499708961693,0.2812499708961693
2024-05-31,DYL,DEEP YELLOW LIMITED ORDINARY,-0.0166666666666666,1.6449999809265137,1.9739999771118164,False,,NOT_TRIGGERED,,1.4049999713897705,0.1458966640240129,0.1458966640240129,0.1458966640240129
2024-05-31,DUB,DUBBER CORP LTD ORDINARY,-0.0166666666666666,0.0439999997615814,0.05279999971389768,False,,NOT_TRIGGERED,,0.0469999983906745,-0.06818178739429337,-0.06818178739429337,-0.06818178739429337
2024-05-31,DEV,DEVEX RESOURCES LTD ORDINARY,-0.0166666666666666,0.4099999964237213,0.49199999570846553,False,,NOT_TRIGGERED,,0.3050000071525574,0.25609753704156124,0.25609753704156124,0.25609753704156124
2024-05-31,CXO,CORE LITHIUM ORDINARY,-0.0166666666666666,0.1299999952316284,0.15599999427795405,False,,NOT_TRIGGERED,,0.090999998152256,0.2999999885375678,0.2999999885375678,0.2999999885375678
2024-05-31,ERA,ENERGY RESOURCES ORDINARY 'A',-0.0166666666666666,0.0450000017881393,0.05400000214576716,False,,NOT_TRIGGERED,,0.0370000004768371,0.17777779985357178,0.17777779985357178,0.17777779985357178
2024-05-31,INR,IONEER LTD ORDINARY,-0.0166666666666666,0.2150000035762787,0.2580000042915344,False,,NOT_TRIGGERED,,0.1400000005960464,0.34883721736136364,0.34883721736136364,0.34883721736136364
2024-05-31,CXL,CALIX LIMITED ORDINARY,-0.0166666666666666,1.3799999952316284,1.655999994277954,False,,NOT_TRIGGERED,,1.3350000381469729,0.03260866466677226,0.03260866466677226,0.03260866466677226
2024-05-31,IXR,IONIC RARE EARTHS ORDINARY,-0.0166666666666666,0.375,0.44999999999999996,False,,NOT_TRIGGERED,,0.3300000131130218,0.11999996503194188,0.11999996503194188,0.11999996503194188
2024-05-31,JMS,JUPITER MINES. ORDINARY,-0.0166666666666666,0.2983096837997436,0.3579716205596923,False,,NOT_TRIGGERED,,0.2404286861419677,0.1940298984615988,0.1940298984615988,0.1940298984615988
2024-05-31,PPK,PPK GROUP LIMITED ORDINARY,-0.0166666666666666,0.3300000131130218,0.39600001573562615,True,2024-06-17,STOPPED,0.4356000173091888,0.699999988079071,-1.1212120007987028,-0.32000000000000006,-0.30000000000000004
2024-05-31,PDI,PREDICTIVE DISC LTD ORDINARY,-0.0166666666666666,0.1949999928474426,0.23399999141693112,False,,NOT_TRIGGERED,,0.1850000023841858,0.05128200425668861,0.05128200425668861,0.05128200425668861
2024-05-31,PAR,PARADIGM BIO. ORDINARY,-0.0166666666666666,0.25,0.3,True,2024-07-02,STOPPED,0.33,0.2899999916553497,-0.1599999666213987,-0.32000000000000006,-0.1599999666213987
2024-05-31,OCC,ORTHOCELL LIMITED ORDINARY,-0.0166666666666666,0.3650000095367431,0.43800001144409173,False,,NOT_TRIGGERED,,0.3600000143051147,0.01369861671503625,0.01369861671503625,0.01369861671503625
2024-05-31,NUH,NUHEARA LIMITED ORDINARY,-0.0166666666666666,0.0810000002384185,0.09720000028610219,False,,NOT_TRIGGERED,,0.0810000002384185,-0.0,-0.0,-0.0
2024-05-31,NMT,NEOMETALS LTD ORDINARY,-0.0166666666666666,0.1199999973177909,0.1439999967813491,False,,NOT_TRIGGERED,,0.0949999988079071,0.2083333255723111,0.2083333255723111,0.2083333255723111
2024-05-31,LKE,LAKE RESOURCES ORDINARY,-0.0166666666666666,0.0599999986588954,0.07199999839067447,False,,NOT_TRIGGERED,,0.0410000011324882,0.3166666325181713,0.3166666325181713,0.3166666325181713
2024-05-31,MVP,MEDICAL DEVELOPMENTS ORDINARY,-0.0166666666666666,0.4250000119209289,0.5100000143051147,False,,NOT_TRIGGERED,,0.4300000071525574,-0.01176469433266436,-0.01176469433266436,-0.01176469433266436
2024-05-31,MIN,MINERAL RESOURCES. ORDINARY,-0.0166666666666666,71.66000366210938,85.99200439453125,False,,NOT_TRIGGERED,,58.15999984741211,0.18838966124467937,0.18838966124467937,0.18838966124467937
2024-05-31,LYC,LYNAS RARE EARTHS ORDINARY,-0.0166666666666666,6.659999847412109,7.9919998168945305,False,,NOT_TRIGGERED,,6.559999942779541,0.01501500103959097,0.01501500103959097,0.01501500103959097
2024-05-31,LTR,LIONTOWN RESOURCES ORDINARY,-0.0166666666666666,1.2999999523162842,1.559999942779541,False,,NOT_TRIGGERED,,0.915000021457672,0.29615380383101997,0.29615380383101997,0.29615380383101997
2024-05-31,PDN,PALADIN ENERGY LTD ORDINARY,-0.0166666666666666,15.93000030517578,19.116000366210933,False,,NOT_TRIGGERED,,13.010000228881836,0.1833019472915649,0.1833019472915649,0.1833019472915649
2024-05-31,MYS,MYSTATE LIMITED ORDINARY,-0.0166666666666666,3.234602212905884,3.8815226554870605,False,,NOT_TRIGGERED,,3.387772798538208,-0.04735376270416869,-0.04735376270416869,-0.04735376270416869
2024-05-31,PEN,PENINSULA ENERGY LTD ORDINARY,-0.0166666666666666,2.400000095367432,2.8800001144409184,False,,NOT_TRIGGERED,,2.0999999046325684,0.1250000745058032,0.1250000745058032,0.1250000745058032
2024-05-31,MME,MONEYME LIMITED ORDINARY,-0.0166666666666666,0.0759999975562095,0.0911999970674514,False,,NOT_TRIGGERED,,0.0640000030398368,0.15789466976623934,0.15789466976623934,0.15789466976623934
2024-05-31,PPS,PRAEMIUM LIMITED ORDINARY,-0.0166666666666666,0.4165043234825134,0.4998051881790161,False,,NOT_TRIGGERED,,0.4726622402667999,-0.1348315338355528,-0.1348315338355528,-0.1348315338355528
2024-05-31,SRL,SUNRISE ORDINARY,-0.0166666666666666,0.5049999952316284,0.605999994277954,False,,NOT_TRIGGERED,,0.4099999964237213,0.18811881129688612,0.18811881129688612,0.18811881129688612
2024-05-31,WGX,WESTGOLD RESOURCES. ORDINARY,-0.0166666666666666,2.280242919921875,2.73629150390625,False,,NOT_TRIGGERED,,2.596120834350586,-0.1385281856020557,-0.1385281856020557,-0.1385281856020557
2024-05-31,WBT,WEEBIT NANO LTD ORDINARY,-0.0166666666666666,2.2799999713897705,2.7359999656677245,False,,NOT_TRIGGERED,,2.289999961853028,-0.004385960784535348,-0.004385960784535348,-0.004385960784535348
2024-05-31,VUL,VULCAN ENERGY ORDINARY,-0.0166666666666666,4.739999771118164,5.687999725341797,False,,NOT_TRIGGERED,,4.889999866485596,-0.03164559126804489,-0.03164559126804489,-0.03164559126804489
2024-05-31,TTT,TITOMIC LIMITED ORDINARY,-0.0166666666666666,0.0920000001788139,0.11040000021457669,True,2024-07-05,STOPPED,0.12144000023603436,0.1299999952316284,-0.4130434236843106,-0.32000000000000006,-0.30000000000000004
2024-05-31,TOE,TORO ENERGY LIMITED ORDINARY,-0.0166666666666666,0.3499999940395355,0.4199999928474426,False,,NOT_TRIGGERED,,0.3300000131130218,0.057142803620318205,0.057142803620318205,0.057142803620318205
2024-05-31,LIC,LIFESTYLE COMMUNIT. ORDINARY,-0.0166666666666666,12.319059371948242,14.78287124633789,False,,NOT_TRIGGERED,,12.368733406066896,-0.004032291152989087,-0.004032291152989087,-0.004032291152989087
2024-05-31,SYR,SYRAH RESOURCES ORDINARY,-0.0166666666666666,0.4550000131130218,0.5460000157356262,False,,NOT_TRIGGERED,,0.3350000083446502,0.2637362666153674,0.2637362666153674,0.2637362666153674
2024-05-31,SHV,SELECT HARVESTS ORDINARY,-0.0166666666666666,3.2699999809265137,3.923999977111816,True,2024-06-26,STOPPED,4.316399974822998,3.609999895095825,-0.1039755095267545,-0.32000000000000006,-0.1039755095267545
2024-05-31,SBM,ST BARBARA LIMITED ORDINARY,-0.0166666666666666,0.2349999994039535,0.2819999992847442,False,,NOT_TRIGGERED,,0.209999993443489,0.1063830043569095,0.1063830043569095,0.1063830043569095
2024-05-31,S32,SOUTH32 LIMITED ORDINARY,-0.0166666666666666,3.749204635620117,4.499045562744141,False,,NOT_TRIGGERED,,3.607546806335449,0.037783434902117,0.037783434902117,0.037783434902117
2024-05-31,RRL,REGIS RESOURCES ORDINARY,-0.0166666666666666,1.8085790872573853,2.170294904708862,False,,NOT_TRIGGERED,,1.7259289026260376,0.0456989606999616,0.0456989606999616,0.0456989606999616
2024-05-31,TLG,TALGA GROUP LTD ORDINARY,-0.0166666666666666,0.6100000143051147,0.7320000171661377,False,,NOT_TRIGGERED,,0.5699999928474426,0.06557380413054315,0.06557380413054315,0.06557380413054315
2024-06-28,CCP,CREDIT CORP GROUP ORDINARY,-0.0163934426229508,13.685991287231444,16.423189544677733,False,,NOT_TRIGGERED,,14.581934928894045,-0.06546428555003425,-0.06546428555003425,-0.06546428555003425
2024-06-28,BRN,BRAINCHIP LTD ORDINARY,-0.0163934426229508,0.2199999988079071,0.2639999985694885,False,,NOT_TRIGGERED,,0.1800000071525573,0.18181814487315429,0.18181814487315429,0.18181814487315429
2024-06-28,BPT,BEACH ENERGY LIMITED ORDINARY,-0.0163934426229508,1.354527235031128,1.6254326820373535,False,,NOT_TRIGGERED,,1.336345672607422,0.013422810522734197,0.013422810522734197,0.013422810522734197
2024-06-28,BGL,BELLEVUE GOLD LTD ORDINARY,-0.0163934426229508,1.784999966621399,2.1419999599456787,False,,NOT_TRIGGERED,,1.399999976158142,0.2156862732003153,0.2156862732003153,0.2156862732003153
2024-06-28,BBN,BABY BUNTING GRP LTD ORDINARY,-0.0163934426229508,1.5499999523162842,1.8599999427795408,False,,NOT_TRIGGERED,,1.3200000524520874,0.148387036735382,0.148387036735382,0.148387036735382
2024-06-28,ASM,AUSSTRATMATERIALS ORDINARY,-0.0163934426229508,0.7799999713897705,0.9359999656677246,True,2024-07-04,STOPPED,1.0295999622344971,0.5649999976158142,0.2756410021283444,-0.32000000000000006,0.2756410021283444
2024-06-28,ALC,ALCIDION GROUP LTD ORDINARY,-0.0163934426229508,0.0480000004172325,0.057600000500679,True,2024-07-16,STOPPED,0.0633600005507469,0.0729999989271164,-0.5208332977619858,-0.32000000000000006,-0.30000000000000004
2024-06-28,AQZ,ALLIANCE AVIATION ORDINARY,-0.0163934426229508,3.0612499713897705,3.6734999656677245,False,,NOT_TRIGGERED,,3.1303751468658447,-0.02258070269403456,-0.02258070269403456,-0.02258070269403456
2024-06-28,APX,APPEN LIMITED ORDINARY,-0.0163934426229508,0.4699999988079071,0.5639999985694885,True,2024-07-30,STOPPED,0.6203999984264373,0.7649999856948853,-0.627659548160014,-0.31999999999999984,-0.30000000000000004
2024-06-28,AGY,ARGOSY MINERALS LTD ORDINARY,-0.0163934426229508,0.0920000001788139,0.11040000021457669,False,,NOT_TRIGGERED,,0.0370000004768371,0.5978260825551869,0.5978260825551869,0.5978260825551869
2024-06-28,ABB,AUSSIE BROADBAND ORDINARY,-0.0163934426229508,3.353740930557251,4.024489116668701,False,,NOT_TRIGGERED,,2.9951038360595703,0.10693643364936067,0.10693643364936067,0.10693643364936067
2024-06-28,4DX,4DMEDICAL LIMITED ORDINARY,-0.0163934426229508,0.5199999809265137,0.6239999771118164,False,,NOT_TRIGGERED,,0.4900000095367431,0.057692254788775044,0.057692254788775044,0.057692254788775044
2024-06-28,ARU,ARAFURA RARE EARTHS ORDINARY,-0.0163934426229508,0.1749999970197677,0.20999999642372125,False,,NOT_TRIGGERED,,0.1650000065565109,0.05714280362031787,0.05714280362031787,0.05714280362031787
2024-06-28,CCX,CITY CHIC COLLECTIVE ORDINARY,-0.0163934426229508,0.125,0.15,False,,NOT_TRIGGERED,,0.1049999967217445,0.16000002622604403,0.16000002622604403,0.16000002622604403
2024-06-28,CTM,CENTAURUS METALS LTD ORDINARY,-0.0163934426229508,0.4300000071525574,0.5160000085830688,False,,NOT_TRIGGERED,,0.3700000047683716,0.1395348869445454,0.1395348869445454,0.1395348869445454
2024-06-28,CLV,CLOVER CORPORATION ORDINARY,-0.0163934426229508,0.4742925465106964,0.5691510558128356,False,,NOT_TRIGGERED,,0.4600637555122375,0.030000030789305354,0.030000030789305354,0.030000030789305354
2024-06-28,GLL,GALILEE ENERGY LTD ORDINARY,-0.0163934426229508,0.0189999993890523,0.02279999926686276,True,2024-07-01,STOPPED,0.025079999193549037,0.0199999995529651,-0.05263158926673417,-0.32000000000000006,-0.05263158926673417
2024-06-28,FWD,FLEETWOOD LTD ORDINARY,-0.0163934426229508,1.325451135635376,1.5905413627624512,False,,NOT_TRIGGERED,,1.4537206888198853,-0.09677426027706493,-0.09677426027706493,-0.09677426027706493
2024-06-28,FBR,FBR LTD ORDINARY,-0.0163934426229508,0.0240000002086162,0.02880000025033944,True,2024-07-04,STOPPED,0.031680000275373384,0.0480000004172325,-1.000000000000004,-0.31999999999999984,-0.30000000000000004
2024-06-28,CHN,CHALICE MINING LTD ORDINARY,-0.0163934426229508,1.4199999570846558,1.7039999485015869,False,,NOT_TRIGGERED,,1.1100000143051147,0.21830982545660726,0.21830982545660726,0.21830982545660726
2024-06-28,ERA,ENERGY RESOURCES ORDINARY 'A',-0.0163934426229508,0.0320000015199184,0.03840000182390208,True,2024-07-09,STOPPED,0.04224000200629229,0.0160000007599592,0.5,-0.32000000000000006,0.5
2024-06-28,EGR,ECOGRAF LIMITED ORDINARY,-0.0163934426229508,0.1199999973177909,0.1439999967813491,False,,NOT_TRIGGERED,,0.1000000014901161,0.16666663562257966,0.16666663562257966,0.16666663562257966
2024-06-28,EVN,EVOLUTION MINING LTD ORDINARY,-0.0163934426229508,3.3331308364868164,3.9997570037841794,False,,NOT_TRIGGERED,,3.81881594657898,-0.14571438503868772,-0.14571438503868772,-0.14571438503868772
2024-06-28,DUB,DUBBER CORP LTD ORDINARY,-0.0163934426229508,0.0390000008046627,0.04680000096559524,True,2024-07-04,STOPPED,0.051480001062154765,0.0390000008046627,-0.0,-0.32000000000000006,-0.0
2024-06-28,DEV,DEVEX RESOURCES LTD ORDINARY,-0.0163934426229508,0.3149999976158142,0.37799999713897703,False,,NOT_TRIGGERED,,0.2399999946355819,0.23809524935839887,0.23809524935839887,0.23809524935839887
2024-06-28,CXO,CORE LITHIUM ORDINARY,-0.0163934426229508,0.0930000022053718,0.11160000264644616,True,2024-07-12,STOPPED,0.1227600029110908,0.0949999988079071,-0.02150533930223686,-0.32000000000000006,-0.02150533930223686
2024-06-28,CXL,CALIX LIMITED ORDINARY,-0.0163934426229508,1.4199999570846558,1.7039999485015869,False,,NOT_TRIGGERED,,0.9100000262260436,0.3591548917407521,0.3591548917407521,0.3591548917407521
2024-06-28,GRR,GRANGE RESOURCES. ORDINARY,-0.0163934426229508,0.3526530861854553,0.42318370342254635,False,,NOT_TRIGGERED,,0.3085714280605316,0.1250000633816707,0.1250000633816707,0.1250000633816707
2024-06-28,HGO,HILLGROVE RES LTD ORDINARY,-0.0163934426229508,0.06700000166893,0.08040000200271599,False,,NOT_TRIGGERED,,0.0610000006854534,0.08955225125403221,0.08955225125403221,0.08955225125403221
2024-06-28,WGX,WESTGOLD RESOURCES. ORDINARY,-0.0163934426229508,2.3888258934021,2.86659107208252,False,,NOT_TRIGGERED,,2.787519931793213,-0.16689958003733119,-0.16689958003733119,-0.16689958003733119
2024-06-28,DYL,DEEP YELLOW LIMITED ORDINARY,-0.0163934426229508,1.340000033378601,1.6080000400543213,False,,NOT_TRIGGERED,,1.0499999523162842,0.2164179655511851,0.2164179655511851,0.2164179655511851
2024-06-28,PDI,PREDICTIVE DISC LTD ORDINARY,-0.0163934426229508,0.1749999970197677,0.20999999642372125,False,,NOT_TRIGGERED,,0.1800000071525573,-0.028571486959652947,-0.028571486959652947,-0.028571486959652947
2024-06-28,OCC,ORTHOCELL LIMITED ORDINARY,-0.0163934426229508,0.3549999892711639,0.42599998712539666,False,,NOT_TRIGGERED,,0.4000000059604645,-0.1267606142233646,-0.1267606142233646,-0.1267606142233646
2024-06-28,NMT,NEOMETALS LTD ORDINARY,-0.0163934426229508,0.0860000029206276,0.10320000350475311,False,,NOT_TRIGGERED,,0.0729999989271164,0.1511628320002426,0.1511628320002426,0.1511628320002426
2024-06-28,MYS,MYSTATE LIMITED ORDINARY,-0.0163934426229508,3.369752883911133,4.043703460693359,False,,NOT_TRIGGERED,,3.495893239974976,-0.03743311762298651,-0.03743311762298651,-0.03743311762298651
2024-06-28,MVP,MEDICAL DEVELOPMENTS ORDINARY,-0.0163934426229508,0.4050000011920929,0.4860000014305115,True,2024-07-08,STOPPED,0.5346000015735627,0.4250000119209289,-0.04938274239498064,-0.32000000000000006,-0.04938274239498064
2024-06-28,MME,MONEYME LIMITED ORDINARY,-0.0163934426229508,0.0640000030398368,0.07680000364780416,True,2024-07-22,STOPPED,0.08448000401258458,0.0970000028610229,-0.5156249727151614,-0.32000000000000006,-0.30000000000000004
2024-06-28,MIN,MINERAL RESOURCES. ORDINARY,-0.0163934426229508,53.91999816894531,64.70399780273438,False,,NOT_TRIGGERED,,52.790000915527344,0.02095692306734498,0.02095692306734498,0.02095692306734498
2024-06-28,JMS,JUPITER MINES. ORDINARY,-0.0163934426229508,0.2805001437664032,0.3366001725196838,False,,NOT_TRIGGERED,,0.2137143760919571,0.2380953063969351,0.2380953063969351,0.2380953063969351
2024-06-28,LYC,LYNAS RARE EARTHS ORDINARY,-0.0163934426229508,5.929999828338623,7.115999794006347,False,,NOT_TRIGGERED,,6.110000133514404,-0.03035418387629374,-0.03035418387629374,-0.03035418387629374
2024-06-28,LIC,LIFESTYLE COMMUNIT. ORDINARY,-0.0163934426229508,12.348864555358888,14.818637466430665,False,,NOT_TRIGGERED,,8.762428283691406,0.2904263995762363,0.2904263995762363,0.2904263995762363
2024-06-28,IXR,IONIC RARE EARTHS ORDINARY,-0.0163934426229508,0.3000000119209289,0.3600000143051147,True,2024-07-04,STOPPED,0.3960000157356262,0.3000000119209289,-0.0,-0.3200000000000003,-0.0
2024-06-28,INR,IONEER LTD ORDINARY,-0.0163934426229508,0.1500000059604644,0.18000000715255726,False,,NOT_TRIGGERED,,0.135000005364418,0.09999999999999964,0.09999999999999964,0.09999999999999964
2024-06-28,IMU,IMUGENE LIMITED ORDINARY,-0.0163934426229508,1.937999963760376,2.325599956512451,False,,NOT_TRIGGERED,,1.7680000066757202,0.0877192777417799,0.0877192777417799,0.0877192777417799
2024-06-28,MFG,MAGELLAN FIN GRP LTD ORDINARY,-0.0163934426229508,7.243033409118652,8.691640090942382,True,2024-07-31,STOPPED,9.560804100036622,8.55056381225586,-0.18052248682038186,-0.32000000000000006,-0.18052248682038186
2024-06-28,PAR,PARADIGM BIO. ORDINARY,-0.0163934426229508,0.2549999952316284,0.3059999942779541,True,2024-07-02,STOPPED,0.33659999370574956,0.25,0.01960782480441492,-0.3200000000000003,0.01960782480441492
2024-06-28,HLS,HEALIUS ORDINARY,-0.0163934426229508,1.0977272987365725,1.317272758483887,False,,NOT_TRIGGERED,,1.0721136331558228,0.023333359396481956,0.023333359396481956,0.023333359396481956
2024-06-28,PEN,PENINSULA ENERGY LTD ORDINARY,-0.0163934426229508,2.0999999046325684,2.519999885559082,False,,NOT_TRIGGERED,,1.8799999952316284,0.10476186637705243,0.10476186637705243,0.10476186637705243
2024-06-28,ILU,ILUKA RESOURCES ORDINARY,-0.0163934426229508,6.39590311050415,7.67508373260498,False,,NOT_TRIGGERED,,5.663547515869141,0.11450386004632307,0.11450386004632307,0.11450386004632307
2024-06-28,VUL,VULCAN ENERGY ORDINARY,-0.0163934426229508,3.759999990463257,4.511999988555908,True,2024-07-05,STOPPED,4.963199987411499,4.300000190734863,-0.14361707490458664,-0.31999999999999984,-0.14361707490458664
2024-06-28,TOE,TORO ENERGY LIMITED ORDINARY,-0.0163934426229508,0.3499999940395355,0.4199999928474426,False,,NOT_TRIGGERED,,0.2949999868869781,0.15714288025486278,0.15714288025486278,0.15714288025486278
2024-06-28,WBT,WEEBIT NANO LTD ORDINARY,-0.0163934426229508,2.549999952316284,3.059999942779541,False,,NOT_TRIGGERED,,2.2300000190734863,0.12549017224573944,0.12549017224573944,0.12549017224573944
2024-06-28,SYR,SYRAH RESOURCES ORDINARY,-0.0163934426229508,0.3549999892711639,0.42599998712539666,False,,NOT_TRIGGERED,,0.25,0.29577462660417286,0.29577462660417286,0.29577462660417286
2024-06-28,SRL,SUNRISE ORDINARY,-0.0163934426229508,0.3300000131130218,0.39600001573562615,True,2024-07-01,STOPPED,0.4356000173091888,0.4099999964237213,-0.24242418221753304,-0.32000000000000006,-0.24242418221753304
2024-06-28,TLG,TALGA GROUP LTD ORDINARY,-0.0163934426229508,0.5799999833106995,0.6959999799728394,False,,NOT_TRIGGERED,,0.4149999916553497,0.284482752419255,0.284482752419255,0.284482752419255
2024-06-28,SGR,THE STAR ENT GRP ORDINARY,-0.0163934426229508,0.4900000095367431,0.5880000114440918,False,,NOT_TRIGGERED,,0.5600000023841858,-0.14285712547969598,-0.14285712547969598,-0.14285712547969598
2024-06-28,SBM,ST BARBARA LIMITED ORDINARY,-0.0163934426229508,0.2000000029802322,0.24000000357627865,True,2024-07-17,STOPPED,0.26400000393390655,0.2349999994039535,-0.17499997951090362,-0.32000000000000006,-0.17499997951090362
2024-06-28,S32,SOUTH32 LIMITED ORDINARY,-0.0163934426229508,3.4564454555511475,4.147734546661376,False,,NOT_TRIGGERED,,2.8520395755767822,0.1748634219017322,0.1748634219017322,0.1748634219017322
2024-06-28,PPS,PRAEMIUM LIMITED ORDINARY,-0.0163934426229508,0.4726622402667999,0.5671946883201598,False,,NOT_TRIGGERED,,0.4586227834224701,0.029702937210311253,0.029702937210311253,0.029702937210311253
2024-06-28,PPK,PPK GROUP LIMITED ORDINARY,-0.0163934426229508,0.3799999952316284,0.45599999427795407,True,2024-07-01,STOPPED,0.5015999937057495,0.4099999964237213,-0.07894737254879813,-0.31999999999999984,-0.07894737254879813
2024-06-28,SHV,SELECT HARVESTS ORDINARY,-0.0163934426229508,3.940000057220459,4.72800006866455,False,,NOT_TRIGGERED,,4.239999771118164,-0.0761420582590917,-0.0761420582590917,-0.0761420582590917
2024-07-26,CLV,CLOVER CORPORATION ORDINARY,-0.0163934426229508,0.4648067057132721,0.5577680468559265,False,,NOT_TRIGGERED,,0.3652052283287048,0.2142858013025506,0.2142858013025506,0.2142858013025506
2024-07-26,CCX,CITY CHIC COLLECTIVE ORDINARY,-0.0163934426229508,0.1150000020861625,0.138000002503395,True,2024-08-28,STOPPED,0.1518000027537345,0.1500000059604644,-0.3043478542555027,-0.32000000000000006,-0.30000000000000004
2024-07-26,BUB,BUBS AUST LTD ORDINARY,-0.0163934426229508,0.135000005364418,0.16200000643730159,False,,NOT_TRIGGERED,,0.1199999973177909,0.11111116630059525,0.11111116630059525,0.11111116630059525
2024-07-26,BRN,BRAINCHIP LTD ORDINARY,-0.0163934426229508,0.2000000029802322,0.24000000357627865,False,,NOT_TRIGGERED,,0.1700000017881393,0.15000000372529043,0.15000000372529043,0.15000000372529043
2024-07-26,BKY,BERKELEY ENERGIA LTD ORDINARY,-0.0163934426229508,0.3499999940395355,0.4199999928474426,False,,NOT_TRIGGERED,,0.3549999892711639,-0.014285700905079413,-0.014285700905079413,-0.014285700905079413
2024-07-26,AFG,AUST FINANCE GRP ORDINARY,-0.0163934426229508,1.283313870429993,1.5399766445159915,False,,NOT_TRIGGERED,,1.4562427997589111,-0.1347518586945342,-0.1347518586945342,-0.1347518586945342
2024-07-26,ASM,AUSSTRATMATERIALS ORDINARY,-0.0163934426229508,0.699999988079071,0.8399999856948852,False,,NOT_TRIGGERED,,0.5099999904632568,0.27142857264499276,0.27142857264499276,0.27142857264499276
2024-07-26,ARU,ARAFURA RARE EARTHS ORDINARY,-0.0163934426229508,0.1700000017881393,0.20400000214576713,False,,NOT_TRIGGERED,,0.1650000065565109,0.029411736347271233,0.029411736347271233,0.029411736347271233
2024-07-26,AQZ,ALLIANCE AVIATION ORDINARY,-0.0163934426229508,3.0316250324249268,3.6379500389099118,False,,NOT_TRIGGERED,,2.853875160217285,0.058631879043914426,0.058631879043914426,0.058631879043914426
2024-07-26,APX,APPEN LIMITED ORDINARY,-0.0163934426229508,0.4399999976158142,0.527999997138977,True,2024-07-30,STOPPED,0.5807999968528748,1.0,-1.272727285042282,-0.32000000000000006,-0.30000000000000004
2024-07-26,AMS,ATOMOS ORDINARY,-0.0163934426229508,0.0350000001490116,0.04200000017881392,True,2024-08-01,STOPPED,0.04620000019669531,0.0430000014603138,-0.22857146506406867,-0.32000000000000006,-0.22857146506406867
2024-07-26,CST,CASTILE RESOURCES ORDINARY,-0.0163934426229508,0.0799999982118606,0.09599999785423272,False,,NOT_TRIGGERED,,0.0700000002980232,0.12499997671693486,0.12499997671693486,0.12499997671693486
2024-07-26,BEN,BENDIGO AND ADELAIDE ORDINARY,-0.0163934426229508,11.110601425170898,13.332721710205078,False,,NOT_TRIGGERED,,10.823180198669434,0.025869097045486344,0.025869097045486344,0.025869097045486344
2024-07-26,4DX,4DMEDICAL LIMITED ORDINARY,-0.0163934426229508,0.5149999856948853,0.6179999828338623,False,,NOT_TRIGGERED,,0.4399999976158142,0.14563104885891243,0.14563104885891243,0.14563104885891243
2024-07-26,FML,FOCUS MINERALS LTD ORDINARY,-0.0163934426229508,0.125,0.15,True,2024-08-20,STOPPED,0.165,0.1400000005960464,-0.12000000476837114,-0.32000000000000006,-0.12000000476837114
2024-07-26,ILU,ILUKA RESOURCES ORDINARY,-0.0163934426229508,5.936960697174072,7.124352836608886,False,,NOT_TRIGGERED,,6.015078067779541,-0.013157804908941362,-0.013157804908941362,-0.013157804908941362
2024-07-26,HZN,HORIZON OIL LIMITED ORDINARY,-0.0163934426229508,0.1512824594974517,0.18153895139694204,False,,NOT_TRIGGERED,,0.1437183320522308,0.0500000295496803,0.0500000295496803,0.0500000295496803
2024-07-26,GWA,GWA GROUP LTD ORDINARY,-0.0163934426229508,2.272159576416016,2.726591491699219,False,,NOT_TRIGGERED,,2.189760684967041,0.036264570633259274,0.036264570633259274,0.036264570633259274
2024-07-26,CTM,CENTAURUS METALS LTD ORDINARY,-0.0163934426229508,0.3499999940395355,0.4199999928474426,False,,NOT_TRIGGERED,,0.4000000059604645,-0.14285717934978304,-0.14285717934978304,-0.14285717934978304
2024-07-26,GLL,GALILEE ENERGY LTD ORDINARY,-0.0163934426229508,0.0260000005364418,0.031200000643730158,False,,NOT_TRIGGERED,,0.0149999996647238,0.42307694787545536,0.42307694787545536,0.42307694787545536
2024-07-26,GLN,GALAN LITHIUM LTD ORDINARY,-0.0163934426229508,0.1449999958276748,0.17399999499320976,True,2024-08-05,STOPPED,0.19139999449253076,0.1400000005960464,0.034482726727597,-0.32000000000000006,0.034482726727597
2024-07-26,ERA,ENERGY RESOURCES ORDINARY 'A',-0.0163934426229508,0.0320000015199184,0.03840000182390208,False,,NOT_TRIGGERED,,0.0049999998882412,0.8437500109139385,0.8437500109139385,0.8437500109139385
2024-07-26,EOS,ELECTRO OPTIC SYS. ORDINARY,-0.0163934426229508,1.9049999713897705,2.2859999656677243,False,,NOT_TRIGGERED,,1.5149999856948853,0.2047244050142244,0.2047244050142244,0.2047244050142244
2024-07-26,EDE,EDEN INV LTD ORDINARY,-0.0163934426229508,0.0399999991059303,0.04799999892711636,False,,NOT_TRIGGERED,,0.0399999991059303,-0.0,-0.0,-0.0
2024-07-26,DUB,DUBBER CORP LTD ORDINARY,-0.0163934426229508,0.0419999994337558,0.050399999320506955,False,,NOT_TRIGGERED,,0.0340000018477439,0.19047613556828347,0.19047613556828347,0.19047613556828347
2024-07-26,DEV,DEVEX RESOURCES LTD ORDINARY,-0.0163934426229508,0.2549999952316284,0.3059999942779541,False,,NOT_TRIGGERED,,0.1949999928474426,0.23529413139668887,0.23529413139668887,0.23529413139668887
2024-07-26,FBR,FBR LTD ORDINARY,-0.0163934426229508,0.0460000000894069,0.055200000107288275,False,,NOT_TRIGGERED,,0.0390000008046627,0.1521738971986697,0.1521738971986697,0.1521738971986697
2024-07-26,88E,88 ENERGY LTD ORDINARY,-0.0163934426229508,0.050000000745058,0.060000000894069594,True,2024-07-29,STOPPED,0.07500000298023224,0.050000000745058,-0.0,-0.5000000372529043,-0.0
2024-07-26,CXO,CORE LITHIUM ORDINARY,-0.0163934426229508,0.0970000028610229,0.11640000343322747,False,,NOT_TRIGGERED,,0.0939999967813491,0.030927896816374978,0.030927896816374978,0.030927896816374978
2024-07-26,INR,IONEER LTD ORDINARY,-0.0163934426229508,0.135000005364418,0.16200000643730159,True,2024-08-30,STOPPED,0.17820000708103176,0.1650000065565109,-0.22222222222222232,-0.32000000000000006,-0.22222222222222232
2024-07-26,IXR,IONIC RARE EARTHS ORDINARY,-0.0163934426229508,0.3000000119209289,0.3600000143051147,False,,NOT_TRIGGERED,,0.1800000071525573,0.40000000000000013,0.40000000000000013,0.40000000000000013
2024-07-26,KGN,KOGAN.COM LTD ORDINARY,-0.0163934426229508,4.055934429168701,4.867121315002441,False,,NOT_TRIGGERED,,4.391597747802734,-0.08275856636637746,-0.08275856636637746,-0.08275856636637746
2024-07-26,NEU,NEUREN PHARMACEUT. ORDINARY,-0.0163934426229508,20.170000076293945,24.204000091552732,False,,NOT_TRIGGERED,,15.59000015258789,0.2270699011592462,0.2270699011592462,0.2270699011592462
2024-07-26,NCK,NICK SCALI LIMITED ORDINARY,-0.0163934426229508,13.852595329284668,16.623114395141602,False,,NOT_TRIGGERED,,14.345005989074709,-0.03554645523709721,-0.03554645523709721,-0.03554645523709721
2024-07-26,MYS,MYSTATE LIMITED ORDINARY,-0.0163934426229508,3.459853172302246,4.151823806762695,False,,NOT_TRIGGERED,,3.5491943359375,-0.02582224134552069,-0.02582224134552069,-0.02582224134552069
2024-07-26,MVP,MEDICAL DEVELOPMENTS ORDINARY,-0.0163934426229508,0.4724250137805938,0.5669100165367126,False,,NOT_TRIGGERED,,0.4050000011920929,0.1427210893194043,0.1427210893194043,0.1427210893194043
2024-07-26,LKE,LAKE RESOURCES ORDINARY,-0.0163934426229508,0.0359999984502792,0.04319999814033504,False,,NOT_TRIGGERED,,0.0399999991059303,-0.11111113410673146,-0.11111113410673146,-0.11111113410673146
2024-07-26,MME,MONEYME LIMITED ORDINARY,-0.0163934426229508,0.0740000009536743,0.08880000114440915,True,2024-08-02,STOPPED,0.09768000125885008,0.1049999967217445,-0.41891885633186554,-0.32000000000000006,-0.30000000000000004
2024-07-26,MIN,MINERAL RESOURCES. ORDINARY,-0.0163934426229508,53.66999816894531,64.40399780273437,False,,NOT_TRIGGERED,,40.150001525878906,0.2519097653125948,0.2519097653125948,0.2519097653125948
2024-07-26,MGX,MOUNT GIBSON IRON ORDINARY,-0.0163934426229508,0.3650000095367431,0.43800001144409173,False,,NOT_TRIGGERED,,0.3050000071525574,0.1643835638808272,0.1643835638808272,0.1643835638808272
2024-07-26,LYC,LYNAS RARE EARTHS ORDINARY,-0.0163934426229508,6.150000095367432,7.380000114440918,False,,NOT_TRIGGERED,,7.059999942779541,-0.14796745256924115,-0.14796745256924115,-0.14796745256924115
2024-07-26,LOT,LOTUS RESOURCES LTD ORDINARY,-0.0163934426229508,2.990000009536743,3.5880000114440915,False,,NOT_TRIGGERED,,2.6449999809265137,0.11538462458522947,0.11538462458522947,0.11538462458522947
2024-07-26,PAR,PARADIGM BIO. ORDINARY,-0.0163934426229508,0.2549999952316284,0.3059999942779541,False,,NOT_TRIGGERED,,0.2450000047683715,0.03921564960883028,0.03921564960883028,0.03921564960883028
2024-07-26,MSB,MESOBLAST LIMITED ORDINARY,-0.0163934426229508,1.125,1.3499999999999999,False,,NOT_TRIGGERED,,1.0299999713897705,0.0844444698757596,0.0844444698757596,0.0844444698757596
2024-07-26,PDN,PALADIN ENERGY LTD ORDINARY,-0.0163934426229508,11.43000030517578,13.716000366210935,False,,NOT_TRIGGERED,,9.789999961853027,0.14348209094798714,0.14348209094798714,0.14348209094798714
2024-07-26,SPL,STARPHARMA HOLDINGS ORDINARY,-0.0163934426229508,0.096000000834465,0.115200001001358,False,,NOT_TRIGGERED,,0.0979999974370002,-0.020833297761984948,-0.020833297761984948,-0.020833297761984948
2024-07-26,OCC,ORTHOCELL LIMITED ORDINARY,-0.0163934426229508,0.3849999904632568,0.4619999885559081,False,,NOT_TRIGGERED,,0.3799999952316284,0.01298700092333005,0.01298700092333005,0.01298700092333005
2024-07-26,PPK,PPK GROUP LIMITED ORDINARY,-0.0163934426229508,0.4699999988079071,0.5639999985694885,True,2024-08-15,STOPPED,0.6203999984264373,0.4099999964237213,0.12765957986461252,-0.31999999999999984,0.12765957986461252
2024-07-26,PEN,PENINSULA ENERGY LTD ORDINARY,-0.0163934426229508,2.200000047683716,2.6400000572204587,False,,NOT_TRIGGERED,,1.600000023841858,0.2727272776532763,0.2727272776532763,0.2727272776532763
2024-07-26,LIC,LIFESTYLE COMMUNIT. ORDINARY,-0.0163934426229508,9.388315200805664,11.265978240966797,False,,NOT_TRIGGERED,,7.669608116149902,0.18306874533870254,0.18306874533870254,0.18306874533870254
2024-07-26,WBT,WEEBIT NANO LTD ORDINARY,-0.0163934426229508,2.309999942779541,2.7719999313354493,False,,NOT_TRIGGERED,,2.299999952316284,0.00432900030777672,0.00432900030777672,0.00432900030777672
2024-07-26,PLS,PILBARA MIN LTD ORDINARY,-0.0163934426229508,2.9800000190734863,3.5760000228881834,False,,NOT_TRIGGERED,,2.970000028610229,0.0033557014762591875,0.0033557014762591875,0.0033557014762591875
2024-07-26,TTT,TITOMIC LIMITED ORDINARY,-0.0163934426229508,0.1599999964237213,0.19199999570846557,True,2024-08-12,STOPPED,0.21119999527931216,0.1899999976158142,-0.1875000116415324,-0.32000000000000006,-0.1875000116415324
2024-07-26,TLG,TALGA GROUP LTD ORDINARY,-0.0163934426229508,0.4950000047683716,0.5940000057220459,False,,NOT_TRIGGERED,,0.4350000023841858,0.12121212486101285,0.12121212486101285,0.12121212486101285
2024-07-26,VUL,VULCAN ENERGY ORDINARY,-0.0163934426229508,4.440000057220459,5.328000068664551,False,,NOT_TRIGGERED,,3.910000085830689,0.11936936138725229,0.11936936138725229,0.11936936138725229
2024-07-26,SXL,STHN CROSS MEDIA ORDINARY,-0.0163934426229508,0.6186746954917908,0.7424096345901489,False,,NOT_TRIGGERED,,0.5187349915504456,0.16153837334805188,0.16153837334805188,0.16153837334805188
2024-07-26,SRL,SUNRISE ORDINARY,-0.0163934426229508,0.4099999964237213,0.49199999570846553,False,,NOT_TRIGGERED,,0.4600000083446502,-0.12195124965136728,-0.12195124965136728,-0.12195124965136728
2024-07-26,SLX,SILEX SYSTEMS ORDINARY,-0.0163934426229508,4.550000190734863,5.460000228881836,False,,NOT_TRIGGERED,,3.890000104904175,0.14505495783816502,0.14505495783816502,0.14505495783816502
2024-07-26,SHV,SELECT HARVESTS ORDINARY,-0.0163934426229508,4.210000038146973,5.052000045776367,False,,NOT_TRIGGERED,,4.079999923706055,0.030878886760803304,0.030878886760803304,0.030878886760803304
2024-07-26,SGR,THE STAR ENT GRP ORDINARY,-0.0163934426229508,0.5099999904632568,0.6119999885559082,False,,NOT_TRIGGERED,,0.449999988079071,0.11764706569834449,0.11764706569834449,0.11764706569834449
2024-07-26,SYR,SYRAH RESOURCES ORDINARY,-0.0163934426229508,0.2649999856948852,0.3179999828338622,False,,NOT_TRIGGERED,,0.2249999940395355,0.15094337288532822,0.15094337288532822,0.15094337288532822
2024-08-30,BKY,BERKELEY ENERGIA LTD ORDINARY,-0.0163934426229508,0.3549999892711639,0.42599998712539666,False,,NOT_TRIGGERED,,0.3300000131130218,0.0704224701794176,0.0704224701794176,0.0704224701794176
2024-08-30,BEN,BENDIGO AND ADELAIDE ORDINARY,-0.0163934426229508,10.823180198669434,12.98781623840332,False,,NOT_TRIGGERED,,10.546135902404783,0.025597309772104615,0.025597309772104615,0.025597309772104615
2024-08-30,BBN,BABY BUNTING GRP LTD ORDINARY,-0.0163934426229508,1.6399999856948853,1.9679999828338621,False,,NOT_TRIGGERED,,1.7799999713897705,-0.08536584568052041,-0.08536584568052041,-0.08536584568052041
2024-08-30,ASM,AUSSTRATMATERIALS ORDINARY,-0.0163934426229508,0.5099999904632568,0.6119999885559082,True,2024-09-05,STOPPED,0.6731999874114991,0.5849999785423279,-0.14705880290496687,-0.3200000000000003,-0.14705880290496687
2024-08-30,APX,APPEN LIMITED ORDINARY,-0.0163934426229508,1.0,1.2,True,2024-09-09,STOPPED,1.32,1.9600000381469729,-0.9600000381469729,-0.32000000000000006,-0.30000000000000004
2024-08-30,HGO,HILLGROVE RES LTD ORDINARY,-0.0163934426229508,0.0529999993741512,0.06359999924898144,True,2024-09-27,STOPPED,0.06995999917387959,0.0640000030398368,-0.20754724142601488,-0.32000000000000006,-0.20754724142601488
2024-08-30,AMS,ATOMOS ORDINARY,-0.0163934426229508,0.0430000014603138,0.051600001752376556,False,,NOT_TRIGGERED,,0.0340000018477439,0.20930230946332207,0.20930230946332207,0.20930230946332207
2024-08-30,AFG,AUST FINANCE GRP ORDINARY,-0.0163934426229508,1.4562427997589111,1.7474913597106934,False,,NOT_TRIGGERED,,1.5488606691360474,-0.06360056811437609,-0.06360056811437609,-0.06360056811437609
2024-08-30,AAC,AUSTRALIAN AGRICULT. ORDINARY,-0.0163934426229508,1.399999976158142,1.6799999713897704,False,,NOT_TRIGGERED,,1.399999976158142,-0.0,-0.0,-0.0
2024-08-30,88E,88 ENERGY LTD ORDINARY,-0.0163934426229508,0.050000000745058,0.060000000894069594,True,2024-09-02,STOPPED,0.06600000098347655,0.050000000745058,-0.0,-0.31999999999999984,-0.0
2024-08-30,4DX,4DMEDICAL LIMITED ORDINARY,-0.0163934426229508,0.4399999976158142,0.527999997138977,True,2024-09-27,STOPPED,0.5807999968528748,0.5299999713897705,-0.20454539604916033,-0.32000000000000006,-0.20454539604916033
2024-08-30,BOT,BOTANIX PHARMA LTD ORDINARY,-0.0163934426229508,0.4000000059604645,0.48000000715255736,False,,NOT_TRIGGERED,,0.3700000047683716,0.0750000018626451,0.0750000018626451,0.0750000018626451
2024-08-30,APE,EAGERS AUTOMOTIVE ORDINARY,-0.0163934426229508,9.580693244934082,11.496831893920898,False,,NOT_TRIGGERED,,10.216663360595703,-0.06638038599115981,-0.06638038599115981,-0.06638038599115981
2024-08-30,BRN,BRAINCHIP LTD ORDINARY,-0.0163934426229508,0.1700000017881393,0.20400000214576713,True,2024-09-27,STOPPED,0.22440000236034385,0.2300000041723251,-0.3529411867828107,-0.32000000000000006,-0.30000000000000004
2024-08-30,FBR,FBR LTD ORDINARY,-0.0163934426229508,0.0390000008046627,0.04680000096559524,True,2024-09-18,STOPPED,0.051480001062154765,0.0460000000894069,-0.17948715744404042,-0.32000000000000006,-0.17948715744404042
2024-08-30,CAT,CATAPULT GRP INT LTD ORDINARY,-0.0163934426229508,2.119999885559082,2.543999862670898,True,2024-09-20,STOPPED,2.798399848937988,2.380000114440918,-0.12264162401747924,-0.32000000000000006,-0.12264162401747924
2024-08-30,GLN,GALAN LITHIUM LTD ORDINARY,-0.0163934426229508,0.1400000005960464,0.16800000071525567,False,,NOT_TRIGGERED,,0.1150000020861625,0.17857141716747893,0.17857141716747893,0.17857141716747893
2024-08-30,BUB,BUBS AUST LTD ORDINARY,-0.0163934426229508,0.1199999973177909,0.1439999967813491,False,,NOT_TRIGGERED,,0.135000005364418,-0.12500006984919532,-0.12500006984919532,-0.12500006984919532
2024-08-30,GLL,GALILEE ENERGY LTD ORDINARY,-0.0163934426229508,0.0149999996647238,0.01799999959766856,False,,NOT_TRIGGERED,,0.0130000002682209,0.13333329608042543,0.13333329608042543,0.13333329608042543
2024-08-30,FML,FOCUS MINERALS LTD ORDINARY,-0.0163934426229508,0.1400000005960464,0.16800000071525567,False,,NOT_TRIGGERED,,0.1500000059604644,-0.07142860944173735,-0.07142860944173735,-0.07142860944173735
2024-08-30,EOS,ELECTRO OPTIC SYS. ORDINARY,-0.0163934426229508,1.5149999856948853,1.8179999828338622,False,,NOT_TRIGGERED,,1.5449999570846558,-0.019801961500356402,-0.019801961500356402,-0.019801961500356402
2024-08-30,ERA,ENERGY RESOURCES ORDINARY 'A',-0.0163934426229508,0.0049999998882412,0.00599999986588944,True,2024-09-03,STOPPED,0.006599999852478384,0.0099999997764825,-1.00000000000002,-0.32000000000000006,-0.30000000000000004
2024-08-30,DEV,DEVEX RESOURCES LTD ORDINARY,-0.0163934426229508,0.1949999928474426,0.23399999141693112,False,,NOT_TRIGGERED,,0.1400000005960464,0.28205125266043063,0.28205125266043063,0.28205125266043063
2024-08-30,CXO,CORE LITHIUM ORDINARY,-0.0163934426229508,0.0939999967813491,0.11279999613761892,True,2024-09-30,STOPPED,0.12407999575138082,0.1150000020861625,-0.22340431940291405,-0.32000000000000006,-0.22340431940291405
2024-08-30,CXL,CALIX LIMITED ORDINARY,-0.0163934426229508,0.959999978542328,1.1519999742507936,True,2024-09-12,STOPPED,1.267199971675873,1.2000000476837158,-0.25000007761021603,-0.32000000000000006,-0.25000007761021603
2024-08-30,EDE,EDEN INV LTD ORDINARY,-0.0163934426229508,0.0399999991059303,0.04799999892711636,False,,NOT_TRIGGERED,,0.0399999991059303,-0.0,-0.0,-0.0
2024-08-30,CCX,CITY CHIC COLLECTIVE ORDINARY,-0.0163934426229508,0.1500000059604644,0.18000000715255726,False,,NOT_TRIGGERED,,0.1199999973177909,0.20000004967053542,0.20000004967053542,0.20000004967053542
2024-08-30,GWA,GWA GROUP LTD ORDINARY,-0.0163934426229508,2.189760684967041,2.6277128219604493,False,,NOT_TRIGGERED,,2.1806368827819824,0.004166575026985586,0.004166575026985586,0.004166575026985586
2024-08-30,ARU,ARAFURA RARE EARTHS ORDINARY,-0.0163934426229508,0.1650000065565109,0.19800000786781308,False,,NOT_TRIGGERED,,0.1800000071525573,-0.0909090909090906,-0.0909090909090906,-0.0909090909090906
2024-08-30,TTT,TITOMIC LIMITED ORDINARY,-0.0163934426229508,0.1899999976158142,0.22799999713897703,False,,NOT_TRIGGERED,,0.1150000020861625,0.3947368235304086,0.3947368235304086,0.3947368235304086
2024-08-30,CST,CASTILE RESOURCES ORDINARY,-0.0163934426229508,0.0700000002980232,0.08400000035762784,False,,NOT_TRIGGERED,,0.0780000016093254,-0.11428573253203433,-0.11428573253203433,-0.11428573253203433
2024-08-30,S2R,S2 RESOURCES ORDINARY,-0.0163934426229508,0.125,0.15,False,,NOT_TRIGGERED,,0.0820000022649765,0.343999981880188,0.343999981880188,0.343999981880188
2024-08-30,ILU,ILUKA RESOURCES ORDINARY,-0.0163934426229508,6.015078067779541,7.218093681335449,False,,NOT_TRIGGERED,,6.458201885223389,-0.07366883894948795,-0.07366883894948795,-0.07366883894948795
2024-08-30,PEN,PENINSULA ENERGY LTD ORDINARY,-0.0163934426229508,1.600000023841858,1.9200000286102294,True,2024-09-26,STOPPED,2.1120000314712524,1.9600000381469729,-0.22500000558793554,-0.32000000000000006,-0.22500000558793554
2024-08-30,PDN,PALADIN ENERGY LTD ORDINARY,-0.0163934426229508,9.789999961853027,11.747999954223632,True,2024-09-27,STOPPED,12.922799949645995,11.65999984741211,-0.1910112250097633,-0.31999999999999984,-0.1910112250097633
2024-08-30,NEU,NEUREN PHARMACEUT. ORDINARY,-0.0163934426229508,15.59000015258789,18.70800018310547,False,,NOT_TRIGGERED,,14.050000190734863,0.0987812666311868,0.0987812666311868,0.0987812666311868
2024-08-30,MYS,MYSTATE LIMITED ORDINARY,-0.0163934426229508,3.5491943359375,4.259033203125,False,,NOT_TRIGGERED,,3.3638579845428467,0.05221927396818571,0.05221927396818571,0.05221927396818571
2024-08-30,MVP,MEDICAL DEVELOPMENTS ORDINARY,-0.0163934426229508,0.4050000011920929,0.4860000014305115,False,,NOT_TRIGGERED,,0.449999988079071,-0.11111107840623058,-0.11111107840623058,-0.11111107840623058
2024-08-30,IXR,IONIC RARE EARTHS ORDINARY,-0.0163934426229508,0.1800000071525573,0.21600000858306875,True,2024-09-12,STOPPED,0.23760000944137566,0.3000000119209289,-0.6666666666666672,-0.3200000000000003,-0.30000000000000004
2024-08-30,LYC,LYNAS RARE EARTHS ORDINARY,-0.0163934426229508,7.059999942779541,8.471999931335448,False,,NOT_TRIGGERED,,7.610000133514404,-0.07790371036721666,-0.07790371036721666,-0.07790371036721666
2024-08-30,LKE,LAKE RESOURCES ORDINARY,-0.0163934426229508,0.0399999991059303,0.04799999892711636,False,,NOT_TRIGGERED,,0.0390000008046627,0.02499995809048272,0.02499995809048272,0.02499995809048272
2024-08-30,LIC,LIFESTYLE COMMUNIT. ORDINARY,-0.0163934426229508,7.669608116149902,9.203529739379883,False,,NOT_TRIGGERED,,8.899999618530273,-0.1604242985752471,-0.1604242985752471,-0.1604242985752471
2024-08-30,KGN,KOGAN.COM LTD ORDINARY,-0.0163934426229508,4.391597747802734,5.269917297363281,False,,NOT_TRIGGERED,,4.8252716064453125,-0.09875081543148156,-0.09875081543148156,-0.09875081543148156
2024-08-30,PLS,PILBARA MIN LTD ORDINARY,-0.0163934426229508,2.970000028610229,3.564000034332275,False,,NOT_TRIGGERED,,3.049999952316284,-0.02693600098835347,-0.02693600098835347,-0.02693600098835347
2024-08-30,MIN,MINERAL RESOURCES. ORDINARY,-0.0163934426229508,40.150001525878906,48.18000183105469,True,2024-09-27,STOPPED,52.998002014160164,50.9900016784668,-0.2699875402395915,-0.3200000000000003,-0.2699875402395915
2024-08-30,PWH,PWR HOLDINGS LIMITED ORDINARY,-0.0163934426229508,8.971317291259766,10.765580749511718,False,,NOT_TRIGGERED,,8.984124183654785,-0.0014275375598962192,-0.0014275375598962192,-0.0014275375598962192
2024-08-30,LOT,LOTUS RESOURCES LTD ORDINARY,-0.0163934426229508,2.6449999809265137,3.173999977111816,True,2024-09-24,STOPPED,3.4913999748229982,3.047499895095825,-0.15217388169066082,-0.32000000000000006,-0.15217388169066082
2024-08-30,SGR,THE STAR ENT GRP ORDINARY,-0.0163934426229508,0.449999988079071,0.5399999856948852,False,,NOT_TRIGGERED,,0.2649999856948852,0.4111111273000274,0.4111111273000274,0.4111111273000274
2024-08-30,INR,IONEER LTD ORDINARY,-0.0163934426229508,0.1650000065565109,0.19800000786781308,True,2024-09-20,STOPPED,0.2178000086545944,0.2049999982118606,-0.2424241822175328,-0.32000000000000006,-0.2424241822175328
2024-08-30,SRV,SERVCORP LIMITED ORDINARY,-0.0163934426229508,4.389816284179688,5.267779541015626,False,,NOT_TRIGGERED,,4.875778198242188,-0.11070210746947251,-0.11070210746947251,-0.11070210746947251
2024-08-30,VUL,VULCAN ENERGY ORDINARY,-0.0163934426229508,3.910000085830689,4.692000102996826,False,,NOT_TRIGGERED,,4.199999809265137,-0.0741687255929655,-0.0741687255929655,-0.0741687255929655
2024-08-30,WBT,WEEBIT NANO LTD ORDINARY,-0.0163934426229508,2.299999952316284,2.7599999427795407,False,,NOT_TRIGGERED,,1.899999976158142,0.17391303671780955,0.17391303671780955,0.17391303671780955
2024-08-30,TPW,TEMPLE & WEBSTER LTD ORDINARY,-0.0163934426229508,11.649999618530272,13.979999542236326,False,,NOT_TRIGGERED,,12.899999618530272,-0.10729614085238026,-0.10729614085238026,-0.10729614085238026
2024-08-30,SYR,SYRAH RESOURCES ORDINARY,-0.0163934426229508,0.2249999940395355,0.2699999928474426,True,2024-09-25,STOPPED,0.29699999213218686,0.2949999868869781,-0.3111110875635965,-0.32000000000000006,-0.30000000000000004
2024-08-30,TLG,TALGA GROUP LTD ORDINARY,-0.0163934426229508,0.4350000023841858,0.5220000028610229,False,,NOT_TRIGGERED,,0.3650000095367431,0.1609195229052428,0.1609195229052428,0.1609195229052428
2024-08-30,SVL,SILVER MINES LIMITED ORDINARY,-0.0163934426229508,0.0939999967813491,0.11279999613761892,False,,NOT_TRIGGERED,,0.1000000014901161,-0.063829839512904,-0.063829839512904,-0.063829839512904
2024-08-30,SRL,SUNRISE ORDINARY,-0.0163934426229508,0.4600000083446502,0.5520000100135802,False,,NOT_TRIGGERED,,0.4000000059604645,0.1304347854255502,0.1304347854255502,0.1304347854255502
2024-08-30,SPL,STARPHARMA HOLDINGS ORDINARY,-0.0163934426229508,0.0979999974370002,0.11759999692440024,False,,NOT_TRIGGERED,,0.0970000028610229,0.01020402655234931,0.01020402655234931,0.01020402655234931
2024-08-30,SLX,SILEX SYSTEMS ORDINARY,-0.0163934426229508,3.890000104904175,4.668000125885009,True,2024-10-03,STOPPED,5.13480013847351,4.5,-0.15681230813510516,-0.31999999999999984,-0.15681230813510516
2024-08-30,SHV,SELECT HARVESTS ORDINARY,-0.0163934426229508,4.079999923706055,4.895999908447266,False,,NOT_TRIGGERED,,3.539999961853028,0.1323529343016555,0.1323529343016555,0.1323529343016555
2024-08-30,SXL,STHN CROSS MEDIA ORDINARY,-0.0163934426229508,0.5187349915504456,0.6224819898605346,False,,NOT_TRIGGERED,,0.4568674862384796,0.11926611144363009,0.11926611144363009,0.11926611144363009
2024-09-27,ASB,AUSTAL LIMITED ORDINARY,-0.0166666666666666,2.8299999237060547,3.3959999084472656,False,,NOT_TRIGGERED,,3.1600000858306885,-0.11660783428307608,-0.11660783428307608,-0.11660783428307608
2024-09-27,BMN,BANNERMAN ENERGY LTD ORDINARY,-0.0166666666666666,3.140000104904175,3.7680001258850098,False,,NOT_TRIGGERED,,2.970000028610229,0.05414014987720317,0.05414014987720317,0.05414014987720317
2024-09-27,BEN,BENDIGO AND ADELAIDE ORDINARY,-0.0166666666666666,10.740067481994627,12.888080978393551,False,,NOT_TRIGGERED,,11.321859359741213,-0.05417022553367934,-0.05417022553367934,-0.05417022553367934
2024-09-27,ASM,AUSSTRATMATERIALS ORDINARY,-0.0166666666666666,0.6299999952316284,0.7559999942779541,False,,NOT_TRIGGERED,,0.5550000071525574,0.11904760102656231,0.11904760102656231,0.11904760102656231
2024-09-27,ARU,ARAFURA RARE EARTHS ORDINARY,-0.0166666666666666,0.1749999970197677,0.20999999642372125,False,,NOT_TRIGGERED,,0.1550000011920929,0.11428569239012987,0.11428569239012987,0.11428569239012987
2024-09-27,88E,88 ENERGY LTD ORDINARY,-0.0166666666666666,0.050000000745058,0.060000000894069594,True,2024-09-30,STOPPED,0.06600000098347655,0.050000000745058,-0.0,-0.31999999999999984,-0.0
2024-09-27,AQZ,ALLIANCE AVIATION ORDINARY,-0.0166666666666666,2.9427499771118164,3.5312999725341796,False,,NOT_TRIGGERED,,2.616875171661377,0.1107381897833779,0.1107381897833779,0.1107381897833779
2024-09-27,APX,APPEN LIMITED ORDINARY,-0.0166666666666666,1.9700000286102293,2.364000034332275,True,2024-10-15,STOPPED,2.6004000377655028,1.919999957084656,0.025380746598692494,-0.32000000000000006,0.025380746598692494
2024-09-27,AMS,ATOMOS ORDINARY,-0.0166666666666666,0.0390000008046627,0.04680000096559524,False,,NOT_TRIGGERED,,0.0289999991655349,0.25641029314882047,0.25641029314882047,0.25641029314882047
2024-09-27,AFG,AUST FINANCE GRP ORDINARY,-0.0166666666666666,1.4928778409957886,1.7914534091949463,False,,NOT_TRIGGERED,,1.511538863182068,-0.01250003293895241,-0.01250003293895241,-0.01250003293895241
2024-09-27,BOE,BOSS ENERGY LTD ORDINARY,-0.0166666666666666,3.3399999141693115,4.007999897003174,False,,NOT_TRIGGERED,,3.440000057220459,-0.029940163359560623,-0.029940163359560623,-0.029940163359560623
2024-09-27,ARB,ARB CORPORATION. ORDINARY,-0.0166666666666666,44.761680603027344,53.71401672363281,False,,NOT_TRIGGERED,,39.45208740234375,0.11861916552624907,0.11861916552624907,0.11861916552624907
2024-09-27,BRN,BRAINCHIP LTD ORDINARY,-0.0166666666666666,0.1949999928474426,0.23399999141693112,True,2024-09-30,STOPPED,0.2573999905586242,0.2450000047683715,-0.2564103269482998,-0.32000000000000006,-0.2564103269482998
2024-09-27,DUB,DUBBER CORP LTD ORDINARY,-0.0166666666666666,0.0320000015199184,0.03840000182390208,False,,NOT_TRIGGERED,,0.0179999992251396,0.43750005093170075,0.43750005093170075,0.43750005093170075
2024-09-27,CAT,CATAPULT GRP INT LTD ORDINARY,-0.0166666666666666,2.430000066757202,2.9160000801086423,False,,NOT_TRIGGERED,,2.7300000190734863,-0.12345676710891196,-0.12345676710891196,-0.12345676710891196
2024-09-27,BUB,BUBS AUST LTD ORDINARY,-0.0166666666666666,0.1299999952316284,0.15599999427795405,False,,NOT_TRIGGERED,,0.1199999973177909,0.07692306369719415,0.07692306369719415,0.07692306369719415
2024-09-27,GLN,GALAN LITHIUM LTD ORDINARY,-0.0166666666666666,0.1199999973177909,0.1439999967813491,True,2024-10-07,STOPPED,0.15839999645948402,0.1700000017881393,-0.416666713232797,-0.3200000000000003,-0.30000000000000004
2024-09-27,GLL,GALILEE ENERGY LTD ORDINARY,-0.0166666666666666,0.0140000004321336,0.01680000051856032,False,,NOT_TRIGGERED,,0.0140000004321336,-0.0,-0.0,-0.0
2024-09-27,FML,FOCUS MINERALS LTD ORDINARY,-0.0166666666666666,0.135000005364418,0.16200000643730159,True,2024-10-14,STOPPED,0.17820000708103176,0.1850000023841858,-0.3703703335773816,-0.32000000000000006,-0.30000000000000004
2024-09-27,EOS,ELECTRO OPTIC SYS. ORDINARY,-0.0166666666666666,1.3949999809265137,1.6739999771118164,True,2024-10-09,STOPPED,1.841399974822998,1.409999966621399,-0.010752678064499088,-0.32000000000000006,-0.010752678064499088
2024-09-27,EDE,EDEN INV LTD ORDINARY,-0.0166666666666666,0.0399999991059303,0.04799999892711636,False,,NOT_TRIGGERED,,0.0399999991059303,-0.0,-0.0,-0.0
2024-09-27,ERA,ENERGY RESOURCES ORDINARY 'A',-0.0166666666666666,0.0070000002160668,0.00840000025928016,True,2024-10-03,STOPPED,0.009240000285208176,0.0020000000949949,0.7142857095340676,-0.32000000000000006,0.7142857095340676
2024-09-27,DRR,DETERRA ORDINARY,-0.0166666666666666,3.682760000228882,4.419312000274658,False,,NOT_TRIGGERED,,3.471001148223877,0.05750004127117814,0.05750004127117814,0.05750004127117814
2024-09-27,DEV,DEVEX RESOURCES LTD ORDINARY,-0.0166666666666666,0.1599999964237213,0.19199999570846557,False,,NOT_TRIGGERED,,0.1299999952316284,0.18750001164153263,0.18750001164153263,0.18750001164153263
2024-09-27,CXO,CORE LITHIUM ORDINARY,-0.0166666666666666,0.1000000014901161,0.12000000178813933,True,2024-09-30,STOPPED,0.13200000196695327,0.1099999994039535,-0.09999997764825808,-0.32000000000000006,-0.09999997764825808
2024-09-27,CXL,CALIX LIMITED ORDINARY,-0.0166666666666666,1.1050000190734863,1.3260000228881836,False,,NOT_TRIGGERED,,0.8899999856948853,0.19457016259499527,0.19457016259499527,0.19457016259499527
2024-09-27,4DX,4DMEDICAL LIMITED ORDINARY,-0.0166666666666666,0.6299999952316284,0.7559999942779541,False,,NOT_TRIGGERED,,0.5350000262260437,0.15079360273749942,0.15079360273749942,0.15079360273749942
2024-09-27,INR,IONEER LTD ORDINARY,-0.0166666666666666,0.2300000041723251,0.2760000050067901,True,2024-10-21,STOPPED,0.30360000550746913,0.2800000011920929,-0.21739128744669856,-0.31999999999999984,-0.21739128744669856
2024-09-27,ILU,ILUKA RESOURCES ORDINARY,-0.0166666666666666,6.7629265785217285,8.115511894226074,False,,NOT_TRIGGERED,,5.89790153503418,0.1279069103359436,0.1279069103359436,0.1279069103359436
2024-09-27,CLV,CLOVER CORPORATION ORDINARY,-0.0166666666666666,0.4790354371070862,0.5748425245285034,False,,NOT_TRIGGERED,,0.4949211180210113,-0.03316180742255592,-0.03316180742255592,-0.03316180742255592
2024-09-27,IXR,IONIC RARE EARTHS ORDINARY,-0.0166666666666666,0.2399999946355819,0.28799999356269823,True,2024-10-04,STOPPED,0.3167999929189681,0.2849999964237213,-0.18750001164153285,-0.32000000000000006,-0.18750001164153285
2024-09-27,MYS,MYSTATE LIMITED ORDINARY,-0.0166666666666666,3.4287257194519043,4.114470863342285,False,,NOT_TRIGGERED,,3.502860307693481,-0.02162161523186157,-0.02162161523186157,-0.02162161523186157
2024-09-27,NVX,NOVONIX LIMITED ORDINARY,-0.0166666666666666,0.7099999785423279,0.8519999742507934,True,2024-10-10,STOPPED,0.9371999716758729,0.6899999976158142,0.028168988071767043,-0.32000000000000006,0.028168988071767043
2024-09-27,NEU,NEUREN PHARMACEUT. ORDINARY,-0.0166666666666666,15.270000457763672,18.324000549316406,False,,NOT_TRIGGERED,,12.25,0.19777343596792252,0.19777343596792252,0.19777343596792252
2024-09-27,NAN,NANOSONICS LIMITED ORDINARY,-0.0166666666666666,3.7300000190734863,4.476000022888184,False,,NOT_TRIGGERED,,3.200000047683716,0.14209114441812254,0.14209114441812254,0.14209114441812254
2024-09-27,MVP,MEDICAL DEVELOPMENTS ORDINARY,-0.0166666666666666,0.4300000071525574,0.5160000085830688,False,,NOT_TRIGGERED,,0.4749999940395355,-0.10465113055454633,-0.10465113055454633,-0.10465113055454633
2024-09-27,LIC,LIFESTYLE COMMUNIT. ORDINARY,-0.0166666666666666,8.289999961853027,9.947999954223633,False,,NOT_TRIGGERED,,8.529999732971191,-0.02895051534650639,-0.02895051534650639,-0.02895051534650639
2024-09-27,MGX,MOUNT GIBSON IRON ORDINARY,-0.0166666666666666,0.324999988079071,0.3899999856948852,False,,NOT_TRIGGERED,,0.3199999928474426,0.015384601277006471,0.015384601277006471,0.015384601277006471
2024-09-27,LYC,LYNAS RARE EARTHS ORDINARY,-0.0166666666666666,7.760000228881836,9.312000274658203,False,,NOT_TRIGGERED,,7.78000020980835,-0.0025773170536871337,-0.0025773170536871337,-0.0025773170536871337
2024-09-27,LOT,LOTUS RESOURCES LTD ORDINARY,-0.0166666666666666,3.1624999046325684,3.794999885559082,False,,NOT_TRIGGERED,,3.047499895095825,0.03636364047577867,0.03636364047577867,0.03636364047577867
2024-09-27,LKE,LAKE RESOURCES ORDINARY,-0.0166666666666666,0.0399999991059303,0.04799999892711636,True,2024-10-10,STOPPED,0.052799998819828,0.0599999986588954,-0.4999999999999989,-0.32000000000000006,-0.30000000000000004
2024-09-27,PDN,PALADIN ENERGY LTD ORDINARY,-0.0166666666666666,11.739999771118164,14.087999725341797,False,,NOT_TRIGGERED,,10.15999984741211,0.1345826196345461,0.1345826196345461,0.1345826196345461
2024-09-27,MIN,MINERAL RESOURCES. ORDINARY,-0.0166666666666666,49.13999938964844,58.96799926757812,False,,NOT_TRIGGERED,,40.61000061035156,0.1735856509003897,0.1735856509003897,0.1735856509003897
2024-09-27,PEN,PENINSULA ENERGY LTD ORDINARY,-0.0166666666666666,1.8799999952316284,2.255999994277954,False,,NOT_TRIGGERED,,1.840000033378601,0.02127657550770312,0.02127657550770312,0.02127657550770312
2024-09-27,VUL,VULCAN ENERGY ORDINARY,-0.0166666666666666,4.550000190734863,5.460000228881836,True,2024-10-30,STOPPED,6.00600025177002,5.010000228881836,-0.10109890524481036,-0.32000000000000006,-0.10109890524481036
2024-09-27,TTT,TITOMIC LIMITED ORDINARY,-0.0166666666666666,0.1299999952316284,0.15599999427795405,True,2024-10-21,STOPPED,0.17159999370574947,0.1949999928474426,-0.5,-0.31999999999999984,-0.30000000000000004
2024-09-27,S2R,S2 RESOURCES ORDINARY,-0.0166666666666666,0.0799999982118606,0.09599999785423272,False,,NOT_TRIGGERED,,0.0769999995827674,0.03749998370185492,0.03749998370185492,0.03749998370185492
2024-09-27,PPK,PPK GROUP LIMITED ORDINARY,-0.0166666666666666,0.4099999964237213,0.49199999570846553,True,2024-10-28,STOPPED,0.5411999952793122,0.5350000262260437,-0.3048781241284184,-0.32000000000000006,-0.30000000000000004
2024-09-27,PLS,PILBARA MIN LTD ORDINARY,-0.0166666666666666,3.1600000858306885,3.792000102996826,False,,NOT_TRIGGERED,,2.890000104904175,0.08544302961799988,0.08544302961799988,0.08544302961799988
2024-09-27,KGN,KOGAN.COM LTD ORDINARY,-0.0166666666666666,4.882151126861572,5.8585813522338865,False,,NOT_TRIGGERED,,4.483994960784912,0.08155342916076624,0.08155342916076624,0.08155342916076624
2024-09-27,TOE,TORO ENERGY LIMITED ORDINARY,-0.0166666666666666,0.2249999940395355,0.2699999928474426,True,2024-10-01,STOPPED,0.29699999213218686,0.324999988079071,-0.44444442972724785,-0.32000000000000006,-0.30000000000000004
2024-09-27,SYR,SYRAH RESOURCES ORDINARY,-0.0166666666666666,0.2599999904632568,0.3119999885559081,True,2024-10-02,STOPPED,0.34319998741149893,0.2899999916553497,-0.11538462420187079,-0.31999999999999984,-0.11538462420187079
2024-09-27,SXL,STHN CROSS MEDIA ORDINARY,-0.0166666666666666,0.4759036302566528,0.5710843563079833,False,,NOT_TRIGGERED,,0.4901807308197021,-0.02999998246567226,-0.02999998246567226,-0.02999998246567226
2024-09-27,TLG,TALGA GROUP LTD ORDINARY,-0.0166666666666666,0.375,0.44999999999999996,True,2024-10-31,STOPPED,0.5400000214576721,0.6100000143051147,-0.6266667048136394,-0.440000057220459,-0.30000000000000004
2024-09-27,SRV,SERVCORP LIMITED ORDINARY,-0.0166666666666666,4.670285701751709,5.60434284210205,False,,NOT_TRIGGERED,,4.754350662231445,-0.017999960997719278,-0.017999960997719278,-0.017999960997719278
2024-09-27,SRL,SUNRISE ORDINARY,-0.0166666666666666,0.4199999868869781,0.5039999842643736,False,,NOT_TRIGGERED,,0.3449999988079071,0.17857140576352792,0.17857140576352792,0.17857140576352792
2024-09-27,SPL,STARPHARMA HOLDINGS ORDINARY,-0.0166666666666666,0.0989999994635582,0.11879999935626984,False,,NOT_TRIGGERED,,0.0970000028610229,0.02020198599366152,0.02020198599366152,0.02020198599366152
2024-09-27,SLX,SILEX SYSTEMS ORDINARY,-0.0166666666666666,4.190000057220459,5.028000068664551,True,2024-10-17,STOPPED,5.5308000755310065,5.110000133514404,-0.21957042093795343,-0.32000000000000006,-0.21957042093795343
2024-09-27,SHV,SELECT HARVESTS ORDINARY,-0.0166666666666666,3.680000066757202,4.416000080108643,False,,NOT_TRIGGERED,,3.609999895095825,0.019021785432482563,0.019021785432482563,0.019021785432482563
2024-09-27,SVL,SILVER MINES LIMITED ORDINARY,-0.0166666666666666,0.0939999967813491,0.11279999613761892,True,2024-10-15,STOPPED,0.12407999575138082,0.1150000020861625,-0.22340431940291405,-0.32000000000000006,-0.22340431940291405
2024-10-25,ARB,ARB CORPORATION. ORDINARY,-0.0169491525423728,38.75677108764648,46.508125305175774,False,,NOT_TRIGGERED,,40.44267654418945,-0.04349963655977396,-0.04349963655977396,-0.04349963655977396
2024-10-25,BOE,BOSS ENERGY LTD ORDINARY,-0.0169491525423728,3.619999885559082,4.343999862670898,False,,NOT_TRIGGERED,,2.7100000381469727,0.2513811812653045,0.2513811812653045,0.2513811812653045
2024-10-25,BMN,BANNERMAN ENERGY LTD ORDINARY,-0.0169491525423728,3.1700000762939453,3.804000091552734,False,,NOT_TRIGGERED,,2.720000028610229,0.14195584758780588,0.14195584758780588,0.14195584758780588
2024-10-25,BEN,BENDIGO AND ADELAIDE ORDINARY,-0.0169491525423728,11.368033409118652,13.641640090942383,False,,NOT_TRIGGERED,,12.393095970153809,-0.0901706147532011,-0.0901706147532011,-0.0901706147532011
2024-10-25,AQZ,ALLIANCE AVIATION ORDINARY,-0.0169491525423728,2.715625047683716,3.258750057220459,False,,NOT_TRIGGERED,,2.74524998664856,-0.010909068241991893,-0.010909068241991893,-0.010909068241991893
2024-10-25,INR,IONEER LTD ORDINARY,-0.0169491525423728,0.2750000059604645,0.33000000715255734,False,,NOT_TRIGGERED,,0.209999993443489,0.2363636767568661,0.2363636767568661,0.2363636767568661
2024-10-25,AMS,ATOMOS ORDINARY,-0.0169491525423728,0.0270000007003545,0.0324000008404254,False,,NOT_TRIGGERED,,0.0149999996647238,0.4444444712726672,0.4444444712726672,0.4444444712726672
2024-10-25,AFG,AUST FINANCE GRP ORDINARY,-0.0169491525423728,1.5488606691360474,1.8586328029632568,False,,NOT_TRIGGERED,,1.4322295188903809,0.07530125373428409,0.07530125373428409,0.07530125373428409
2024-10-25,88E,88 ENERGY LTD ORDINARY,-0.0169491525423728,0.0625,0.075,True,2024-10-28,STOPPED,0.0825,0.025000000372529,0.599999994039536,-0.32000000000000006,0.599999994039536
2024-10-25,4DX,4DMEDICAL LIMITED ORDINARY,-0.0169491525423728,0.5099999904632568,0.6119999885559082,False,,NOT_TRIGGERED,,0.4600000083446502,0.09803918245800225,0.09803918245800225,0.09803918245800225
2024-10-25,BOQ,BANK OF QUEENSLAND. ORDINARY,-0.0169491525423728,6.098771095275879,7.318525314331055,False,,NOT_TRIGGERED,,6.347136974334717,-0.04072392211132869,-0.04072392211132869,-0.04072392211132869
2024-10-25,APX,APPEN LIMITED ORDINARY,-0.0169491525423728,1.9049999713897705,2.2859999656677243,True,2024-11-07,STOPPED,2.514599962234497,2.380000114440918,-0.24934391085823315,-0.32000000000000006,-0.24934391085823315
2024-10-25,BRN,BRAINCHIP LTD ORDINARY,-0.0169491525423728,0.2300000041723251,0.2760000050067901,True,2024-11-06,STOPPED,0.30360000550746913,0.2549999952316284,-0.10869561132952121,-0.31999999999999984,-0.10869561132952121
2024-10-25,EOS,ELECTRO OPTIC SYS. ORDINARY,-0.0169491525423728,1.4900000095367432,1.7880000114440917,False,,NOT_TRIGGERED,,1.225000023841858,0.17785233825419677,0.17785233825419677,0.17785233825419677
2024-10-25,CAT,CATAPULT GRP INT LTD ORDINARY,-0.0169491525423728,2.549999952316284,3.059999942779541,True,2024-11-15,STOPPED,3.3659999370574956,3.680000066757202,-0.44313730806719653,-0.3200000000000003,-0.30000000000000004
2024-10-25,BUB,BUBS AUST LTD ORDINARY,-0.0169491525423728,0.1299999952316284,0.15599999427795405,False,,NOT_TRIGGERED,,0.1150000020861625,0.11538456688971066,0.11538456688971066,0.11538456688971066
2024-10-25,GLN,GALAN LITHIUM LTD ORDINARY,-0.0169491525423728,0.1800000071525573,0.21600000858306875,False,,NOT_TRIGGERED,,0.125,0.30555558315029707,0.30555558315029707,0.30555558315029707
2024-10-25,GLL,GALILEE ENERGY LTD ORDINARY,-0.0169491525423728,0.0149999996647238,0.01799999959766856,False,,NOT_TRIGGERED,,0.0120000001043081,0.19999997516472878,0.19999997516472878,0.19999997516472878
2024-10-25,FML,FOCUS MINERALS LTD ORDINARY,-0.0169491525423728,0.1899999976158142,0.22799999713897703,False,,NOT_TRIGGERED,,0.1800000071525573,0.052631529414422396,0.052631529414422396,0.052631529414422396
2024-10-25,DUB,DUBBER CORP LTD ORDINARY,-0.0169491525423728,0.0189999993890523,0.02279999926686276,True,2024-11-13,STOPPED,0.025079999193549037,0.0199999995529651,-0.05263158926673417,-0.32000000000000006,-0.05263158926673417
2024-10-25,GWA,GWA GROUP LTD ORDINARY,-0.0169491525423728,2.2080087661743164,2.6496105194091797,False,,NOT_TRIGGERED,,2.1167685985565186,0.04132237562438856,0.04132237562438856,0.04132237562438856
2024-10-25,CXO,CORE LITHIUM ORDINARY,-0.0169491525423728,0.1099999994039535,0.13199999928474418,False,,NOT_TRIGGERED,,0.090999998152256,0.17272728504228174,0.17272728504228174,0.17272728504228174
2024-10-25,CXL,CALIX LIMITED ORDINARY,-0.0169491525423728,0.9900000095367432,1.1880000114440918,False,,NOT_TRIGGERED,,0.8999999761581421,0.0909091237491153,0.0909091237491153,0.0909091237491153
2024-10-25,CST,CASTILE RESOURCES ORDINARY,-0.0169491525423728,0.0860000029206276,0.10320000350475311,False,,NOT_TRIGGERED,,0.0759999975562095,0.11627912819546593,0.11627912819546593,0.11627912819546593
2024-10-25,CIA,CHAMPION IRON LTD ORDINARY,-0.0169491525423728,5.49906587600708,6.598879051208496,False,,NOT_TRIGGERED,,5.473404884338379,0.004666427398271833,0.004666427398271833,0.004666427398271833
2024-10-25,CCX,CITY CHIC COLLECTIVE ORDINARY,-0.0169491525423728,0.1299999952316284,0.15599999427795405,False,,NOT_TRIGGERED,,0.0930000022053718,0.2846153414108331,0.2846153414108331,0.2846153414108331
2024-10-25,HZN,HORIZON OIL LIMITED ORDINARY,-0.0169491525423728,0.162628635764122,0.1951543629169464,False,,NOT_TRIGGERED,,0.1585629135370254,0.02500003894144187,0.02500003894144187,0.02500003894144187
2024-10-25,ASB,AUSTAL LIMITED ORDINARY,-0.0169491525423728,3.2300000190734863,3.8760000228881832,False,,NOT_TRIGGERED,,3.190000057220459,0.012383889045456176,0.012383889045456176,0.012383889045456176
2024-10-25,DEV,DEVEX RESOURCES LTD ORDINARY,-0.0169491525423728,0.1400000005960464,0.16800000071525567,False,,NOT_TRIGGERED,,0.1150000020861625,0.17857141716747893,0.17857141716747893,0.17857141716747893
2024-10-25,TTT,TITOMIC LIMITED ORDINARY,-0.0169491525423728,0.1749999970197677,0.20999999642372125,True,2024-10-31,STOPPED,0.2309999960660934,0.2300000041723251,-0.31428576050972556,-0.32000000000000006,-0.30000000000000004
2024-10-25,PDN,PALADIN ENERGY LTD ORDINARY,-0.0169491525423728,12.229999542236328,14.675999450683593,False,,NOT_TRIGGERED,,7.599999904632568,0.3785772535488695,0.3785772535488695,0.3785772535488695
2024-10-25,ILU,ILUKA RESOURCES ORDINARY,-0.0169491525423728,5.740623950958252,6.888748741149902,False,,NOT_TRIGGERED,,5.485047817230225,0.044520619345805645,0.044520619345805645,0.044520619345805645
2024-10-25,MVP,MEDICAL DEVELOPMENTS ORDINARY,-0.0169491525423728,0.4550000131130218,0.5460000157356262,False,,NOT_TRIGGERED,,0.4199999868869781,0.07692313234582193,0.07692313234582193,0.07692313234582193
2024-10-25,NEU,NEUREN PHARMACEUT. ORDINARY,-0.0169491525423728,12.470000267028809,14.96400032043457,True,2024-11-08,STOPPED,16.46040035247803,12.470000267028809,-0.0,-0.32000000000000006,-0.0
2024-10-25,NCK,NICK SCALI LIMITED ORDINARY,-0.0169491525423728,13.747628211975098,16.497153854370115,False,,NOT_TRIGGERED,,13.368383407592772,0.027586198763505876,0.027586198763505876,0.027586198763505876
2024-10-25,MYS,MYSTATE LIMITED ORDINARY,-0.0169491525423728,3.5955286026000977,4.314634323120117,False,,NOT_TRIGGERED,,3.8086657524108887,-0.05927839084819442,-0.05927839084819442,-0.05927839084819442
2024-10-25,MIN,MINERAL RESOURCES. ORDINARY,-0.0169491525423728,34.119998931884766,40.94399871826172,True,2024-10-31,STOPPED,45.038398590087894,33.630001068115234,0.014361016386540193,-0.32000000000000006,0.014361016386540193
2024-10-25,KGN,KOGAN.COM LTD ORDINARY,-0.0169491525423728,4.370236873626709,5.24428424835205,False,,NOT_TRIGGERED,,4.730472564697266,-0.08242932854383467,-0.08242932854383467,-0.08242932854383467
2024-10-25,LYC,LYNAS RARE EARTHS ORDINARY,-0.0169491525423728,7.440000057220459,8.92800006866455,False,,NOT_TRIGGERED,,6.880000114440918,0.07526880893449261,0.07526880893449261,0.07526880893449261
2024-10-25,LKE,LAKE RESOURCES ORDINARY,-0.0169491525423728,0.0659999996423721,0.07919999957084652,False,,NOT_TRIGGERED,,0.0439999997615814,0.33333333333333337,0.33333333333333337,0.33333333333333337
2024-10-25,LIC,LIFESTYLE COMMUNIT. ORDINARY,-0.0169491525423728,8.729999542236328,10.475999450683593,False,,NOT_TRIGGERED,,9.039999961853027,-0.035509786468704396,-0.035509786468704396,-0.035509786468704396
2024-10-25,NVX,NOVONIX LIMITED ORDINARY,-0.0169491525423728,0.800000011920929,0.9600000143051147,True,2024-11-25,STOPPED,1.0560000157356262,0.7400000095367432,0.0750000018626451,-0.32000000000000006,0.0750000018626451
2024-10-25,MGX,MOUNT GIBSON IRON ORDINARY,-0.0169491525423728,0.3149999976158142,0.37799999713897703,False,,NOT_TRIGGERED,,0.3050000071525574,0.03174600171093711,0.03174600171093711,0.03174600171093711
2024-10-25,PDI,PREDICTIVE DISC LTD ORDINARY,-0.0169491525423728,0.2750000059604645,0.33000000715255734,False,,NOT_TRIGGERED,,0.2450000047683715,0.10909091106131086,0.10909091106131086,0.10909091106131086
2024-10-25,LOT,LOTUS RESOURCES LTD ORDINARY,-0.0169491525423728,3.047499895095825,3.65699987411499,False,,NOT_TRIGGERED,,2.702500104904175,0.11320748222070154,0.11320748222070154,0.11320748222070154
2024-10-25,PLS,PILBARA MIN LTD ORDINARY,-0.0169491525423728,2.740000009536743,3.2880000114440917,False,,NOT_TRIGGERED,,2.390000104904175,0.12773719102714287,0.12773719102714287,0.12773719102714287
2024-10-25,SLX,SILEX SYSTEMS ORDINARY,-0.0169491525423728,5.130000114440918,6.156000137329102,True,2024-11-22,STOPPED,6.771600151062012,5.610000133514404,-0.09356725309270253,-0.32000000000000006,-0.09356725309270253
2024-10-25,TLG,TALGA GROUP LTD ORDINARY,-0.0169491525423728,0.4000000059604645,0.48000000715255736,True,2024-10-31,STOPPED,0.5400000214576721,0.4749999940395355,-0.18749996740371033,-0.3500000335276121,-0.18749996740371033
2024-10-25,SYR,SYRAH RESOURCES ORDINARY,-0.0169491525423728,0.2899999916553497,0.3479999899864196,False,,NOT_TRIGGERED,,0.2199999988079071,0.24137929262644264,0.24137929262644264,0.24137929262644264
2024-10-25,SXL,STHN CROSS MEDIA ORDINARY,-0.0169491525423728,0.4759036302566528,0.5710843563079833,False,,NOT_TRIGGERED,,0.5187349915504456,-0.09000007264221543,-0.09000007264221543,-0.09000007264221543
2024-10-25,SVL,SILVER MINES LIMITED ORDINARY,-0.0169491525423728,0.125,0.15,False,,NOT_TRIGGERED,,0.1049999967217445,0.16000002622604403,0.16000002622604403,0.16000002622604403
2024-10-25,SRV,SERVCORP LIMITED ORDINARY,-0.0169491525423728,4.763691425323486,5.716429710388184,False,,NOT_TRIGGERED,,4.539517879486084,0.04705878820061893,0.04705878820061893,0.04705878820061893
2024-10-25,IXR,IONIC RARE EARTHS ORDINARY,-0.0169491525423728,0.270000010728836,0.32400001287460317,True,2024-11-08,STOPPED,0.3564000141620635,0.209999993443489,0.22222227741170608,-0.32000000000000006,0.22222227741170608
2024-10-25,SPL,STARPHARMA HOLDINGS ORDINARY,-0.0169491525423728,0.0900000035762786,0.10800000429153432,True,2024-11-15,STOPPED,0.11880000472068776,0.1150000020861625,-0.2777777501830363,-0.32000000000000006,-0.2777777501830363
2024-10-25,SHV,SELECT HARVESTS ORDINARY,-0.0169491525423728,3.940000057220459,4.72800006866455,False,,NOT_TRIGGERED,,3.690000057220459,0.06345177572823868,0.06345177572823868,0.06345177572823868
2024-10-25,SGR,THE STAR ENT GRP ORDINARY,-0.0169491525423728,0.2649999856948852,0.3179999828338622,False,,NOT_TRIGGERED,,0.1949999928474426,0.2641509306647245,0.2641509306647245,0.2641509306647245
2024-10-25,S2R,S2 RESOURCES ORDINARY,-0.0169491525423728,0.0780000016093254,0.09360000193119047,False,,NOT_TRIGGERED,,0.0700000002980232,0.10256411725952774,0.10256411725952774,0.10256411725952774
2024-10-25,PWH,PWR HOLDINGS LIMITED ORDINARY,-0.0169491525423728,8.795714378356934,10.55485725402832,False,,NOT_TRIGGERED,,8.557724952697754,0.027057429950748002,0.027057429950748002,0.027057429950748002
2024-10-25,SRL,SUNRISE ORDINARY,-0.0169491525423728,0.3849999904632568,0.4619999885559081,False,,NOT_TRIGGERED,,0.2399999946355819,0.37662337511541644,0.37662337511541644,0.37662337511541644
2024-11-29,ILU,ILUKA RESOURCES ORDINARY,-0.0166666666666666,5.485047817230225,6.582057380676269,False,,NOT_TRIGGERED,,5.023045539855957,0.08422939831499299,0.08422939831499299,0.08422939831499299
2024-11-29,BEN,BENDIGO AND ADELAIDE ORDINARY,-0.0166666666666666,12.393095970153809,14.87171516418457,False,,NOT_TRIGGERED,,12.143755912780762,0.020119271082345458,0.020119271082345458,0.020119271082345458
2024-11-29,BBN,BABY BUNTING GRP LTD ORDINARY,-0.0166666666666666,1.7649999856948853,2.117999982833862,False,,NOT_TRIGGERED,,1.6699999570846558,0.05382437925223427,0.05382437925223427,0.05382437925223427
2024-11-29,ASB,AUSTAL LIMITED ORDINARY,-0.0166666666666666,3.190000057220459,3.828000068664551,False,,NOT_TRIGGERED,,3.0999999046325684,0.028213213471322107,0.028213213471322107,0.028213213471322107
2024-11-29,ARB,ARB CORPORATION. ORDINARY,-0.0166666666666666,40.44267654418945,48.531211853027344,False,,NOT_TRIGGERED,,38.82344055175781,0.04003780488322506,0.04003780488322506,0.04003780488322506
2024-11-29,APE,EAGERS AUTOMOTIVE ORDINARY,-0.0166666666666666,10.592275619506836,12.710730743408202,False,,NOT_TRIGGERED,,11.277769088745115,-0.0647163549989076,-0.0647163549989076,-0.0647163549989076
2024-11-29,APX,APPEN LIMITED ORDINARY,-0.0166666666666666,2.380000114440918,2.8560001373291013,True,2025-01-02,STOPPED,3.1416001510620117,2.7699999809265137,-0.16386548224062158,-0.32000000000000006,-0.16386548224062158
2024-11-29,ANZ,ANZ GROUP HOLDINGS ORDINARY,-0.0166666666666666,28.96867561340332,34.762410736083986,False,,NOT_TRIGGERED,,26.821813583374023,0.07410977494034898,0.07410977494034898,0.07410977494034898
2024-11-29,AMS,ATOMOS ORDINARY,-0.0166666666666666,0.0149999996647238,0.01799999959766856,False,,NOT_TRIGGERED,,0.0089999996125698,0.4000000124176323,0.4000000124176323,0.4000000124176323
2024-11-29,AFG,AUST FINANCE GRP ORDINARY,-0.0166666666666666,1.4322295188903809,1.718675422668457,False,,NOT_TRIGGERED,,1.4182339906692505,0.009771847344672402,0.009771847344672402,0.009771847344672402
2024-11-29,BET,BETMAKERS TECH GROUP ORDINARY,-0.0166666666666666,0.1000000014901161,0.12000000178813933,False,,NOT_TRIGGERED,,0.1099999994039535,-0.09999997764825808,-0.09999997764825808,-0.09999997764825808
2024-11-29,AQZ,ALLIANCE AVIATION ORDINARY,-0.0166666666666666,2.74524998664856,3.294299983978272,False,,NOT_TRIGGERED,,2.9131250381469727,-0.06115109819319464,-0.06115109819319464,-0.06115109819319464
2024-11-29,BMN,BANNERMAN ENERGY LTD ORDINARY,-0.0166666666666666,2.720000028610229,3.2640000343322746,True,2025-01-03,STOPPED,3.5904000377655025,3.3399999141693115,-0.22794113199913024,-0.32000000000000006,-0.22794113199913024
2024-11-29,88E,88 ENERGY LTD ORDINARY,-0.0166666666666666,0.025000000372529,0.030000000447034797,True,2024-12-02,STOPPED,0.05000000074505806,0.050000000745058,-1.0,-1.0000000000000027,-0.30000000000000004
2024-11-29,BOQ,BANK OF QUEENSLAND. ORDINARY,-0.0166666666666666,6.347136974334717,7.61656436920166,False,,NOT_TRIGGERED,,6.153963565826416,0.030434731326803965,0.030434731326803965,0.030434731326803965
2024-11-29,FML,FOCUS MINERALS LTD ORDINARY,-0.0166666666666666,0.1800000071525573,0.21600000858306875,False,,NOT_TRIGGERED,,0.1749999970197677,0.02777783296726133,0.02777783296726133,0.02777783296726133
2024-11-29,EOS,ELECTRO OPTIC SYS. ORDINARY,-0.0166666666666666,1.225000023841858,1.4700000286102295,False,,NOT_TRIGGERED,,1.2599999904632568,-0.028571400767513078,-0.028571400767513078,-0.028571400767513078
2024-11-29,BOE,BOSS ENERGY LTD ORDINARY,-0.0166666666666666,2.7100000381469727,3.252000045776367,False,,NOT_TRIGGERED,,2.609999895095825,0.03690042127066717,0.03690042127066717,0.03690042127066717
2024-11-29,DEV,DEVEX RESOURCES LTD ORDINARY,-0.0166666666666666,0.1150000020861625,0.138000002503395,False,,NOT_TRIGGERED,,0.0930000022053718,0.1913043433191196,0.1913043433191196,0.1913043433191196
2024-11-29,CXL,CALIX LIMITED ORDINARY,-0.0166666666666666,0.8999999761581421,1.0799999713897706,False,,NOT_TRIGGERED,,0.75,0.16666664459087177,0.16666664459087177,0.16666664459087177
2024-11-29,DUB,DUBBER CORP LTD ORDINARY,-0.0166666666666666,0.0199999995529651,0.02399999946355812,True,2024-12-06,STOPPED,0.026399999409913933,0.0379999987781047,-0.8999999813735498,-0.31999999999999984,-0.30000000000000004
2024-11-29,CST,CASTILE RESOURCES ORDINARY,-0.0166666666666666,0.0759999975562095,0.0911999970674514,False,,NOT_TRIGGERED,,0.0729999989271164,0.03947366744155889,0.03947366744155889,0.03947366744155889
2024-11-29,CIA,CHAMPION IRON LTD ORDINARY,-0.0166666666666666,5.473404884338379,6.568085861206055,False,,NOT_TRIGGERED,,5.6740007400512695,-0.03664919002920408,-0.03664919002920408,-0.03664919002920408
2024-11-29,CAT,CATAPULT GRP INT LTD ORDINARY,-0.0166666666666666,3.680000066757202,4.416000080108643,False,,NOT_TRIGGERED,,3.559999942779541,0.0326087287502157,0.0326087287502157,0.0326087287502157
2024-11-29,BUB,BUBS AUST LTD ORDINARY,-0.0166666666666666,0.1150000020861625,0.138000002503395,False,,NOT_TRIGGERED,,0.1000000014901161,0.13043478542554987,0.13043478542554987,0.13043478542554987
2024-11-29,BRN,BRAINCHIP LTD ORDINARY,-0.0166666666666666,0.2549999952316284,0.3059999942779541,True,2024-12-24,STOPPED,0.33659999370574956,0.4149999916553497,-0.6274509781005517,-0.3200000000000003,-0.30000000000000004
2024-11-29,CTD,CORP TRAVEL LIMITED ORDINARY,-0.0166666666666666,14.254132270812988,17.104958724975585,False,,NOT_TRIGGERED,,13.170659065246582,0.07601116539271524,0.07601116539271524,0.07601116539271524
2024-11-29,4DX,4DMEDICAL LIMITED ORDINARY,-0.0166666666666666,0.4600000083446502,0.5520000100135802,True,2024-12-04,STOPPED,0.6072000110149383,0.4749999940395355,-0.03260866396255957,-0.31999999999999984,-0.03260866396255957
2024-11-29,HZN,HORIZON OIL LIMITED ORDINARY,-0.0166666666666666,0.1585629135370254,0.19027549624443046,False,,NOT_TRIGGERED,,0.1585629135370254,-0.0,-0.0,-0.0
2024-11-29,GLL,GALILEE ENERGY LTD ORDINARY,-0.0166666666666666,0.0120000001043081,0.01440000012516972,False,,NOT_TRIGGERED,,0.0109999999403953,0.08333334626837152,0.08333334626837152,0.08333334626837152
2024-11-29,INR,IONEER LTD ORDINARY,-0.0166666666666666,0.209999993443489,0.25199999213218677,False,,NOT_TRIGGERED,,0.1650000065565109,0.21428565853306847,0.21428565853306847,0.21428565853306847
2024-11-29,NAN,NANOSONICS LIMITED ORDINARY,-0.0166666666666666,3.259999990463257,3.911999988555908,False,,NOT_TRIGGERED,,2.9800000190734863,0.08588956202726294,0.08588956202726294,0.08588956202726294
2024-11-29,MYS,MYSTATE LIMITED ORDINARY,-0.0166666666666666,3.8086657524108887,4.570398902893066,False,,NOT_TRIGGERED,,4.086669921875,-0.07299253532241168,-0.07299253532241168,-0.07299253532241168
2024-11-29,MVP,MEDICAL DEVELOPMENTS ORDINARY,-0.0166666666666666,0.4199999868869781,0.5039999842643736,False,,NOT_TRIGGERED,,0.4250000119209289,-0.011904821881092875,-0.011904821881092875,-0.011904821881092875
2024-11-29,MIN,MINERAL RESOURCES. ORDINARY,-0.0166666666666666,33.630001068115234,40.35600128173828,False,,NOT_TRIGGERED,,34.22999954223633,-0.017841167263296764,-0.017841167263296764,-0.017841167263296764
2024-11-29,LOT,LOTUS RESOURCES LTD ORDINARY,-0.0166666666666666,2.702500104904175,3.24300012588501,False,,NOT_TRIGGERED,,2.702500104904175,-0.0,-0.0,-0.0
2024-11-29,LYC,LYNAS RARE EARTHS ORDINARY,-0.0166666666666666,6.880000114440918,8.256000137329101,False,,NOT_TRIGGERED,,6.610000133514404,0.0392441826214206,0.0392441826214206,0.0392441826214206
2024-11-29,LKE,LAKE RESOURCES ORDINARY,-0.0166666666666666,0.0439999997615814,0.05279999971389768,False,,NOT_TRIGGERED,,0.0450000017881393,-0.02272731890855728,-0.02272731890855728,-0.02272731890855728
2024-11-29,LIC,LIFESTYLE COMMUNIT. ORDINARY,-0.0166666666666666,9.039999961853027,10.847999954223633,False,,NOT_TRIGGERED,,8.920000076293945,0.013274323679807187,0.013274323679807187,0.013274323679807187
2024-11-29,KGN,KOGAN.COM LTD ORDINARY,-0.0166666666666666,4.730472564697266,5.676567077636719,True,2024-12-18,STOPPED,6.244223785400391,5.849102020263672,-0.2364730881042525,-0.32000000000000006,-0.2364730881042525
2024-11-29,NEU,NEUREN PHARMACEUT. ORDINARY,-0.0166666666666666,12.470000267028809,14.96400032043457,False,,NOT_TRIGGERED,,12.199999809265137,0.02165200096086317,0.02165200096086317,0.02165200096086317
2024-11-29,MGX,MOUNT GIBSON IRON ORDINARY,-0.0166666666666666,0.3050000071525574,0.36600000858306886,False,,NOT_TRIGGERED,,0.2949999868869781,0.03278695092153683,0.03278695092153683,0.03278695092153683
2024-11-29,PWH,PWR HOLDINGS LIMITED ORDINARY,-0.0166666666666666,8.557724952697754,10.269269943237305,False,,NOT_TRIGGERED,,7.794173717498779,0.08922362420146157,0.08922362420146157,0.08922362420146157
2024-11-29,PDN,PALADIN ENERGY LTD ORDINARY,-0.0166666666666666,7.599999904632568,9.119999885559082,False,,NOT_TRIGGERED,,8.229999542236328,-0.08289469019858076,-0.08289469019858076,-0.08289469019858076
2024-11-29,IXR,IONIC RARE EARTHS ORDINARY,-0.0166666666666666,0.209999993443489,0.25199999213218677,False,,NOT_TRIGGERED,,0.1800000071525573,0.14285708203607494,0.14285708203607494,0.14285708203607494
2024-11-29,NCK,NICK SCALI LIMITED ORDINARY,-0.0166666666666666,13.368383407592772,16.042060089111324,False,,NOT_TRIGGERED,,14.069987297058104,-0.05248232849656653,-0.05248232849656653,-0.05248232849656653
2024-11-29,S2R,S2 RESOURCES ORDINARY,-0.0166666666666666,0.0700000002980232,0.08400000035762784,False,,NOT_TRIGGERED,,0.0689999982714653,0.014285743175720178,0.014285743175720178,0.014285743175720178
2024-11-29,PLS,PILBARA MIN LTD ORDINARY,-0.0166666666666666,2.390000104904175,2.86800012588501,False,,NOT_TRIGGERED,,2.180000066757202,0.08786612089098311,0.08786612089098311,0.08786612089098311
2024-11-29,VUL,VULCAN ENERGY ORDINARY,-0.0166666666666666,7.099999904632568,8.519999885559082,False,,NOT_TRIGGERED,,5.449999809265137,0.23239438275074464,0.23239438275074464,0.23239438275074464
2024-11-29,TTT,TITOMIC LIMITED ORDINARY,-0.0166666666666666,0.2300000041723251,0.2760000050067901,False,,NOT_TRIGGERED,,0.1899999976158142,0.17391306882995228,0.17391306882995228,0.17391306882995228
2024-11-29,PNV,POLYNOVO LIMITED ORDINARY,-0.0166666666666666,2.200000047683716,2.6400000572204587,False,,NOT_TRIGGERED,,2.0299999713897705,0.0772727602769514,0.0772727602769514,0.0772727602769514
2024-11-29,SYR,SYRAH RESOURCES ORDINARY,-0.0166666666666666,0.2199999988079071,0.2639999985694885,True,2024-12-05,STOPPED,0.2903999984264374,0.209999993443489,0.04545457008456444,-0.32000000000000006,0.04545457008456444
2024-11-29,SXL,STHN CROSS MEDIA ORDINARY,-0.0166666666666666,0.5187349915504456,0.6224819898605346,False,,NOT_TRIGGERED,,0.5758433938026428,-0.11009167143613374,-0.11009167143613374,-0.11009167143613374
2024-11-29,TLG,TALGA GROUP LTD ORDINARY,-0.0166666666666666,0.4749999940395355,0.5699999928474426,False,,NOT_TRIGGERED,,0.4399999976158142,0.07368420392192299,0.07368420392192299,0.07368420392192299
2024-11-29,SRV,SERVCORP LIMITED ORDINARY,-0.0166666666666666,4.539517879486084,5.4474214553833,False,,NOT_TRIGGERED,,4.586220741271973,-0.01028806649202485,-0.01028806649202485,-0.01028806649202485
2024-11-29,SRL,SUNRISE ORDINARY,-0.0166666666666666,0.2399999946355819,0.28799999356269823,False,,NOT_TRIGGERED,,0.2349999994039535,0.02083331393077914,0.02083331393077914,0.02083331393077914
2024-11-29,SPL,STARPHARMA HOLDINGS ORDINARY,-0.0166666666666666,0.1150000020861625,0.138000002503395,False,,NOT_TRIGGERED,,0.1049999967217445,0.08695656680880415,0.08695656680880415,0.08695656680880415
2024-11-29,SLX,SILEX SYSTEMS ORDINARY,-0.0166666666666666,5.610000133514404,6.732000160217285,False,,NOT_TRIGGERED,,5.510000228881836,0.01782529451918624,0.01782529451918624,0.01782529451918624
2024-11-29,SHV,SELECT HARVESTS ORDINARY,-0.0166666666666666,3.690000057220459,4.42800006866455,False,,NOT_TRIGGERED,,4.380000114440918,-0.18699188252593424,-0.18699188252593424,-0.18699188252593424
2024-11-29,SVL,SILVER MINES LIMITED ORDINARY,-0.0166666666666666,0.1049999967217445,0.12599999606609338,False,,NOT_TRIGGERED,,0.0769999995827674,0.2666666477445572,0.2666666477445572,0.2666666477445572
2024-12-27,BEN,BENDIGO AND ADELAIDE ORDINARY,-0.0166666666666666,12.180694580078123,14.616833496093747,False,,NOT_TRIGGERED,,12.559322357177734,-0.031084251773200844,-0.031084251773200844,-0.031084251773200844
2024-12-27,ASM,AUSSTRATMATERIALS ORDINARY,-0.0166666666666666,0.4900000095367431,0.5880000114440918,False,,NOT_TRIGGERED,,0.4799999892711639,0.020408204226431526,0.020408204226431526,0.020408204226431526
2024-12-27,ASL,ANDEAN SILVER ORDINARY,-0.0166666666666666,0.824999988079071,0.9899999856948852,True,2025-01-10,STOPPED,1.0889999842643738,1.1449999809265137,-0.38787878481371885,-0.32000000000000006,-0.30000000000000004
2024-12-27,ASB,AUSTAL LIMITED ORDINARY,-0.0166666666666666,3.109999895095825,3.7319998741149902,True,2025-01-30,STOPPED,4.10519986152649,3.829999923706055,-0.23151127102788704,-0.3200000000000003,-0.23151127102788704
2024-12-27,ARU,ARAFURA RARE EARTHS ORDINARY,-0.0166666666666666,0.1199999973177909,0.1439999967813491,True,2025-01-15,STOPPED,0.15839999645948402,0.1299999952316284,-0.0833333178112905,-0.3200000000000003,-0.0833333178112905
2024-12-27,4DX,4DMEDICAL LIMITED ORDINARY,-0.0166666666666666,0.4600000083446502,0.5520000100135802,True,2025-01-07,STOPPED,0.6072000110149383,0.5450000166893005,-0.18478262348413899,-0.31999999999999984,-0.18478262348413899
2024-12-27,APX,APPEN LIMITED ORDINARY,-0.0166666666666666,2.549999952316284,3.059999942779541,True,2025-01-07,STOPPED,3.3659999370574956,2.75,-0.07843139271514366,-0.3200000000000003,-0.07843139271514366
2024-12-27,ANZ,ANZ GROUP HOLDINGS ORDINARY,-0.0166666666666666,26.784637451171875,32.14156494140625,False,,NOT_TRIGGERED,,28.45751953125,-0.062456775199133174,-0.062456775199133174,-0.062456775199133174
2024-12-27,AMS,ATOMOS ORDINARY,-0.0166666666666666,0.0070000002160668,0.00840000025928016,True,2024-12-31,STOPPED,0.009240000285208176,0.0070000002160668,-0.0,-0.32000000000000006,-0.0
2024-12-27,AFG,AUST FINANCE GRP ORDINARY,-0.0166666666666666,1.4275643825531006,1.7130772590637207,False,,NOT_TRIGGERED,,1.5395302772521973,-0.07843141512038376,-0.07843141512038376,-0.07843141512038376
2024-12-27,88E,88 ENERGY LTD ORDINARY,-0.0166666666666666,0.050000000745058,0.060000000894069594,False,,NOT_TRIGGERED,,0.050000000745058,-0.0,-0.0,-0.0
2024-12-27,BET,BETMAKERS TECH GROUP ORDINARY,-0.0166666666666666,0.1099999994039535,0.13199999928474418,False,,NOT_TRIGGERED,,0.125,-0.13636364252114164,-0.13636364252114164,-0.13636364252114164
2024-12-27,AQZ,ALLIANCE AVIATION ORDINARY,-0.0166666666666666,2.9427499771118164,3.5312999725341796,False,,NOT_TRIGGERED,,2.7255001068115234,0.07382545985558531,0.07382545985558531,0.07382545985558531
2024-12-27,ARB,ARB CORPORATION. ORDINARY,-0.0166666666666666,39.26158905029297,47.11390686035156,False,,NOT_TRIGGERED,,37.51853561401367,0.04439589630583962,0.04439589630583962,0.04439589630583962
2024-12-27,DEV,DEVEX RESOURCES LTD ORDINARY,-0.0166666666666666,0.0900000035762786,0.10800000429153432,False,,NOT_TRIGGERED,,0.0850000008940696,0.055555583150297294,0.055555583150297294,0.055555583150297294
2024-12-27,BMN,BANNERMAN ENERGY LTD ORDINARY,-0.0166666666666666,2.799999952316284,3.359999942779541,True,2025-01-03,STOPPED,3.695999937057495,2.990000009536743,-0.06785716444862167,-0.32000000000000006,-0.06785716444862167
2024-12-27,EXR,ELIXIR ENERGY LTD ORDINARY,-0.0166666666666666,0.0460000000894069,0.055200000107288275,True,2025-01-06,STOPPED,0.060720000118017106,0.0439999997615814,0.04347826791170084,-0.32000000000000006,0.04347826791170084
2024-12-27,EOS,ELECTRO OPTIC SYS. ORDINARY,-0.0166666666666666,1.2999999523162842,1.559999942779541,False,,NOT_TRIGGERED,,1.2100000381469729,0.06923070574652967,0.06923070574652967,0.06923070574652967
2024-12-27,EDE,EDEN INV LTD ORDINARY,-0.0166666666666666,0.0299999993294477,0.03599999919533724,True,2025-01-02,STOPPED,0.03999999910593033,0.0399999991059303,-0.33333333333333437,-0.33333333333333526,-0.30000000000000004
2024-12-27,DUB,DUBBER CORP LTD ORDINARY,-0.0166666666666666,0.0280000008642673,0.03360000103712076,True,2025-01-02,STOPPED,0.036960001140832845,0.0450000017881393,-0.6071428713977953,-0.3200000000000003,-0.30000000000000004
2024-12-27,FML,FOCUS MINERALS LTD ORDINARY,-0.0166666666666666,0.1800000071525573,0.21600000858306875,True,2025-01-08,STOPPED,0.23760000944137566,0.1949999928474426,-0.083333250549108,-0.3200000000000003,-0.083333250549108
2024-12-27,CIA,CHAMPION IRON LTD ORDINARY,-0.0166666666666666,5.588030815124512,6.705636978149414,False,,NOT_TRIGGERED,,5.32056999206543,0.047863161802038534,0.047863161802038534,0.047863161802038534
2024-12-27,CCX,CITY CHIC COLLECTIVE ORDINARY,-0.0166666666666666,0.1049999967217445,0.12599999606609338,True,2025-01-30,STOPPED,0.13859999567270273,0.1199999973177909,-0.14285715299398727,-0.32000000000000006,-0.14285715299398727
2024-12-27,CAT,CATAPULT GRP INT LTD ORDINARY,-0.0166666666666666,3.5999999046325684,4.319999885559082,False,,NOT_TRIGGERED,,4.03000020980835,-0.11944453237969421,-0.11944453237969421,-0.11944453237969421
2024-12-27,BRN,BRAINCHIP LTD ORDINARY,-0.0166666666666666,0.3650000095367431,0.43800001144409173,True,2024-12-31,STOPPED,0.48180001258850097,0.324999988079071,0.10958909702068231,-0.3200000000000003,0.10958909702068231
2024-12-27,BOQ,BANK OF QUEENSLAND. ORDINARY,-0.0166666666666666,6.163161754608154,7.3957941055297844,False,,NOT_TRIGGERED,,6.41152811050415,-0.04029852951860202,-0.04029852951860202,-0.04029852951860202
2024-12-27,CST,CASTILE RESOURCES ORDINARY,-0.0166666666666666,0.0799999982118606,0.09599999785423272,False,,NOT_TRIGGERED,,0.0630000010132789,0.2124999697320158,0.2124999697320158,0.2124999697320158
2024-12-27,GLN,GALAN LITHIUM LTD ORDINARY,-0.0166666666666666,0.135000005364418,0.16200000643730159,False,,NOT_TRIGGERED,,0.125,0.07407411086706306,0.07407411086706306,0.07407411086706306
2024-12-27,BOE,BOSS ENERGY LTD ORDINARY,-0.0166666666666666,2.369999885559082,2.8439998626708984,True,2025-01-07,STOPPED,3.1283998489379887,3.309999942779541,-0.39662451586942304,-0.3200000000000003,-0.30000000000000004
2024-12-27,HZN,HORIZON OIL LIMITED ORDINARY,-0.0166666666666666,0.1504315137863159,0.18051781654357907,False,,NOT_TRIGGERED,,0.1666943579912185,-0.10810796086253283,-0.10810796086253283,-0.10810796086253283
2024-12-27,ILU,ILUKA RESOURCES ORDINARY,-0.0166666666666666,4.95423698425293,5.9450843811035154,False,,NOT_TRIGGERED,,4.344787120819092,0.12301588829338961,0.12301588829338961,0.12301588829338961
2024-12-27,PNV,POLYNOVO LIMITED ORDINARY,-0.0166666666666666,2.150000095367432,2.5800001144409186,False,,NOT_TRIGGERED,,2.0899999141693115,0.02790705978450969,0.02790705978450969,0.02790705978450969
2024-12-27,PDN,PALADIN ENERGY LTD ORDINARY,-0.0166666666666666,7.679999828338623,9.215999794006347,True,2025-01-22,STOPPED,10.137599773406983,8.920000076293945,-0.16145836922805845,-0.32000000000000006,-0.16145836922805845
2024-12-27,NEU,NEUREN PHARMACEUT. ORDINARY,-0.0166666666666666,12.34000015258789,14.808000183105468,True,2025-01-28,STOPPED,16.288800201416016,14.489999771118164,-0.17423011279942213,-0.32000000000000006,-0.17423011279942213
2024-12-27,NCK,NICK SCALI LIMITED ORDINARY,-0.0166666666666666,14.553524017333984,17.46422882080078,False,,NOT_TRIGGERED,,15.330975532531738,-0.05342015543945022,-0.05342015543945022,-0.05342015543945022
2024-12-27,MYS,MYSTATE LIMITED ORDINARY,-0.0166666666666666,4.04960298538208,4.859523582458496,False,,NOT_TRIGGERED,,4.2349395751953125,-0.045766607364288614,-0.045766607364288614,-0.045766607364288614
2024-12-27,MIN,MINERAL RESOURCES. ORDINARY,-0.0166666666666666,34.2599983215332,41.11199798583984,False,,NOT_TRIGGERED,,34.97999954223633,-0.021015798481536674,-0.021015798481536674,-0.021015798481536674
2024-12-27,IXR,IONIC RARE EARTHS ORDINARY,-0.0166666666666666,0.209999993443489,0.25199999213218677,False,,NOT_TRIGGERED,,0.1800000071525573,0.14285708203607494,0.14285708203607494,0.14285708203607494
2024-12-27,LYC,LYNAS RARE EARTHS ORDINARY,-0.0166666666666666,6.5,7.8,False,,NOT_TRIGGERED,,6.329999923706055,0.026153857891376253,0.026153857891376253,0.026153857891376253
2024-12-27,LKE,LAKE RESOURCES ORDINARY,-0.0166666666666666,0.0419999994337558,0.050399999320506955,False,,NOT_TRIGGERED,,0.0410000011324882,0.023809483684513744,0.023809483684513744,0.023809483684513744
2024-12-27,LIC,LIFESTYLE COMMUNIT. ORDINARY,-0.0166666666666666,8.670000076293945,10.404000091552733,False,,NOT_TRIGGERED,,9.859999656677246,-0.1372548523542776,-0.1372548523542776,-0.1372548523542776
2024-12-27,KGN,KOGAN.COM LTD ORDINARY,-0.0166666666666666,5.9723405838012695,7.166808700561523,False,,NOT_TRIGGERED,,4.521914958953857,0.24285715198181923,0.24285715198181923,0.24285715198181923
2024-12-27,PEN,PENINSULA ENERGY LTD ORDINARY,-0.0166666666666666,1.3650000095367432,1.6380000114440918,False,,NOT_TRIGGERED,,1.0850000381469729,0.2051281827351762,0.2051281827351762,0.2051281827351762
2024-12-27,MGX,MOUNT GIBSON IRON ORDINARY,-0.0166666666666666,0.3050000071525574,0.36600000858306886,False,,NOT_TRIGGERED,,0.3149999976158142,-0.03278685320900654,-0.03278685320900654,-0.03278685320900654
2024-12-27,PLS,PILBARA MIN LTD ORDINARY,-0.0166666666666666,2.190000057220459,2.6280000686645506,False,,NOT_TRIGGERED,,2.299999952316284,-0.050228261288466136,-0.050228261288466136,-0.050228261288466136
2024-12-27,LOT,LOTUS RESOURCES LTD ORDINARY,-0.0166666666666666,2.184999942779541,2.621999931335449,True,2025-01-03,STOPPED,2.884199924468994,2.817500114440918,-0.28947377035478206,-0.31999999999999984,-0.28947377035478206
2024-12-27,PWH,PWR HOLDINGS LIMITED ORDINARY,-0.0166666666666666,8.091660499572754,9.709992599487304,False,,NOT_TRIGGERED,,8.111494064331055,-0.0024511118279553212,-0.0024511118279553212,-0.0024511118279553212
2024-12-27,SRL,SUNRISE ORDINARY,-0.0166666666666666,0.2300000041723251,0.2760000050067901,True,2025-01-15,STOPPED,0.30360000550746913,0.270000010728836,-0.1739130688299524,-0.31999999999999984,-0.1739130688299524
2024-12-27,WBT,WEEBIT NANO LTD ORDINARY,-0.0166666666666666,3.359999895095825,4.03199987411499,False,,NOT_TRIGGERED,,2.2699999809265137,0.32440474648831064,0.32440474648831064,0.32440474648831064
2024-12-27,TLG,TALGA GROUP LTD ORDINARY,-0.0166666666666666,0.4399999976158142,0.527999997138977,True,2025-01-24,STOPPED,0.5807999968528748,0.5400000214576721,-0.22727278269026918,-0.32000000000000006,-0.22727278269026918
2024-12-27,TER,TERRACOM LTD ORDINARY,-0.0166666666666666,0.1899999976158142,0.22799999713897703,False,,NOT_TRIGGERED,,0.1700000017881393,0.10526313725600944,0.10526313725600944,0.10526313725600944
2024-12-27,SYR,SYRAH RESOURCES ORDINARY,-0.0166666666666666,0.1800000071525573,0.21600000858306875,True,2025-01-02,STOPPED,0.23760000944137566,0.2300000041723251,-0.2777777501830363,-0.3200000000000003,-0.2777777501830363
2024-12-27,SXL,STHN CROSS MEDIA ORDINARY,-0.0166666666666666,0.5996385812759399,0.7195662975311279,False,,NOT_TRIGGERED,,0.5901204943656921,0.015873039539908818,0.015873039539908818,0.015873039539908818
2024-12-27,INR,IONEER LTD ORDINARY,-0.0166666666666666,0.1599999964237213,0.19199999570846557,True,2025-01-20,STOPPED,0.2199999988079071,0.1700000017881393,-0.06250003492459699,-0.3750000232830648,-0.06250003492459699
2024-12-27,SRV,SERVCORP LIMITED ORDINARY,-0.0166666666666666,4.530176639556885,5.436211967468261,False,,NOT_TRIGGERED,,4.763691425323486,-0.05154650786187509,-0.05154650786187509,-0.05154650786187509
2024-12-27,SPL,STARPHARMA HOLDINGS ORDINARY,-0.0166666666666666,0.1000000014901161,0.12000000178813933,True,2025-01-13,STOPPED,0.13200000196695327,0.1049999967217445,-0.04999995157122661,-0.32000000000000006,-0.04999995157122661
2024-12-27,SLX,SILEX SYSTEMS ORDINARY,-0.0166666666666666,5.0,6.0,True,2025-01-07,STOPPED,6.6000000000000005,6.199999809265137,-0.2399999618530273,-0.32000000000000006,-0.2399999618530273
2024-12-27,SHV,SELECT HARVESTS ORDINARY,-0.0166666666666666,4.320000171661377,5.1840002059936525,False,,NOT_TRIGGERED,,4.639999866485596,-0.07407400048809576,-0.07407400048809576,-0.07407400048809576
2024-12-27,S2R,S2 RESOURCES ORDINARY,-0.0166666666666666,0.06700000166893,0.08040000200271599,True,2025-01-13,STOPPED,0.0884400022029876,0.0710000023245811,-0.05970150083602199,-0.32000000000000006,-0.05970150083602199
2024-12-27,SVL,SILVER MINES LIMITED ORDINARY,-0.0166666666666666,0.0799999982118606,0.09599999785423272,False,,NOT_TRIGGERED,,0.0769999995827674,0.03749998370185492,0.03749998370185492,0.03749998370185492
2025-01-31,CUV,CLINUVEL PHARMACEUT. ORDINARY,-0.0163934426229508,12.041827201843262,14.450192642211913,False,,NOT_TRIGGERED,,11.812932014465332,0.01900834346326552,0.01900834346326552,0.01900834346326552
2025-01-31,CST,CASTILE RESOURCES ORDINARY,-0.0163934426229508,0.0630000010132789,0.07560000121593469,False,,NOT_TRIGGERED,,0.0640000030398368,-0.01587304778530263,-0.01587304778530263,-0.01587304778530263
2025-01-31,CHN,CHALICE MINING LTD ORDINARY,-0.0163934426229508,1.1349999904632568,1.3619999885559082,True,2025-02-17,STOPPED,1.498199987411499,1.3700000047683716,-0.20704847249311253,-0.32000000000000006,-0.20704847249311253
2025-01-31,CCX,CITY CHIC COLLECTIVE ORDINARY,-0.0163934426229508,0.1199999973177909,0.1439999967813491,True,2025-02-12,STOPPED,0.15839999645948402,0.135000005364418,-0.12500006984919532,-0.3200000000000003,-0.12500006984919532
2025-01-31,CBA,COMMONWEALTH BANK. ORDINARY,-0.0163934426229508,153.87313842773438,184.64776611328125,False,,NOT_TRIGGERED,,144.31236267089844,0.062134144104210254,0.062134144104210254,0.062134144104210254
2025-01-31,BRN,BRAINCHIP LTD ORDINARY,-0.0163934426229508,0.324999988079071,0.3899999856948852,False,,NOT_TRIGGERED,,0.2049999982118606,0.3692307515962584,0.3692307515962584,0.3692307515962584
2025-01-31,ASL,ANDEAN SILVER ORDINARY,-0.0163934426229508,1.1449999809265137,1.3739999771118163,False,,NOT_TRIGGERED,,0.975000023841858,0.14847158071312339,0.14847158071312339,0.14847158071312339
2025-01-31,BBN,BABY BUNTING GRP LTD ORDINARY,-0.0163934426229508,1.9049999713897705,2.2859999656677243,False,,NOT_TRIGGERED,,1.8600000143051147,0.023622025071121988,0.023622025071121988,0.023622025071121988
2025-01-31,ASM,AUSSTRATMATERIALS ORDINARY,-0.0163934426229508,0.4799999892711639,0.5759999871253967,False,,NOT_TRIGGERED,,0.3899999856948852,0.18750001164153252,0.18750001164153252,0.18750001164153252
2025-01-31,ARU,ARAFURA RARE EARTHS ORDINARY,-0.0163934426229508,0.1299999952316284,0.15599999427795405,True,2025-02-26,STOPPED,0.17159999370574947,0.1550000011920929,-0.1923077452112254,-0.31999999999999984,-0.1923077452112254
2025-01-31,AQZ,ALLIANCE AVIATION ORDINARY,-0.0163934426229508,2.7255001068115234,3.270600128173828,False,,NOT_TRIGGERED,,2.5477499961853027,0.06521742933782704,0.06521742933782704,0.06521742933782704
2025-01-31,ABY,ADORE BEAUTY ORDINARY,-0.0163934426229508,0.8500000238418579,1.0200000286102295,False,,NOT_TRIGGERED,,0.8299999833106995,0.02352945878843815,0.02352945878843815,0.02352945878843815
2025-01-31,BET,BETMAKERS TECH GROUP ORDINARY,-0.0163934426229508,0.125,0.15,False,,NOT_TRIGGERED,,0.1000000014901161,0.19999998807907116,0.19999998807907116,0.19999998807907116
2025-01-31,4DX,4DMEDICAL LIMITED ORDINARY,-0.0163934426229508,0.5450000166893005,0.6540000200271606,False,,NOT_TRIGGERED,,0.3700000047683716,0.32110092947152113,0.32110092947152113,0.32110092947152113
2025-01-31,HGO,HILLGROVE RES LTD ORDINARY,-0.0163934426229508,0.0410000011324882,0.04920000135898584,False,,NOT_TRIGGERED,,0.0359999984502792,0.1219512815634296,0.1219512815634296,0.1219512815634296
2025-01-31,JMS,JUPITER MINES. ORDINARY,-0.0163934426229508,0.1401473134756088,0.16817677617073054,False,,NOT_TRIGGERED,,0.1470398008823394,-0.049180303466396236,-0.049180303466396236,-0.049180303466396236
2025-01-31,IXR,IONIC RARE EARTHS ORDINARY,-0.0163934426229508,0.1800000071525573,0.21600000858306875,False,,NOT_TRIGGERED,,0.1949999928474426,-0.083333250549108,-0.083333250549108,-0.083333250549108
2025-01-31,IPD,IMPEDIMED LIMITED ORDINARY,-0.0163934426229508,0.0549999997019767,0.06599999964237203,False,,NOT_TRIGGERED,,0.0439999997615814,0.1999999999999993,0.1999999999999993,0.1999999999999993
2025-01-31,CXL,CALIX LIMITED ORDINARY,-0.0163934426229508,0.5950000286102295,0.7140000343322753,False,,NOT_TRIGGERED,,0.3849999904632568,0.3529412236121736,0.3529412236121736,0.3529412236121736
2025-01-31,IGO,IGO LIMITED ORDINARY,-0.0163934426229508,4.929999828338623,5.915999794006347,False,,NOT_TRIGGERED,,3.930000066757202,0.20283971529435407,0.20283971529435407,0.20283971529435407
2025-01-31,IFL,INSIGNIA FINANCIAL ORDINARY,-0.0163934426229508,4.429999828338623,5.3159997940063475,False,,NOT_TRIGGERED,,4.679999828338623,-0.056433410764658465,-0.056433410764658465,-0.056433410764658465
2025-01-31,ILU,ILUKA RESOURCES ORDINARY,-0.0163934426229508,4.344787120819092,5.21374454498291,False,,NOT_TRIGGERED,,4.048142433166504,0.06827600050440763,0.06827600050440763,0.06827600050440763
2025-01-31,EXR,ELIXIR ENERGY LTD ORDINARY,-0.0163934426229508,0.0439999997615814,0.05279999971389768,False,,NOT_TRIGGERED,,0.0299999993294477,0.31818182972714015,0.31818182972714015,0.31818182972714015
2025-01-31,EOS,ELECTRO OPTIC SYS. ORDINARY,-0.0163934426229508,1.2100000381469729,1.4520000457763673,False,,NOT_TRIGGERED,,1.149999976158142,0.049586826526647476,0.049586826526647476,0.049586826526647476
2025-01-31,EML,EML PAYMENTS LTD ORDINARY,-0.0163934426229508,0.824999988079071,0.9899999856948852,True,2025-02-27,STOPPED,1.0889999842643738,1.0,-0.2121212296358923,-0.32000000000000006,-0.2121212296358923
2025-01-31,EBO,EBOS GROUP LTD ORDINARY,-0.0163934426229508,34.35913848876953,41.23096618652344,False,,NOT_TRIGGERED,,32.96430969238281,0.040595569555465616,0.040595569555465616,0.040595569555465616
2025-01-31,DTL,DATA#3 LIMITED ORDINARY,-0.0163934426229508,6.6006927490234375,7.920831298828125,False,,NOT_TRIGGERED,,7.245588302612305,-0.0977011926035003,-0.0977011926035003,-0.0977011926035003
2025-01-31,ABB,AUSSIE BROADBAND ORDINARY,-0.0163934426229508,3.861433267593384,4.6337199211120605,False,,NOT_TRIGGERED,,3.615372896194458,0.06372254920574649,0.06372254920574649,0.06372254920574649
2025-01-31,DEV,DEVEX RESOURCES LTD ORDINARY,-0.0163934426229508,0.0850000008940696,0.10200000107288353,False,,NOT_TRIGGERED,,0.0780000016093254,0.08235293189547,0.08235293189547,0.08235293189547
2025-01-31,KGN,KOGAN.COM LTD ORDINARY,-0.0163934426229508,4.521914958953857,5.426297950744629,False,,NOT_TRIGGERED,,4.436595916748047,0.018867900652768776,0.018867900652768776,0.018867900652768776
2025-01-31,LIC,LIFESTYLE COMMUNIT. ORDINARY,-0.0163934426229508,9.859999656677246,11.831999588012694,False,,NOT_TRIGGERED,,7.679999828338623,0.2210953249742068,0.2210953249742068,0.2210953249742068
2025-01-31,LKE,LAKE RESOURCES ORDINARY,-0.0163934426229508,0.0410000011324882,0.04920000135898584,False,,NOT_TRIGGERED,,0.032999999821186,0.19512197781289908,0.19512197781289908,0.19512197781289908
2025-01-31,PNV,POLYNOVO LIMITED ORDINARY,-0.0163934426229508,2.0899999141693115,2.507999897003174,False,,NOT_TRIGGERED,,1.2000000476837158,0.4258372741796661,0.4258372741796661,0.4258372741796661
2025-01-31,PNI,PINNACLE INVESTMENT ORDINARY,-0.0163934426229508,24.41229820251465,29.294757843017578,False,,NOT_TRIGGERED,,19.277557373046875,0.2103341843062878,0.2103341843062878,0.2103341843062878
2025-01-31,PEN,PENINSULA ENERGY LTD ORDINARY,-0.0163934426229508,1.0850000381469729,1.3020000457763674,False,,NOT_TRIGGERED,,0.7699999809265137,0.29032262317560364,0.29032262317560364,0.29032262317560364
2025-01-31,PAR,PARADIGM BIO. ORDINARY,-0.0163934426229508,0.5849999785423279,0.7019999742507934,False,,NOT_TRIGGERED,,0.4749999940395355,0.18803416844028698,0.18803416844028698,0.18803416844028698
2025-01-31,NEU,NEUREN PHARMACEUT. ORDINARY,-0.0163934426229508,14.489999771118164,17.387999725341796,False,,NOT_TRIGGERED,,12.279999732971191,0.15251898364774308,0.15251898364774308,0.15251898364774308
2025-01-31,MFG,MAGELLAN FIN GRP LTD ORDINARY,-0.0163934426229508,9.350252151489258,11.22030258178711,False,,NOT_TRIGGERED,,7.373513221740723,0.21141022698876533,0.21141022698876533,0.21141022698876533
2025-01-31,MP1,MEGAPORT LIMITED ORDINARY,-0.0163934426229508,8.520000457763672,10.224000549316406,True,2025-02-20,STOPPED,12.0,10.829999923706056,-0.2711266833134318,-0.4084506285519329,-0.2711266833134318
2025-01-31,MIN,MINERAL RESOURCES. ORDINARY,-0.0163934426229508,34.97999954223633,41.975999450683595,False,,NOT_TRIGGERED,,21.07999992370605,0.39736991996660354,0.39736991996660354,0.39736991996660354
2025-01-31,MAQ,MACQUARIE TECHNOLOGY ORDINARY,-0.0163934426229508,84.68000030517578,101.61600036621094,False,,NOT_TRIGGERED,,68.29000091552734,0.19355218859920875,0.19355218859920875,0.19355218859920875
2025-01-31,M7T,MACH7 TECH LIMITED ORDINARY,-0.0163934426229508,0.4099999964237213,0.49199999570846553,False,,NOT_TRIGGERED,,0.4399999976158142,-0.07317073525310214,-0.07317073525310214,-0.07317073525310214
2025-01-31,LTR,LIONTOWN RESOURCES ORDINARY,-0.0163934426229508,0.675000011920929,0.8100000143051147,False,,NOT_TRIGGERED,,0.6349999904632568,0.059259290001846376,0.059259290001846376,0.059259290001846376
2025-01-31,MSB,MESOBLAST LIMITED ORDINARY,-0.0163934426229508,3.1700000762939453,3.804000091552734,False,,NOT_TRIGGERED,,2.0899999141693115,0.340694049252915,0.340694049252915,0.340694049252915
2025-01-31,PWH,PWR HOLDINGS LIMITED ORDINARY,-0.0163934426229508,8.111494064331055,9.733792877197265,False,,NOT_TRIGGERED,,7.238863468170166,0.10757951485141759,0.10757951485141759,0.10757951485141759
2025-01-31,WGX,WESTGOLD RESOURCES. ORDINARY,-0.0163934426229508,2.5593597888946533,3.071231746673584,False,,NOT_TRIGGERED,,2.4700798988342285,0.034883680851680254,0.034883680851680254,0.034883680851680254
2025-01-31,PPE,PEOPLEIN LIMITED ORDINARY,-0.0163934426229508,0.9200000166893004,1.1040000200271605,False,,NOT_TRIGGERED,,0.915000021457672,0.005434777327093299,0.005434777327093299,0.005434777327093299
2025-01-31,SGM,SIMS LIMITED ORDINARY,-0.0163934426229508,12.979655265808104,15.575586318969723,False,,NOT_TRIGGERED,,13.797816276550291,-0.06303410945723975,-0.06303410945723975,-0.06303410945723975
2025-01-31,REH,REECE LIMITED ORDINARY,-0.0163934426229508,23.471237182617188,28.165484619140624,False,,NOT_TRIGGERED,,16.31201934814453,0.30502089765318285,0.30502089765318285,0.30502089765318285
2025-01-31,LOT,LOTUS RESOURCES LTD ORDINARY,-0.0163934426229508,2.817500114440918,3.3810001373291017,False,,NOT_TRIGGERED,,1.955000042915344,0.3061224619317261,0.3061224619317261,0.3061224619317261
2025-01-31,WEB,WEB TRAVEL GROUP LTD ORDINARY,-0.0163934426229508,5.110000133514404,6.132000160217285,False,,NOT_TRIGGERED,,4.769999980926514,0.06653623164468592,0.06653623164468592,0.06653623164468592
2025-01-31,SBM,ST BARBARA LIMITED ORDINARY,-0.0163934426229508,0.2549999952316284,0.3059999942779541,False,,NOT_TRIGGERED,,0.2300000041723251,0.09803918245800225,0.09803918245800225,0.09803918245800225
2025-01-31,VUL,VULCAN ENERGY ORDINARY,-0.0163934426229508,4.630000114440918,5.556000137329101,False,,NOT_TRIGGERED,,3.9800000190734863,0.14038878602617932,0.14038878602617932,0.14038878602617932
2025-01-31,SYR,SYRAH RESOURCES ORDINARY,-0.0163934426229508,0.2300000041723251,0.2760000050067901,False,,NOT_TRIGGERED,,0.2300000041723251,-0.0,-0.0,-0.0
2025-01-31,WBT,WEEBIT NANO LTD ORDINARY,-0.0163934426229508,2.2699999809265137,2.7239999771118164,False,,NOT_TRIGGERED,,1.950000047683716,0.140969134771617,0.140969134771617,0.140969134771617
2025-01-31,SRL,SUNRISE ORDINARY,-0.0163934426229508,0.270000010728836,0.32400001287460317,False,,NOT_TRIGGERED,,0.2800000011920929,-0.0370370002440481,-0.0370370002440481,-0.0370370002440481
2025-01-31,SLX,SILEX SYSTEMS ORDINARY,-0.0163934426229508,6.199999809265137,7.439999771118163,False,,NOT_TRIGGERED,,3.920000076293945,0.36774190372780546,0.36774190372780546,0.36774190372780546
2025-01-31,SIG,SIGMA HEALTH LTD ORDINARY,-0.0163934426229508,2.837141275405884,3.4045695304870605,False,,NOT_TRIGGERED,,2.856912851333618,-0.006968837293767072,-0.006968837293767072,-0.006968837293767072
2025-01-31,SHV,SELECT HARVESTS ORDINARY,-0.0163934426229508,4.639999866485596,5.567999839782715,False,,NOT_TRIGGERED,,4.590000152587891,0.010775800719058148,0.010775800719058148,0.010775800719058148
2025-01-31,SGR,THE STAR ENT GRP ORDINARY,-0.0163934426229508,0.1199999973177909,0.1439999967813491,True,2025-02-18,STOPPED,0.15839999645948402,0.1099999994039535,0.08333331781128994,-0.3200000000000003,0.08333331781128994
2025-01-31,SVL,SILVER MINES LIMITED ORDINARY,-0.0163934426229508,0.0769999995827674,0.09239999949932089,True,2025-02-18,STOPPED,0.10163999944925298,0.0790000036358833,-0.02597407875263813,-0.32000000000000006,-0.02597407875263813
2025-02-28,CHN,CHALICE MINING LTD ORDINARY,-0.0163934426229508,1.350000023841858,1.6200000286102294,False,,NOT_TRIGGERED,,0.9850000143051147,0.270370372659712,0.270370372659712,0.270370372659712
2025-02-28,CCX,CITY CHIC COLLECTIVE ORDINARY,-0.0163934426229508,0.1400000005960464,0.16800000071525567,False,,NOT_TRIGGERED,,0.1099999994039535,0.2142857218883476,0.2142857218883476,0.2142857218883476
2025-02-28,CBA,COMMONWEALTH BANK. ORDINARY,-0.0163934426229508,152.3199920654297,182.78399047851562,False,,NOT_TRIGGERED,,149.65725708007812,0.017481191728317413,0.017481191728317413,0.017481191728317413
2025-02-28,BRN,BRAINCHIP LTD ORDINARY,-0.0163934426229508,0.209999993443489,0.25199999213218677,False,,NOT_TRIGGERED,,0.1899999976158142,0.09523807834335374,0.09523807834335374,0.09523807834335374
2025-02-28,BOT,BOTANIX PHARMA LTD ORDINARY,-0.0163934426229508,0.4399999976158142,0.527999997138977,False,,NOT_TRIGGERED,,0.4000000059604645,0.09090907243657698,0.09090907243657698,0.09090907243657698
2025-02-28,ALC,ALCIDION GROUP LTD ORDINARY,-0.0163934426229508,0.0900000035762786,0.10800000429153432,False,,NOT_TRIGGERED,,0.0740000009536743,0.17777779985357067,0.17777779985357067,0.17777779985357067
2025-02-28,ASM,AUSSTRATMATERIALS ORDINARY,-0.0163934426229508,0.3899999856948852,0.46799998283386224,False,,NOT_TRIGGERED,,0.3549999892711639,0.08974358386541947,0.08974358386541947,0.08974358386541947
2025-02-28,ASL,ANDEAN SILVER ORDINARY,-0.0163934426229508,0.9800000190734864,1.1760000228881837,True,2025-03-18,STOPPED,1.2936000251770021,0.959999978542328,0.020408204226431526,-0.32000000000000006,0.020408204226431526
2025-02-28,ARU,ARAFURA RARE EARTHS ORDINARY,-0.0163934426229508,0.1700000017881393,0.20400000214576713,True,2025-03-20,STOPPED,0.22440000236034385,0.1550000011920929,0.08823529669570229,-0.32000000000000006,0.08823529669570229
2025-02-28,AQZ,ALLIANCE AVIATION ORDINARY,-0.0163934426229508,2.666249990463257,3.199499988555908,False,,NOT_TRIGGERED,,2.4885001182556152,0.06666661897549897,0.06666661897549897,0.06666661897549897
2025-02-28,APX,APPEN LIMITED ORDINARY,-0.0163934426229508,1.3049999475479126,1.565999937057495,False,,NOT_TRIGGERED,,0.8600000143051147,0.34099613113314686,0.34099613113314686,0.34099613113314686
2025-02-28,CIA,CHAMPION IRON LTD ORDINARY,-0.0163934426229508,5.1868391036987305,6.224206924438477,False,,NOT_TRIGGERED,,4.155202388763428,0.19889506774938204,0.19889506774938204,0.19889506774938204
2025-02-28,BET,BETMAKERS TECH GROUP ORDINARY,-0.0163934426229508,0.1199999973177909,0.1439999967813491,False,,NOT_TRIGGERED,,0.0930000022053718,0.22499996429930047,0.22499996429930047,0.22499996429930047
2025-02-28,4DX,4DMEDICAL LIMITED ORDINARY,-0.0163934426229508,0.3849999904632568,0.4619999885559081,False,,NOT_TRIGGERED,,0.25,0.35064933456444014,0.35064933456444014,0.35064933456444014
2025-02-28,FBR,FBR LTD ORDINARY,-0.0163934426229508,0.0189999993890523,0.02279999926686276,False,,NOT_TRIGGERED,,0.0070000002160668,0.6315789241498522,0.6315789241498522,0.6315789241498522
2025-02-28,IPD,IMPEDIMED LIMITED ORDINARY,-0.0163934426229508,0.0430000014603138,0.051600001752376556,False,,NOT_TRIGGERED,,0.0395000018179416,0.08139533775603391,0.08139533775603391,0.08139533775603391
2025-02-28,IMU,IMUGENE LIMITED ORDINARY,-0.0163934426229508,1.2580000162124634,1.509600019454956,False,,NOT_TRIGGERED,,0.8840000033378601,0.2972973037000649,0.2972973037000649,0.2972973037000649
2025-02-28,ILU,ILUKA RESOURCES ORDINARY,-0.0163934426229508,4.079381942749023,4.895258331298828,False,,NOT_TRIGGERED,,3.5818121433258057,0.12197185907233643,0.12197185907233643,0.12197185907233643
2025-02-28,CST,CASTILE RESOURCES ORDINARY,-0.0163934426229508,0.0610000006854534,0.07320000082254408,True,2025-03-20,STOPPED,0.0805200009047985,0.0729999989271164,-0.19672128043966763,-0.32000000000000006,-0.19672128043966763
2025-02-28,GLL,GALILEE ENERGY LTD ORDINARY,-0.0163934426229508,0.0070000002160668,0.00840000025928016,True,2025-03-24,STOPPED,0.009240000285208176,0.0070000002160668,-0.0,-0.32000000000000006,-0.0
2025-02-28,HGO,HILLGROVE RES LTD ORDINARY,-0.0163934426229508,0.0399999991059303,0.04799999892711636,False,,NOT_TRIGGERED,,0.0340000018477439,0.14999993480742002,0.14999993480742002,0.14999993480742002
2025-02-28,EOS,ELECTRO OPTIC SYS. ORDINARY,-0.0163934426229508,1.100000023841858,1.3200000286102294,True,2025-03-20,STOPPED,1.4520000314712525,1.1699999570846558,-0.06363630156871825,-0.32000000000000006,-0.06363630156871825
2025-02-28,EML,EML PAYMENTS LTD ORDINARY,-0.0163934426229508,0.9700000286102296,1.1640000343322754,False,,NOT_TRIGGERED,,0.8849999904632568,0.08762890272153578,0.08762890272153578,0.08762890272153578
2025-02-28,EGR,ECOGRAF LIMITED ORDINARY,-0.0163934426229508,0.1150000020861625,0.138000002503395,True,2025-03-04,STOPPED,0.1518000027537345,0.2750000059604645,-1.391304356276652,-0.32000000000000006,-0.30000000000000004
2025-02-28,DEV,DEVEX RESOURCES LTD ORDINARY,-0.0163934426229508,0.0769999995827674,0.09239999949932089,True,2025-03-21,STOPPED,0.10163999944925298,0.0820000022649765,-0.06493510012080694,-0.32000000000000006,-0.06493510012080694
2025-02-28,CXL,CALIX LIMITED ORDINARY,-0.0163934426229508,0.4300000071525574,0.5160000085830688,False,,NOT_TRIGGERED,,0.3050000071525574,0.290697669583182,0.290697669583182,0.290697669583182
2025-02-28,EXR,ELIXIR ENERGY LTD ORDINARY,-0.0163934426229508,0.0320000015199184,0.03840000182390208,False,,NOT_TRIGGERED,,0.0209999997168779,0.3437500400177653,0.3437500400177653,0.3437500400177653
2025-02-28,ABY,ADORE BEAUTY ORDINARY,-0.0163934426229508,0.8399999737739563,1.0079999685287475,False,,NOT_TRIGGERED,,0.699999988079071,0.16666665484034793,0.16666665484034793,0.16666665484034793
2025-02-28,CUV,CLINUVEL PHARMACEUT. ORDINARY,-0.0163934426229508,11.434759140014648,13.721710968017577,False,,NOT_TRIGGERED,,10.48932647705078,0.0826805926900055,0.0826805926900055,0.0826805926900055
2025-02-28,IXR,IONIC RARE EARTHS ORDINARY,-0.0163934426229508,0.1800000071525573,0.21600000858306875,True,2025-03-31,STOPPED,0.23760000944137566,0.209999993443489,-0.16666658388244127,-0.3200000000000003,-0.16666658388244127
2025-02-28,JMS,JUPITER MINES. ORDINARY,-0.0163934426229508,0.1446681916713714,0.1736018300056457,False,,NOT_TRIGGERED,,0.1375533640384674,0.04918031773747511,0.04918031773747511,0.04918031773747511
2025-02-28,KGN,KOGAN.COM LTD ORDINARY,-0.0163934426229508,4.806312561035156,5.767575073242187,False,,NOT_TRIGGERED,,4.012502670288086,0.16515985605732308,0.16515985605732308,0.16515985605732308
2025-02-28,NMT,NEOMETALS LTD ORDINARY,-0.0163934426229508,0.0780000016093254,0.09360000193119047,False,,NOT_TRIGGERED,,0.0590000003576278,0.24358975461131305,0.24358975461131305,0.24358975461131305
2025-02-28,MVP,MEDICAL DEVELOPMENTS ORDINARY,-0.0163934426229508,0.6700000166893005,0.8040000200271606,False,,NOT_TRIGGERED,,0.5199999809265137,0.22388064481548586,0.22388064481548586,0.22388064481548586
2025-02-28,MSB,MESOBLAST LIMITED ORDINARY,-0.0163934426229508,2.5199999809265137,3.0239999771118162,False,,NOT_TRIGGERED,,1.7649999856948853,0.29960317497861333,0.29960317497861333,0.29960317497861333
2025-02-28,MP1,MEGAPORT LIMITED ORDINARY,-0.0163934426229508,11.119999885559082,13.343999862670898,False,,NOT_TRIGGERED,,9.170000076293944,0.17535969688250563,0.17535969688250563,0.17535969688250563
2025-02-28,LOT,LOTUS RESOURCES LTD ORDINARY,-0.0163934426229508,2.012500047683716,2.415000057220459,False,,NOT_TRIGGERED,,1.725000023841858,0.14285715131920407,0.14285715131920407,0.14285715131920407
2025-02-28,MME,MONEYME LIMITED ORDINARY,-0.0163934426229508,0.1599999964237213,0.19199999570846557,False,,NOT_TRIGGERED,,0.1299999952316284,0.18750001164153263,0.18750001164153263,0.18750001164153263
2025-02-28,MIN,MINERAL RESOURCES. ORDINARY,-0.0163934426229508,22.709999084472656,27.251998901367188,False,,NOT_TRIGGERED,,18.950000762939453,0.16556576279670565,0.16556576279670565,0.16556576279670565
2025-02-28,MAQ,MACQUARIE TECHNOLOGY ORDINARY,-0.0163934426229508,69.0199966430664,82.82399597167968,False,,NOT_TRIGGERED,,57.65999984741211,0.16458993549944623,0.16458993549944623,0.16458993549944623
2025-02-28,M7T,MACH7 TECH LIMITED ORDINARY,-0.0163934426229508,0.4399999976158142,0.527999997138977,False,,NOT_TRIGGERED,,0.3199999928474426,0.27272728504228205,0.27272728504228205,0.27272728504228205
2025-02-28,LTR,LIONTOWN RESOURCES ORDINARY,-0.0163934426229508,0.6399999856948853,0.7679999828338623,False,,NOT_TRIGGERED,,0.4749999940395355,0.2578124927240423,0.2578124927240423,0.2578124927240423
2025-02-28,PDI,PREDICTIVE DISC LTD ORDINARY,-0.0163934426229508,0.3400000035762787,0.40800000429153443,False,,NOT_TRIGGERED,,0.3600000143051147,-0.05882356034843106,-0.05882356034843106,-0.05882356034843106
2025-02-28,MMS,MCMILLAN SHAKESPEARE ORDINARY,-0.0163934426229508,14.044833183288574,16.85379981994629,False,,NOT_TRIGGERED,,13.006665229797363,0.07391814056762802,0.07391814056762802,0.07391814056762802
2025-02-28,PNV,POLYNOVO LIMITED ORDINARY,-0.0163934426229508,1.4299999475479126,1.715999937057495,False,,NOT_TRIGGERED,,1.0499999523162842,0.2657342721468152,0.2657342721468152,0.2657342721468152
2025-02-28,SLX,SILEX SYSTEMS ORDINARY,-0.0163934426229508,4.110000133514404,4.932000160217285,False,,NOT_TRIGGERED,,3.3399999141693115,0.18734797915606782,0.18734797915606782,0.18734797915606782
2025-02-28,PAR,PARADIGM BIO. ORDINARY,-0.0163934426229508,0.4900000095367431,0.5880000114440918,False,,NOT_TRIGGERED,,0.3000000119209289,0.38775508962835414,0.38775508962835414,0.38775508962835414
2025-02-28,SBM,ST BARBARA LIMITED ORDINARY,-0.0163934426229508,0.2150000035762787,0.2580000042915344,True,2025-03-28,STOPPED,0.2838000047206879,0.2349999994039535,-0.09302323486045494,-0.32000000000000006,-0.09302323486045494
2025-02-28,PPT,PERPETUAL LIMITED ORDINARY,-0.0163934426229508,18.02085304260254,21.625023651123048,False,,NOT_TRIGGERED,,16.67661476135254,0.07459348778174535,0.07459348778174535,0.07459348778174535
2025-02-28,LIC,LIFESTYLE COMMUNIT. ORDINARY,-0.0163934426229508,8.0,9.6,False,,NOT_TRIGGERED,,7.110000133514404,0.11124998331069946,0.11124998331069946,0.11124998331069946
2025-02-28,WGX,WESTGOLD RESOURCES. ORDINARY,-0.0163934426229508,2.489919900894165,2.987903881072998,True,2025-03-19,STOPPED,3.286694269180298,2.8470399379730225,-0.14342631542107465,-0.32000000000000006,-0.14342631542107465
2025-02-28,PWH,PWR HOLDINGS LIMITED ORDINARY,-0.0163934426229508,7.595848083496094,9.115017700195311,False,,NOT_TRIGGERED,,6.564031600952148,0.1358395364417343,0.1358395364417343,0.1358395364417343
2025-02-28,TTT,TITOMIC LIMITED ORDINARY,-0.0163934426229508,0.2399999946355819,0.28799999356269823,False,,NOT_TRIGGERED,,0.2199999988079071,0.08333331781128972,0.08333331781128972,0.08333331781128972
2025-02-28,TOE,TORO ENERGY LIMITED ORDINARY,-0.0163934426229508,0.2000000029802322,0.24000000357627865,False,,NOT_TRIGGERED,,0.1599999964237213,0.2000000298023218,0.2000000298023218,0.2000000298023218
2025-02-28,WBT,WEEBIT NANO LTD ORDINARY,-0.0163934426229508,2.109999895095825,2.53199987411499,False,,NOT_TRIGGERED,,1.6050000190734863,0.23933644603304793,0.23933644603304793,0.23933644603304793
2025-02-28,SVL,SILVER MINES LIMITED ORDINARY,-0.0163934426229508,0.0799999982118606,0.09599999785423272,True,2025-03-17,STOPPED,0.105599997639656,0.0930000022053718,-0.16250005355104924,-0.32000000000000006,-0.16250005355104924
2025-02-28,SRL,SUNRISE ORDINARY,-0.0163934426229508,0.270000010728836,0.32400001287460317,False,,NOT_TRIGGERED,,0.2549999952316284,0.05555561074503912,0.05555561074503912,0.05555561074503912
2025-02-28,SIG,SIGMA HEALTH LTD ORDINARY,-0.0163934426229508,2.9063401222229004,3.48760814666748,False,,NOT_TRIGGERED,,2.856912851333618,0.017006705619670548,0.017006705619670548,0.017006705619670548
2025-02-28,SHV,SELECT HARVESTS ORDINARY,-0.0163934426229508,4.559999942779541,5.471999931335449,False,,NOT_TRIGGERED,,5.0,-0.09649124182932711,-0.09649124182932711,-0.09649124182932711
2025-02-28,SGR,THE STAR ENT GRP ORDINARY,-0.0163934426229508,0.1099999994039535,0.13199999928474418,False,,NOT_TRIGGERED,,0.1099999994039535,-0.0,-0.0,-0.0
2025-02-28,SYR,SYRAH RESOURCES ORDINARY,-0.0163934426229508,0.2150000035762787,0.2580000042915344,True,2025-03-13,STOPPED,0.2838000047206879,0.209999993443489,0.023255860695908126,-0.32000000000000006,0.023255860695908126
2025-03-28,BOT,BOTANIX PHARMA LTD ORDINARY,-0.0163934426229508,0.4600000083446502,0.5520000100135802,False,,NOT_TRIGGERED,,0.4550000131130218,0.010869554654186486,0.010869554654186486,0.010869554654186486
2025-03-28,BOE,BOSS ENERGY LTD ORDINARY,-0.0163934426229508,2.450000047683716,2.940000057220459,True,2025-04-29,STOPPED,3.234000062942505,3.5799999237060547,-0.4612244302160997,-0.32000000000000006,-0.30000000000000004
2025-03-28,BGL,BELLEVUE GOLD LTD ORDINARY,-0.0163934426229508,1.1449999809265137,1.3739999771118163,False,,NOT_TRIGGERED,,0.8999999761581421,0.21397380685554412,0.21397380685554412,0.21397380685554412
2025-03-28,BET,BETMAKERS TECH GROUP ORDINARY,-0.0163934426229508,0.0979999974370002,0.11759999692440024,True,2025-04-15,STOPPED,0.12935999661684028,0.1049999967217445,-0.07142856599811931,-0.32000000000000006,-0.07142856599811931
2025-03-28,ASM,AUSSTRATMATERIALS ORDINARY,-0.0163934426229508,0.3650000095367431,0.43800001144409173,True,2025-04-14,STOPPED,0.48180001258850097,0.675000011920929,-0.8493150528342093,-0.3200000000000003,-0.30000000000000004
2025-03-28,ABY,ADORE BEAUTY ORDINARY,-0.0163934426229508,0.7300000190734863,0.8760000228881836,False,,NOT_TRIGGERED,,0.7250000238418579,0.006849308357518069,0.006849308357518069,0.006849308357518069
2025-03-28,ARU,ARAFURA RARE EARTHS ORDINARY,-0.0163934426229508,0.1800000071525573,0.21600000858306875,True,2025-04-22,STOPPED,0.23760000944137566,0.1899999976158142,-0.055555500366072375,-0.3200000000000003,-0.055555500366072375
2025-03-28,AQZ,ALLIANCE AVIATION ORDINARY,-0.0163934426229508,2.715625047683716,3.258750057220459,False,,NOT_TRIGGERED,,2.5477499961853027,0.06181819969645719,0.06181819969645719,0.06181819969645719
2025-03-28,AIS,AERIS RESOURCES LTD ORDINARY,-0.0163934426229508,0.1899999976158142,0.22799999713897703,False,,NOT_TRIGGERED,,0.1899999976158142,-0.0,-0.0,-0.0
2025-03-28,LIC,LIFESTYLE COMMUNIT. ORDINARY,-0.0163934426229508,8.180000305175781,9.816000366210938,False,,NOT_TRIGGERED,,7.539999961853027,0.07823964785402304,0.07823964785402304,0.07823964785402304
2025-03-28,AGL,AGL ENERGY LIMITED. ORDINARY,-0.0163934426229508,10.123130798339844,12.147756958007813,False,,NOT_TRIGGERED,,10.26530933380127,-0.014044917357458386,-0.014044917357458386,-0.014044917357458386
2025-03-28,BRN,BRAINCHIP LTD ORDINARY,-0.0163934426229508,0.2150000035762787,0.2580000042915344,True,2025-04-17,STOPPED,0.2838000047206879,0.2549999952316284,-0.18604646972091032,-0.32000000000000006,-0.18604646972091032
2025-03-28,ASL,ANDEAN SILVER ORDINARY,-0.0163934426229508,1.3450000286102295,1.6140000343322753,False,,NOT_TRIGGERED,,0.9700000286102296,0.27881040299120463,0.27881040299120463,0.27881040299120463
2025-03-28,CBA,COMMONWEALTH BANK. ORDINARY,-0.0163934426229508,146.1879119873047,175.4254943847656,False,,NOT_TRIGGERED,,164.8756561279297,-0.1278337168003869,-0.1278337168003869,-0.1278337168003869
2025-03-28,HGO,HILLGROVE RES LTD ORDINARY,-0.0163934426229508,0.0350000001490116,0.04200000017881392,False,,NOT_TRIGGERED,,0.0340000018477439,0.028571379914578143,0.028571379914578143,0.028571379914578143
2025-03-28,CHN,CHALICE MINING LTD ORDINARY,-0.0163934426229508,1.2100000381469729,1.4520000457763673,False,,NOT_TRIGGERED,,1.1200000047683716,0.07438019052993572,0.07438019052993572,0.07438019052993572
2025-03-28,IXR,IONIC RARE EARTHS ORDINARY,-0.0163934426229508,0.209999993443489,0.25199999213218677,True,2025-03-31,STOPPED,0.27719999134540546,0.209999993443489,-0.0,-0.32000000000000006,-0.0
2025-03-28,IPD,IMPEDIMED LIMITED ORDINARY,-0.0163934426229508,0.0419999994337558,0.050399999320506955,False,,NOT_TRIGGERED,,0.0390000008046627,0.07142853975093089,0.07142853975093089,0.07142853975093089
2025-03-28,ILU,ILUKA RESOURCES ORDINARY,-0.0163934426229508,4.058064937591553,4.869677925109863,False,,NOT_TRIGGERED,,4.097752094268799,-0.00977982296675628,-0.00977982296675628,-0.00977982296675628
2025-03-28,CCX,CITY CHIC COLLECTIVE ORDINARY,-0.0163934426229508,0.1199999973177909,0.1439999967813491,False,,NOT_TRIGGERED,,0.0839999988675117,0.2999999937911827,0.2999999937911827,0.2999999937911827
2025-03-28,EXR,ELIXIR ENERGY LTD ORDINARY,-0.0163934426229508,0.025000000372529,0.030000000447034797,True,2025-04-16,STOPPED,0.03300000049173828,0.0260000005364418,-0.04000000596046549,-0.31999999999999984,-0.04000000596046549
2025-03-28,IGO,IGO LIMITED ORDINARY,-0.0163934426229508,4.199999809265137,5.039999771118164,False,,NOT_TRIGGERED,,3.940000057220459,0.0619047056790627,0.0619047056790627,0.0619047056790627
2025-03-28,EML,EML PAYMENTS LTD ORDINARY,-0.0163934426229508,0.9900000095367432,1.1880000114440918,False,,NOT_TRIGGERED,,0.9649999737739564,0.02525256113329244,0.02525256113329244,0.02525256113329244
2025-03-28,DEV,DEVEX RESOURCES LTD ORDINARY,-0.0163934426229508,0.096000000834465,0.115200001001358,False,,NOT_TRIGGERED,,0.0799999982118606,0.16666669253673827,0.16666669253673827,0.16666669253673827
2025-03-28,CUV,CLINUVEL PHARMACEUT. ORDINARY,-0.0163934426229508,11.623846054077148,13.948615264892577,False,,NOT_TRIGGERED,,11.534278869628906,0.007705468915499392,0.007705468915499392,0.007705468915499392
2025-03-28,CST,CASTILE RESOURCES ORDINARY,-0.0163934426229508,0.0729999989271164,0.08759999871253966,False,,NOT_TRIGGERED,,0.0740000009536743,-0.013698658099383199,-0.013698658099383199,-0.013698658099383199
2025-03-28,EOS,ELECTRO OPTIC SYS. ORDINARY,-0.0163934426229508,1.399999976158142,1.6799999713897704,False,,NOT_TRIGGERED,,1.2400000095367432,0.11428569239013009,0.11428569239013009,0.11428569239013009
2025-03-28,JMS,JUPITER MINES. ORDINARY,-0.0163934426229508,0.1565262526273727,0.18783150315284722,False,,NOT_TRIGGERED,,0.1422965824604034,0.0909091601448131,0.0909091601448131,0.0909091601448131
2025-03-28,4DX,4DMEDICAL LIMITED ORDINARY,-0.0163934426229508,0.2899999916553497,0.3479999899864196,False,,NOT_TRIGGERED,,0.2949999868869781,-0.017241363363798445,-0.017241363363798445,-0.017241363363798445
2025-03-28,TTT,TITOMIC LIMITED ORDINARY,-0.0163934426229508,0.25,0.3,False,,NOT_TRIGGERED,,0.2399999946355819,0.04000002145767245,0.04000002145767245,0.04000002145767245
2025-03-28,CXL,CALIX LIMITED ORDINARY,-0.0163934426229508,0.4000000059604645,0.48000000715255736,False,,NOT_TRIGGERED,,0.4000000059604645,-0.0,-0.0,-0.0
2025-03-28,PPC,PEET LIMITED ORDINARY,-0.0163934426229508,1.390475153923035,1.6685701847076417,False,,NOT_TRIGGERED,,1.371685028076172,0.013513456744515762,0.013513456744515762,0.013513456744515762
2025-03-28,OMH,OM HOLDINGS LIMITED ORDINARY,-0.0163934426229508,0.323377788066864,0.3880533456802368,False,,NOT_TRIGGERED,,0.3274074196815491,-0.012461064932053567,-0.012461064932053567,-0.012461064932053567
2025-03-28,NVX,NOVONIX LIMITED ORDINARY,-0.0163934426229508,0.4799999892711639,0.5759999871253967,False,,NOT_TRIGGERED,,0.4350000023841858,0.09374997477667957,0.09374997477667957,0.09374997477667957
2025-03-28,LOT,LOTUS RESOURCES LTD ORDINARY,-0.0163934426229508,1.8975000381469729,2.2770000457763673,False,,NOT_TRIGGERED,,2.069999933242798,-0.09090903379600546,-0.09090903379600546,-0.09090903379600546
2025-03-28,NVA,NOVA MINERALS LTD ORDINARY,-0.0163934426229508,0.2949999868869781,0.3539999842643737,True,2025-04-17,STOPPED,0.38939998269081105,0.3400000035762787,-0.15254243623590824,-0.31999999999999984,-0.15254243623590824
2025-03-28,NMT,NEOMETALS LTD ORDINARY,-0.0163934426229508,0.06700000166893,0.08040000200271599,True,2025-05-01,STOPPED,0.0884400022029876,0.0759999975562095,-0.13432829347902953,-0.32000000000000006,-0.13432829347902953
2025-03-28,M7T,MACH7 TECH LIMITED ORDINARY,-0.0163934426229508,0.3650000095367431,0.43800001144409173,False,,NOT_TRIGGERED,,0.3449999988079071,0.054794548510341046,0.054794548510341046,0.054794548510341046
2025-03-28,MP1,MEGAPORT LIMITED ORDINARY,-0.0163934426229508,10.039999961853027,12.047999954223632,False,,NOT_TRIGGERED,,11.56999969482422,-0.15239041222952454,-0.15239041222952454,-0.15239041222952454
2025-03-28,MMS,MCMILLAN SHAKESPEARE ORDINARY,-0.0163934426229508,13.70624542236328,16.447494506835934,False,,NOT_TRIGGERED,,14.267749786376951,-0.04096704434443543,-0.04096704434443543,-0.04096704434443543
2025-03-28,MME,MONEYME LIMITED ORDINARY,-0.0163934426229508,0.135000005364418,0.16200000643730159,False,,NOT_TRIGGERED,,0.1500000059604644,-0.11111111111111072,-0.11111111111111072,-0.11111111111111072
2025-03-28,MIN,MINERAL RESOURCES. ORDINARY,-0.0163934426229508,25.280000686645508,30.336000823974608,False,,NOT_TRIGGERED,,20.899999618530277,0.1732595312162718,0.1732595312162718,0.1732595312162718
2025-03-28,MAQ,MACQUARIE TECHNOLOGY ORDINARY,-0.0163934426229508,64.52999877929688,77.43599853515624,False,,NOT_TRIGGERED,,61.33000183105469,0.049589291938261115,0.049589291938261115,0.049589291938261115
2025-03-28,PBH,POINTSBET HOLDINGS ORDINARY,-0.0163934426229508,1.0750000476837158,1.2900000572204589,False,,NOT_TRIGGERED,,1.0950000286102295,-0.018604632594767967,-0.018604632594767967,-0.018604632594767967
2025-03-28,MSB,MESOBLAST LIMITED ORDINARY,-0.0163934426229508,2.0199999809265137,2.423999977111816,False,,NOT_TRIGGERED,,1.8450000286102293,0.08663364057855938,0.08663364057855938,0.08663364057855938
2025-03-28,PNV,POLYNOVO LIMITED ORDINARY,-0.0163934426229508,1.1950000524520874,1.434000062942505,False,,NOT_TRIGGERED,,1.2799999713897705,-0.07112963615630563,-0.07112963615630563,-0.07112963615630563
2025-03-28,PAR,PARADIGM BIO. ORDINARY,-0.0163934426229508,0.3650000095367431,0.43800001144409173,False,,NOT_TRIGGERED,,0.3100000023841858,0.15068494716579095,0.15068494716579095,0.15068494716579095
2025-03-28,PPK,PPK GROUP LIMITED ORDINARY,-0.0163934426229508,0.3199999928474426,0.38399999141693114,False,,NOT_TRIGGERED,,0.3100000023841858,0.031249970896168877,0.031249970896168877,0.031249970896168877
2025-03-28,LTR,LIONTOWN RESOURCES ORDINARY,-0.0163934426229508,0.6549999713897705,0.7859999656677246,False,,NOT_TRIGGERED,,0.5149999856948853,0.21374044551152438,0.21374044551152438,0.21374044551152438
2025-03-28,WGX,WESTGOLD RESOURCES. ORDINARY,-0.0163934426229508,2.8966400623321533,3.4759680747985837,False,,NOT_TRIGGERED,,2.6684799194335938,0.07876717092522101,0.07876717092522101,0.07876717092522101
2025-03-28,WBT,WEEBIT NANO LTD ORDINARY,-0.0163934426229508,2.049999952316284,2.459999942779541,False,,NOT_TRIGGERED,,1.870000004768372,0.08780485450476772,0.08780485450476772,0.08780485450476772
2025-03-28,SIG,SIGMA HEALTH LTD ORDINARY,-0.0163934426229508,2.856912851333618,3.4282954216003416,False,,NOT_TRIGGERED,,3.0645081996917725,-0.07266422154293162,-0.07266422154293162,-0.07266422154293162
2025-03-28,SYR,SYRAH RESOURCES ORDINARY,-0.0163934426229508,0.25,0.3,False,,NOT_TRIGGERED,,0.2450000047683715,0.019999980926514005,0.019999980926514005,0.019999980926514005
2025-03-28,SVL,SILVER MINES LIMITED ORDINARY,-0.0163934426229508,0.1099999994039535,0.13199999928474418,False,,NOT_TRIGGERED,,0.1049999967217445,0.045454570084563994,0.045454570084563994,0.045454570084563994
2025-03-28,VUL,VULCAN ENERGY ORDINARY,-0.0163934426229508,5.099999904632568,6.119999885559082,False,,NOT_TRIGGERED,,4.460000038146973,0.12549017224573944,0.12549017224573944,0.12549017224573944
2025-03-28,SLX,SILEX SYSTEMS ORDINARY,-0.0163934426229508,3.7699999809265137,4.523999977111816,False,,NOT_TRIGGERED,,3.259999990463257,0.13527851274363123,0.13527851274363123,0.13527851274363123
2025-03-28,SGR,THE STAR ENT GRP ORDINARY,-0.0163934426229508,0.1099999994039535,0.13199999928474418,False,,NOT_TRIGGERED,,0.1049999967217445,0.045454570084563994,0.045454570084563994,0.045454570084563994
2025-03-28,SBM,ST BARBARA LIMITED ORDINARY,-0.0163934426229508,0.25,0.3,True,2025-04-22,STOPPED,0.33,0.3100000023841858,-0.24000000953674316,-0.32000000000000006,-0.24000000953674316
2025-03-28,PWH,PWR HOLDINGS LIMITED ORDINARY,-0.0163934426229508,6.723160266876221,8.067792320251465,False,,NOT_TRIGGERED,,6.862397193908691,-0.020710041335540552,-0.020710041335540552,-0.020710041335540552
2025-03-28,PPT,PERPETUAL LIMITED ORDINARY,-0.0163934426229508,18.848146438598636,22.617775726318364,False,,NOT_TRIGGERED,,15.586148262023926,0.17306731922957408,0.17306731922957408,0.17306731922957408
2025-03-28,SRL,SUNRISE ORDINARY,-0.0163934426229508,0.270000010728836,0.32400001287460317,True,2025-04-11,STOPPED,0.3564000141620635,0.5,-0.8518517782658739,-0.32000000000000006,-0.30000000000000004
2025-04-24,CBA,COMMONWEALTH BANK. ORDINARY,-0.0163934426229508,160.074951171875,192.08994140625,False,,NOT_TRIGGERED,,169.52085876464844,-0.05900927986310123,-0.05900927986310123,-0.05900927986310123
2025-04-24,CAT,CATAPULT GRP INT LTD ORDINARY,-0.0163934426229508,3.900000095367432,4.680000114440919,True,2025-05-21,STOPPED,5.1480001258850105,5.260000228881836,-0.3487179744251452,-0.32000000000000006,-0.30000000000000004
2025-04-24,BRN,BRAINCHIP LTD ORDINARY,-0.0163934426229508,0.270000010728836,0.32400001287460317,False,,NOT_TRIGGERED,,0.2150000035762787,0.20370372210019816,0.20370372210019816,0.20370372210019816
2025-04-24,BOT,BOTANIX PHARMA LTD ORDINARY,-0.0163934426229508,0.4199999868869781,0.5039999842643736,False,,NOT_TRIGGERED,,0.375,0.10714282926653418,0.10714282926653418,0.10714282926653418
2025-04-24,BET,BETMAKERS TECH GROUP ORDINARY,-0.0163934426229508,0.1099999994039535,0.13199999928474418,False,,NOT_TRIGGERED,,0.1150000020861625,-0.04545457008456388,-0.04545457008456388,-0.04545457008456388
2025-04-24,ABY,ADORE BEAUTY ORDINARY,-0.0163934426229508,0.7049999833106995,0.8459999799728394,False,,NOT_TRIGGERED,,0.7099999785423279,-0.0070921919858044635,-0.0070921919858044635,-0.0070921919858044635
2025-04-24,ARU,ARAFURA RARE EARTHS ORDINARY,-0.0163934426229508,0.1949999928474426,0.23399999141693112,False,,NOT_TRIGGERED,,0.1650000065565109,0.1538460891862804,0.1538460891862804,0.1538460891862804
2025-04-24,ARB,ARB CORPORATION. ORDINARY,-0.0163934426229508,29.40378761291504,35.28454513549804,False,,NOT_TRIGGERED,,29.971832275390625,-0.019318758180190576,-0.019318758180190576,-0.019318758180190576
2025-04-24,AQZ,ALLIANCE AVIATION ORDINARY,-0.0163934426229508,2.567499876022339,3.0809998512268066,False,,NOT_TRIGGERED,,2.46875,0.03846149203143323,0.03846149203143323,0.03846149203143323
2025-04-24,APX,APPEN LIMITED ORDINARY,-0.0163934426229508,0.8899999856948853,1.0679999828338622,True,2025-05-13,STOPPED,1.1747999811172485,1.2799999713897705,-0.43820223816114434,-0.31999999999999984,-0.30000000000000004
2025-04-24,AIS,AERIS RESOURCES LTD ORDINARY,-0.0163934426229508,0.2000000029802322,0.24000000357627865,False,,NOT_TRIGGERED,,0.1700000017881393,0.15000000372529043,0.15000000372529043,0.15000000372529043
2025-04-24,CCX,CITY CHIC COLLECTIVE ORDINARY,-0.0163934426229508,0.0850000008940696,0.10200000107288353,False,,NOT_TRIGGERED,,0.0850000008940696,-0.0,-0.0,-0.0
2025-04-24,ASL,ANDEAN SILVER ORDINARY,-0.0163934426229508,0.9399999976158142,1.127999997138977,False,,NOT_TRIGGERED,,0.9350000023841858,0.00531914387692578,0.00531914387692578,0.00531914387692578
2025-04-24,ASM,AUSSTRATMATERIALS ORDINARY,-0.0163934426229508,0.6100000143051147,0.7320000171661377,True,2025-04-28,STOPPED,0.8052000188827515,0.5,0.1803278880745961,-0.32000000000000006,0.1803278880745961
2025-04-24,GLN,GALAN LITHIUM LTD ORDINARY,-0.0163934426229508,0.1099999994039535,0.13199999928474418,False,,NOT_TRIGGERED,,0.090999998152256,0.17272728504228174,0.17272728504228174,0.17272728504228174
2025-04-24,CHN,CHALICE MINING LTD ORDINARY,-0.0163934426229508,1.090000033378601,1.3080000400543212,False,,NOT_TRIGGERED,,1.1399999856948853,-0.045871514481795606,-0.045871514481795606,-0.045871514481795606
2025-04-24,IPD,IMPEDIMED LIMITED ORDINARY,-0.0163934426229508,0.0340000018477439,0.04080000221729268,True,2025-04-28,STOPPED,0.04488000243902195,0.0289999991655349,0.147058894425936,-0.3200000000000003,0.147058894425936
2025-04-24,ILU,ILUKA RESOURCES ORDINARY,-0.0163934426229508,3.790172576904297,4.548207092285156,False,,NOT_TRIGGERED,,3.760406732559204,0.007853427183361794,0.007853427183361794,0.007853427183361794
2025-04-24,IGO,IGO LIMITED ORDINARY,-0.0163934426229508,3.640000104904175,4.368000125885009,True,2025-05-12,STOPPED,4.804800138473511,4.099999904632568,-0.1263735677118898,-0.32000000000000006,-0.1263735677118898
2025-04-24,HGO,HILLGROVE RES LTD ORDINARY,-0.0163934426229508,0.0370000004768371,0.04440000057220452,False,,NOT_TRIGGERED,,0.0379999987781047,-0.027026980767030473,-0.027026980767030473,-0.027026980767030473
2025-04-24,JMS,JUPITER MINES. ORDINARY,-0.0163934426229508,0.1375533640384674,0.1650640368461609,True,2025-05-13,STOPPED,0.181570440530777,0.194472000002861,-0.4137931221258684,-0.3200000000000003,-0.30000000000000004
2025-04-24,EOS,ELECTRO OPTIC SYS. ORDINARY,-0.0163934426229508,1.25,1.5,True,2025-05-19,STOPPED,1.6500000000000001,1.7599999904632568,-0.40799999237060547,-0.32000000000000006,-0.30000000000000004
2025-04-24,EML,EML PAYMENTS LTD ORDINARY,-0.0163934426229508,0.9350000023841858,1.1220000028610229,True,2025-05-29,STOPPED,1.2342000031471252,1.0850000381469729,-0.1604278453265211,-0.31999999999999984,-0.1604278453265211
2025-04-24,DEV,DEVEX RESOURCES LTD ORDINARY,-0.0163934426229508,0.0829999968409538,0.09959999620914456,True,2025-05-28,STOPPED,0.10955999583005903,0.0939999967813491,-0.13253012480800108,-0.32000000000000006,-0.13253012480800108
2025-04-24,CXL,CALIX LIMITED ORDINARY,-0.0163934426229508,0.3899999856948852,0.46799998283386224,True,2025-05-16,STOPPED,0.5147999811172485,0.3400000035762787,0.12820508705793587,-0.32000000000000006,0.12820508705793587
2025-04-24,CUV,CLINUVEL PHARMACEUT. ORDINARY,-0.0163934426229508,10.957067489624023,13.148480987548828,False,,NOT_TRIGGERED,,10.86750030517578,0.008174375537347123,0.008174375537347123,0.008174375537347123
2025-04-24,EXR,ELIXIR ENERGY LTD ORDINARY,-0.0163934426229508,0.0270000007003545,0.0324000008404254,True,2025-05-20,STOPPED,0.035640000924467945,0.0280000008642673,-0.037037042147175514,-0.3200000000000003,-0.037037042147175514
2025-04-24,LKE,LAKE RESOURCES ORDINARY,-0.0163934426229508,0.0340000018477439,0.04080000221729268,False,,NOT_TRIGGERED,,0.0309999994933605,0.08823535856903097,0.08823535856903097,0.08823535856903097
2025-04-24,CST,CASTILE RESOURCES ORDINARY,-0.0163934426229508,0.0769999995827674,0.09239999949932089,False,,NOT_TRIGGERED,,0.0590000003576278,0.2337662249697986,0.2337662249697986,0.2337662249697986
2025-04-24,4DX,4DMEDICAL LIMITED ORDINARY,-0.0163934426229508,0.2800000011920929,0.33600000143051145,True,2025-05-27,STOPPED,0.36960000157356265,0.3499999940395355,-0.24999997339078361,-0.32000000000000006,-0.24999997339078361
2025-04-24,LOT,LOTUS RESOURCES LTD ORDINARY,-0.0163934426229508,1.955000042915344,2.3460000514984127,True,2025-05-26,STOPPED,2.580600056648254,2.127500057220459,-0.08823529949793696,-0.32000000000000006,-0.08823529949793696
2025-04-24,PNI,PINNACLE INVESTMENT ORDINARY,-0.0163934426229508,16.631616592407227,19.957939910888673,True,2025-05-13,STOPPED,21.953733901977543,19.452014923095703,-0.1695805284482126,-0.3200000000000003,-0.1695805284482126
2025-04-24,LIC,LIFESTYLE COMMUNIT. ORDINARY,-0.0163934426229508,7.630000114440918,9.156000137329102,False,,NOT_TRIGGERED,,7.010000228881836,0.0812581751323489,0.0812581751323489,0.0812581751323489
2025-04-24,PEN,PENINSULA ENERGY LTD ORDINARY,-0.0163934426229508,0.6200000047683716,0.7440000057220458,False,,NOT_TRIGGERED,,0.6200000047683716,-0.0,-0.0,-0.0
2025-04-24,OCC,ORTHOCELL LIMITED ORDINARY,-0.0163934426229508,1.2899999618530271,1.5479999542236325,True,2025-04-30,STOPPED,1.7027999496459958,1.225000023841858,0.05038755033589282,-0.32000000000000006,0.05038755033589282
2025-04-24,NXL,NUIX LIMITED ORDINARY,-0.0163934426229508,2.430000066757202,2.9160000801086423,False,,NOT_TRIGGERED,,2.4600000381469727,-0.012345666899427288,-0.012345666899427288,-0.012345666899427288
2025-04-24,NMT,NEOMETALS LTD ORDINARY,-0.0163934426229508,0.0599999986588954,0.07199999839067447,True,2025-04-30,STOPPED,0.07919999822974193,0.0900000035762786,-0.5000000931322603,-0.31999999999999984,-0.30000000000000004
2025-04-24,M7T,MACH7 TECH LIMITED ORDINARY,-0.0163934426229508,0.324999988079071,0.3899999856948852,False,,NOT_TRIGGERED,,0.3499999940395355,-0.07692309808449016,-0.07692309808449016,-0.07692309808449016
2025-04-24,MSB,MESOBLAST LIMITED ORDINARY,-0.0163934426229508,1.7899999618530271,2.1479999542236325,False,,NOT_TRIGGERED,,1.6649999618530271,0.06983240372284627,0.06983240372284627,0.06983240372284627
2025-04-24,MP1,MEGAPORT LIMITED ORDINARY,-0.0163934426229508,10.479999542236328,12.575999450683593,True,2025-05-13,STOPPED,13.833599395751953,13.949999809265137,-0.3311069101715194,-0.32000000000000006,-0.30000000000000004
2025-04-24,MIN,MINERAL RESOURCES. ORDINARY,-0.0163934426229508,18.229999542236328,21.875999450683594,True,2025-05-07,STOPPED,24.063599395751954,22.71999931335449,-0.24629730575228304,-0.32000000000000006,-0.24629730575228304
2025-04-24,MAQ,MACQUARIE TECHNOLOGY ORDINARY,-0.0163934426229508,58.59000015258789,70.30800018310546,False,,NOT_TRIGGERED,,59.5,-0.01553165804816814,-0.01553165804816814,-0.01553165804816814
2025-04-24,PNV,POLYNOVO LIMITED ORDINARY,-0.0163934426229508,1.1699999570846558,1.4039999485015868,True,2025-05-08,STOPPED,1.5443999433517457,1.3049999475479126,-0.11538461146583523,-0.32000000000000006,-0.11538461146583523
2025-04-24,MVF,MONASH IVF GROUP LTD ORDINARY,-0.0163934426229508,0.7759555578231812,0.9311466693878173,False,,NOT_TRIGGERED,,0.7563110589981079,0.02531652570436216,0.02531652570436216,0.02531652570436216
2025-04-24,PPT,PERPETUAL LIMITED ORDINARY,-0.0163934426229508,14.78709888458252,17.744518661499022,False,,NOT_TRIGGERED,,16.883426666259766,-0.14176734720175177,-0.14176734720175177,-0.14176734720175177
2025-04-24,SRL,SUNRISE ORDINARY,-0.0163934426229508,0.5,0.6,True,2025-04-28,STOPPED,0.66,0.4449999928474426,0.11000001430511475,-0.32000000000000006,0.11000001430511475
2025-04-24,MME,MONEYME LIMITED ORDINARY,-0.0163934426229508,0.1299999952316284,0.15599999427795405,False,,NOT_TRIGGERED,,0.135000005364418,-0.03846161781683777,-0.03846161781683777,-0.03846161781683777
2025-04-24,SBM,ST BARBARA LIMITED ORDINARY,-0.0163934426229508,0.2899999916553497,0.3479999899864196,False,,NOT_TRIGGERED,,0.3199999928474426,-0.10344828294942321,-0.10344828294942321,-0.10344828294942321
2025-04-24,REH,REECE LIMITED ORDINARY,-0.0163934426229508,15.294238090515137,18.353085708618163,False,,NOT_TRIGGERED,,15.353403091430664,-0.0038684503644688117,-0.0038684503644688117,-0.0038684503644688117
2025-04-24,LTR,LIONTOWN RESOURCES ORDINARY,-0.0163934426229508,0.5649999976158142,0.6779999971389771,True,2025-05-12,STOPPED,0.7457999968528748,0.625,-0.10619469493340472,-0.32000000000000006,-0.10619469493340472
2025-04-24,WGX,WESTGOLD RESOURCES. ORDINARY,-0.0163934426229508,3.0156798362731934,3.618815803527832,False,,NOT_TRIGGERED,,2.956160068511963,0.019736766166393083,0.019736766166393083,0.019736766166393083
2025-04-24,WBT,WEEBIT NANO LTD ORDINARY,-0.0163934426229508,1.6950000524520874,2.034000062942505,True,2025-05-29,STOPPED,2.2374000692367555,2.0199999809265137,-0.19174036484793144,-0.32000000000000006,-0.19174036484793144
2025-04-24,VUL,VULCAN ENERGY ORDINARY,-0.0163934426229508,4.670000076293945,5.604000091552734,False,,NOT_TRIGGERED,,4.0,0.1434689647426407,0.1434689647426407,0.1434689647426407
2025-04-24,TTT,TITOMIC LIMITED ORDINARY,-0.0163934426229508,0.2349999994039535,0.2819999992847442,True,2025-05-08,STOPPED,0.3101999992132186,0.2849999964237213,-0.21276594530462223,-0.32000000000000006,-0.21276594530462223
2025-04-24,PWH,PWR HOLDINGS LIMITED ORDINARY,-0.0163934426229508,6.285558223724365,7.542669868469238,False,,NOT_TRIGGERED,,6.822615146636963,-0.08544299548217005,-0.08544299548217005,-0.08544299548217005
2025-04-24,SYR,SYRAH RESOURCES ORDINARY,-0.0163934426229508,0.2549999952316284,0.3059999942779541,True,2025-05-08,STOPPED,0.33659999370574956,0.3100000023841858,-0.21568630659227384,-0.3200000000000003,-0.21568630659227384
2025-04-24,SVL,SILVER MINES LIMITED ORDINARY,-0.0163934426229508,0.1000000014901161,0.12000000178813933,False,,NOT_TRIGGERED,,0.1000000014901161,-0.0,-0.0,-0.0
2025-04-24,SLX,SILEX SYSTEMS ORDINARY,-0.0163934426229508,2.7699999809265137,3.3239999771118165,True,2025-05-14,STOPPED,3.6563999748229983,3.369999885559082,-0.21660646525776484,-0.32000000000000006,-0.21660646525776484
2025-04-24,SIG,SIGMA HEALTH LTD ORDINARY,-0.0163934426229508,2.975538492202759,3.5706461906433105,False,,NOT_TRIGGERED,,3.133707046508789,-0.05315627901319453,-0.05315627901319453,-0.05315627901319453
2025-04-24,SGR,THE STAR ENT GRP ORDINARY,-0.0163934426229508,0.1049999967217445,0.12599999606609338,False,,NOT_TRIGGERED,,0.1099999994039535,-0.04761907465063331,-0.04761907465063331,-0.04761907465063331
2025-04-24,TOE,TORO ENERGY LIMITED ORDINARY,-0.0163934426229508,0.2000000029802322,0.24000000357627865,False,,NOT_TRIGGERED,,0.1899999976158142,0.05000002607703158,0.05000002607703158,0.05000002607703158
2025-05-30,CBA,COMMONWEALTH BANK. ORDINARY,-0.0166666666666666,170.98826599121094,205.18591918945313,False,,NOT_TRIGGERED,,172.98046875,-0.01165110802919922,-0.01165110802919922,-0.01165110802919922
2025-05-30,CAT,CATAPULT GRP INT LTD ORDINARY,-0.0166666666666666,5.849999904632568,7.0199998855590815,False,,NOT_TRIGGERED,,5.800000190734863,0.008546959779967,0.008546959779967,0.008546959779967
2025-05-30,BRN,BRAINCHIP LTD ORDINARY,-0.0166666666666666,0.2049999982118606,0.2459999978542327,True,2025-06-10,STOPPED,0.270599997639656,0.2049999982118606,-0.0,-0.31999999999999984,-0.0
2025-05-30,BOT,BOTANIX PHARMA LTD ORDINARY,-0.0166666666666666,0.3700000047683716,0.4440000057220459,False,,NOT_TRIGGERED,,0.3400000035762787,0.0810810832580221,0.0810810832580221,0.0810810832580221
2025-05-30,ASM,AUSSTRATMATERIALS ORDINARY,-0.0166666666666666,0.5199999809265137,0.6239999771118164,True,2025-06-06,STOPPED,0.6863999748229981,0.5849999785423279,-0.125,-0.32000000000000006,-0.125
2025-05-30,APX,APPEN LIMITED ORDINARY,-0.0166666666666666,1.2000000476837158,1.440000057220459,False,,NOT_TRIGGERED,,1.1699999570846558,0.025000074505802994,0.025000074505802994,0.025000074505802994
2025-05-30,AQZ,ALLIANCE AVIATION ORDINARY,-0.0166666666666666,2.518125057220459,3.021750068664551,False,,NOT_TRIGGERED,,2.6465001106262207,-0.05098041220695526,-0.05098041220695526,-0.05098041220695526
2025-05-30,ALC,ALCIDION GROUP LTD ORDINARY,-0.0166666666666666,0.0860000029206276,0.10320000350475311,True,2025-06-23,STOPPED,0.11352000385522844,0.1000000014901161,-0.16279067551206472,-0.32000000000000006,-0.16279067551206472
2025-05-30,ABY,ADORE BEAUTY ORDINARY,-0.0166666666666666,0.7049999833106995,0.8459999799728394,False,,NOT_TRIGGERED,,0.7350000143051147,-0.04255323646042419,-0.04255323646042419,-0.04255323646042419
2025-05-30,4DX,4DMEDICAL LIMITED ORDINARY,-0.0166666666666666,0.3400000035762787,0.40800000429153443,False,,NOT_TRIGGERED,,0.2450000047683715,0.2794117582607437,0.2794117582607437,0.2794117582607437
2025-05-30,CCX,CITY CHIC COLLECTIVE ORDINARY,-0.0166666666666666,0.0829999968409538,0.09959999620914456,False,,NOT_TRIGGERED,,0.0860000029206276,-0.036144652938029154,-0.036144652938029154,-0.036144652938029154
2025-05-30,ASL,ANDEAN SILVER ORDINARY,-0.0166666666666666,1.059999942779541,1.271999931335449,True,2025-06-10,STOPPED,1.399199924468994,1.0700000524520874,-0.009434066238082961,-0.32000000000000006,-0.009434066238082961
2025-05-30,CHN,CHALICE MINING LTD ORDINARY,-0.0166666666666666,1.1549999713897705,1.3859999656677247,True,2025-06-10,STOPPED,1.5245999622344972,1.7300000190734863,-0.497835551451866,-0.32000000000000006,-0.30000000000000004
2025-05-30,LTR,LIONTOWN RESOURCES ORDINARY,-0.0166666666666666,0.6050000190734863,0.7260000228881835,True,2025-06-17,STOPPED,0.798600025177002,0.7549999952316284,-0.24793383707302397,-0.32000000000000006,-0.24793383707302397
2025-05-30,CST,CASTILE RESOURCES ORDINARY,-0.0166666666666666,0.0540000014007091,0.06480000168085091,True,2025-06-23,STOPPED,0.07128000184893601,0.0570000000298023,-0.0555555287273346,-0.32000000000000006,-0.0555555287273346
2025-05-30,LIC,LIFESTYLE COMMUNIT. ORDINARY,-0.0166666666666666,6.849999904632568,8.219999885559082,False,,NOT_TRIGGERED,,7.039999961853027,-0.02773723501688874,-0.02773723501688874,-0.02773723501688874
2025-05-30,CKF,COLLINS FOODS LTD ORDINARY,-0.0166666666666666,7.549085140228271,9.058902168273924,True,2025-06-25,STOPPED,9.964792385101317,8.928711891174316,-0.18275416495095032,-0.32000000000000006,-0.18275416495095032
2025-05-30,JMS,JUPITER MINES. ORDINARY,-0.0166666666666666,0.1992152035236358,0.23905824422836297,False,,NOT_TRIGGERED,,0.194472000002861,0.0238094454483343,0.0238094454483343,0.0238094454483343
2025-05-30,IXR,IONIC RARE EARTHS ORDINARY,-0.0166666666666666,0.2399999946355819,0.28799999356269823,True,2025-06-13,STOPPED,0.3167999929189681,0.5400000214576721,-1.2500001396983902,-0.32000000000000006,-0.30000000000000004
2025-05-30,IPD,IMPEDIMED LIMITED ORDINARY,-0.0166666666666666,0.0299999993294477,0.03599999919533724,True,2025-06-30,STOPPED,0.039599999114870964,0.0359999984502792,-0.19999997516473145,-0.31999999999999984,-0.19999997516473145
2025-05-30,IGO,IGO LIMITED ORDINARY,-0.0166666666666666,3.880000114440918,4.656000137329102,False,,NOT_TRIGGERED,,4.260000228881836,-0.09793817093628454,-0.09793817093628454,-0.09793817093628454
2025-05-30,ILU,ILUKA RESOURCES ORDINARY,-0.0166666666666666,3.6413440704345694,4.369612884521483,False,,NOT_TRIGGERED,,3.760406732559204,-0.032697449024756686,-0.032697449024756686,-0.032697449024756686
2025-05-30,EXR,ELIXIR ENERGY LTD ORDINARY,-0.0166666666666666,0.0280000008642673,0.03360000103712076,False,,NOT_TRIGGERED,,0.0280000008642673,-0.0,-0.0,-0.0
2025-05-30,EOS,ELECTRO OPTIC SYS. ORDINARY,-0.0166666666666666,1.8450000286102293,2.214000034332275,True,2025-06-06,STOPPED,2.4354000377655027,2.630000114440918,-0.42547429466545883,-0.32000000000000006,-0.30000000000000004
2025-05-30,DEV,DEVEX RESOURCES LTD ORDINARY,-0.0166666666666666,0.0890000015497207,0.10680000185966483,False,,NOT_TRIGGERED,,0.0750000029802322,0.1573033519742948,0.1573033519742948,0.1573033519742948
2025-05-30,HGO,HILLGROVE RES LTD ORDINARY,-0.0166666666666666,0.0390000008046627,0.04680000096559524,False,,NOT_TRIGGERED,,0.0410000011324882,-0.05128205862976265,-0.05128205862976265,-0.05128205862976265
2025-05-30,CUV,CLINUVEL PHARMACEUT. ORDINARY,-0.0166666666666666,10.728172302246094,12.873806762695311,False,,NOT_TRIGGERED,,10.111153602600098,0.057513869302491916,0.057513869302491916,0.057513869302491916
2025-05-30,BBN,BABY BUNTING GRP LTD ORDINARY,-0.0166666666666666,1.7300000190734863,2.0760000228881834,False,,NOT_TRIGGERED,,1.830000042915344,-0.05780348135222191,-0.05780348135222191,-0.05780348135222191
2025-05-30,LOT,LOTUS RESOURCES LTD ORDINARY,-0.0166666666666666,2.242500066757202,2.6910000801086427,False,,NOT_TRIGGERED,,2.242500066757202,-0.0,-0.0,-0.0
2025-05-30,CXL,CALIX LIMITED ORDINARY,-0.0166666666666666,0.324999988079071,0.3899999856948852,True,2025-07-02,STOPPED,0.42899998426437375,0.4000000059604645,-0.23076929425347026,-0.32000000000000006,-0.23076929425347026
2025-05-30,M7T,MACH7 TECH LIMITED ORDINARY,-0.0166666666666666,0.3700000047683716,0.4440000057220459,False,,NOT_TRIGGERED,,0.3300000131130218,0.10810808416175743,0.10810808416175743,0.10810808416175743
2025-05-30,WBT,WEEBIT NANO LTD ORDINARY,-0.0166666666666666,1.8200000524520876,2.184000062942505,False,,NOT_TRIGGERED,,1.815000057220459,0.002747250048093175,0.002747250048093175,0.002747250048093175
2025-05-30,PPC,PEET LIMITED ORDINARY,-0.0166666666666666,1.5032163858413696,1.8038596630096435,False,,NOT_TRIGGERED,,1.5314016342163086,-0.018749960844235636,-0.018749960844235636,-0.018749960844235636
2025-05-30,PNV,POLYNOVO LIMITED ORDINARY,-0.0166666666666666,1.309999942779541,1.5719999313354491,False,,NOT_TRIGGERED,,1.2200000286102295,0.06870222755762179,0.06870222755762179,0.06870222755762179
2025-05-30,PNI,PINNACLE INVESTMENT ORDINARY,-0.0166666666666666,19.51016616821289,23.412199401855467,False,,NOT_TRIGGERED,,20.56660461425781,-0.054148100889377826,-0.054148100889377826,-0.054148100889377826
2025-05-30,OCC,ORTHOCELL LIMITED ORDINARY,-0.0166666666666666,1.2400000095367432,1.4880000114440917,False,,NOT_TRIGGERED,,1.3450000286102295,-0.08467743408543504,-0.08467743408543504,-0.08467743408543504
2025-05-30,NXL,NUIX LIMITED ORDINARY,-0.0166666666666666,2.4800000190734863,2.9760000228881833,False,,NOT_TRIGGERED,,2.1700000762939453,0.1249999759658692,0.1249999759658692,0.1249999759658692
2025-05-30,NMT,NEOMETALS LTD ORDINARY,-0.0166666666666666,0.0930000022053718,0.11160000264644616,False,,NOT_TRIGGERED,,0.0790000036358833,0.15053761545695787,0.15053761545695787,0.15053761545695787
2025-05-30,NUF,NUFARM LIMITED ORDINARY,-0.0166666666666666,2.380000114440918,2.8560001373291013,False,,NOT_TRIGGERED,,2.470000028610229,-0.03781508816878887,-0.03781508816878887,-0.03781508816878887
2025-05-30,MME,MONEYME LIMITED ORDINARY,-0.0166666666666666,0.1400000005960464,0.16800000071525567,True,2025-06-30,STOPPED,0.18480000078678124,0.1550000011920929,-0.10714286094417425,-0.32000000000000006,-0.10714286094417425
2025-05-30,MIN,MINERAL RESOURCES. ORDINARY,-0.0166666666666666,22.190000534057617,26.62800064086914,False,,NOT_TRIGGERED,,24.959999084472656,-0.12483093662677458,-0.12483093662677458,-0.12483093662677458
2025-05-30,PPK,PPK GROUP LIMITED ORDINARY,-0.0166666666666666,0.3149999976158142,0.37799999713897703,False,,NOT_TRIGGERED,,0.3499999940395355,-0.1111111005988279,-0.1111111005988279,-0.1111111005988279
2025-05-30,NVX,NOVONIX LIMITED ORDINARY,-0.0166666666666666,0.4199999868869781,0.5039999842643736,False,,NOT_TRIGGERED,,0.4099999964237213,0.023809501846360215,0.023809501846360215,0.023809501846360215
2025-05-30,PPT,PERPETUAL LIMITED ORDINARY,-0.0166666666666666,16.639013290405273,19.966815948486328,False,,NOT_TRIGGERED,,19.38397979736328,-0.16497171190679105,-0.16497171190679105,-0.16497171190679105
2025-05-30,MAQ,MACQUARIE TECHNOLOGY ORDINARY,-0.0166666666666666,60.16999816894531,72.20399780273438,False,,NOT_TRIGGERED,,64.87999725341797,-0.07827819889985577,-0.07827819889985577,-0.07827819889985577
2025-05-30,NIC,NICKEL INDUSTRIES ORDINARY,-0.0166666666666666,0.6850000023841858,0.8220000028610229,False,,NOT_TRIGGERED,,0.7300000190734863,-0.06569345479222655,-0.06569345479222655,-0.06569345479222655
2025-05-30,SIG,SIGMA HEALTH LTD ORDINARY,-0.0166666666666666,3.084279060363769,3.7011348724365227,False,,NOT_TRIGGERED,,2.975538492202759,0.03525639737287101,0.03525639737287101,0.03525639737287101
2025-05-30,PWH,PWR HOLDINGS LIMITED ORDINARY,-0.0166666666666666,6.653541564941406,7.984249877929687,False,,NOT_TRIGGERED,,7.190598487854004,-0.0807174521524654,-0.0807174521524654,-0.0807174521524654
2025-05-30,SBM,ST BARBARA LIMITED ORDINARY,-0.0166666666666666,0.3300000131130218,0.39600001573562615,False,,NOT_TRIGGERED,,0.2899999916553497,0.12121218141883072,0.12121218141883072,0.12121218141883072
2025-05-30,WGN,WAGNERS HLD COMPANY ORDINARY,-0.0166666666666666,2.054595232009888,2.4655142784118658,False,,NOT_TRIGGERED,,2.222518920898437,-0.08173078875700446,-0.08173078875700446,-0.08173078875700446
2025-05-30,WGX,WESTGOLD RESOURCES. ORDINARY,-0.0166666666666666,3.0156798362731934,3.618815803527832,False,,NOT_TRIGGERED,,2.827199935913086,0.06249997035263288,0.06249997035263288,0.06249997035263288
2025-05-30,WAF,WEST AFRICAN RES LTD ORDINARY,-0.0166666666666666,2.8299999237060547,3.3959999084472656,False,,NOT_TRIGGERED,,2.3299999237060547,0.17667844999275473,0.17667844999275473,0.17667844999275473
2025-05-30,VUL,VULCAN ENERGY ORDINARY,-0.0166666666666666,3.880000114440918,4.656000137329102,False,,NOT_TRIGGERED,,3.700000047683716,0.046391768414455026,0.046391768414455026,0.046391768414455026
2025-05-30,VVA,VIVA LEISURE LIMITED ORDINARY,-0.0166666666666666,1.3450000286102295,1.6140000343322753,False,,NOT_TRIGGERED,,1.2999999523162842,0.033457305083066324,0.033457305083066324,0.033457305083066324
2025-05-30,TOE,TORO ENERGY LIMITED ORDINARY,-0.0166666666666666,0.1899999976158142,0.22799999713897703,False,,NOT_TRIGGERED,,0.2049999982118606,-0.07894737254879791,-0.07894737254879791,-0.07894737254879791
2025-05-30,SYR,SYRAH RESOURCES ORDINARY,-0.0166666666666666,0.3050000071525574,0.36600000858306886,False,,NOT_TRIGGERED,,0.270000010728836,0.11475408394405306,0.11475408394405306,0.11475408394405306
2025-05-30,SVL,SILVER MINES LIMITED ORDINARY,-0.0166666666666666,0.0989999994635582,0.11879999935626984,True,2025-06-06,STOPPED,0.13067999929189683,0.1199999973177909,-0.2121211915961958,-0.32000000000000006,-0.2121211915961958
2025-05-30,SRL,SUNRISE ORDINARY,-0.0166666666666666,0.4449999928474426,0.5339999914169311,True,2025-06-17,STOPPED,0.5873999905586242,1.125,-1.52808992827485,-0.31999999999999984,-0.30000000000000004
2025-05-30,SLX,SILEX SYSTEMS ORDINARY,-0.0166666666666666,3.5999999046325684,4.319999885559082,True,2025-06-17,STOPPED,4.751999874114991,4.289999961853027,-0.1916666876386719,-0.32000000000000006,-0.1916666876386719
2025-05-30,TTT,TITOMIC LIMITED ORDINARY,-0.0166666666666666,0.2899999916553497,0.3479999899864196,False,,NOT_TRIGGERED,,0.2849999964237213,0.017241363363798334,0.017241363363798334,0.017241363363798334
2025-06-27,ASM,AUSSTRATMATERIALS ORDINARY,-0.0169491525423728,0.5049999952316284,0.605999994277954,True,2025-07-11,STOPPED,0.6665999937057495,0.5450000166893005,-0.07920796403042596,-0.32000000000000006,-0.07920796403042596
2025-06-27,BRN,BRAINCHIP LTD ORDINARY,-0.0169491525423728,0.2000000029802322,0.24000000357627865,False,,NOT_TRIGGERED,,0.2000000029802322,-0.0,-0.0,-0.0
2025-06-27,BOT,BOTANIX PHARMA LTD ORDINARY,-0.0169491525423728,0.3149999976158142,0.37799999713897703,False,,NOT_TRIGGERED,,0.1449999958276748,0.5396825494439457,0.5396825494439457,0.5396825494439457
2025-06-27,BET,BETMAKERS TECH GROUP ORDINARY,-0.0169491525423728,0.1000000014901161,0.12000000178813933,True,2025-07-22,STOPPED,0.13200000196695327,0.1449999958276748,-0.44999993667006555,-0.32000000000000006,-0.30000000000000004
2025-06-27,ARB,ARB CORPORATION. ORDINARY,-0.0169491525423728,31.050167083740234,37.26020050048828,False,,NOT_TRIGGERED,,31.99370574951172,-0.030387555185349635,-0.030387555185349635,-0.030387555185349635
2025-06-27,4DX,4DMEDICAL LIMITED ORDINARY,-0.0169491525423728,0.2399999946355819,0.28799999356269823,True,2025-08-01,STOPPED,0.3167999929189681,0.3050000071525574,-0.27083339154099595,-0.32000000000000006,-0.27083339154099595
2025-06-27,APX,APPEN LIMITED ORDINARY,-0.0169491525423728,1.149999976158142,1.3799999713897704,False,,NOT_TRIGGERED,,0.915000021457672,0.20434779093260969,0.20434779093260969,0.20434779093260969
2025-06-27,AIS,AERIS RESOURCES LTD ORDINARY,-0.0169491525423728,0.1800000071525573,0.21600000858306875,False,,NOT_TRIGGERED,,0.1899999976158142,-0.055555500366072375,-0.055555500366072375,-0.055555500366072375
2025-06-27,AGL,AGL ENERGY LIMITED. ORDINARY,-0.0169491525423728,9.279536247253418,11.1354434967041,False,,NOT_TRIGGERED,,9.25110149383545,0.003064242938474959,0.003064242938474959,0.003064242938474959
2025-06-27,ABY,ADORE BEAUTY ORDINARY,-0.0169491525423728,0.6399999856948853,0.7679999828338623,True,2025-07-22,STOPPED,0.8447999811172486,0.800000011920929,-0.25000004656612984,-0.32000000000000006,-0.25000004656612984
2025-06-27,CAT,CATAPULT GRP INT LTD ORDINARY,-0.0169491525423728,6.099999904632568,7.319999885559081,False,,NOT_TRIGGERED,,6.630000114440918,-0.0868852816548158,-0.0868852816548158,-0.0868852816548158
2025-06-27,AQZ,ALLIANCE AVIATION ORDINARY,-0.0169491525423728,2.5576250553131104,3.0691500663757325,False,,NOT_TRIGGERED,,2.5576250553131104,-0.0,-0.0,-0.0
2025-06-27,CBA,COMMONWEALTH BANK. ORDINARY,-0.0169491525423728,180.13290405273438,216.15948486328125,False,,NOT_TRIGGERED,,170.1233673095703,0.05556750886686279,0.05556750886686279,0.05556750886686279
2025-06-27,EOS,ELECTRO OPTIC SYS. ORDINARY,-0.0169491525423728,2.7100000381469727,3.252000045776367,True,2025-07-14,STOPPED,3.577200050354004,3.0299999713897705,-0.11808115451599965,-0.32000000000000006,-0.11808115451599965
2025-06-27,CHN,CHALICE MINING LTD ORDINARY,-0.0169491525423728,1.8049999475479128,2.1659999370574954,False,,NOT_TRIGGERED,,1.5800000429153442,0.12465369039939878,0.12465369039939878,0.12465369039939878
2025-06-27,CCX,CITY CHIC COLLECTIVE ORDINARY,-0.0169491525423728,0.0869999974966049,0.10439999699592588,False,,NOT_TRIGGERED,,0.0799999982118606,0.08045976420881473,0.08045976420881473,0.08045976420881473
2025-06-27,IPD,IMPEDIMED LIMITED ORDINARY,-0.0169491525423728,0.032999999821186,0.0395999997854232,True,2025-07-16,STOPPED,0.043559999763965525,0.0469999983906745,-0.42424238319239316,-0.32000000000000006,-0.30000000000000004
2025-06-27,ILU,ILUKA RESOURCES ORDINARY,-0.0169491525423728,3.810016632080078,4.572019958496093,True,2025-07-11,STOPPED,5.029221954345703,5.1693196296691895,-0.3567708828732856,-0.31999999999999984,-0.30000000000000004
2025-06-27,IGO,IGO LIMITED ORDINARY,-0.0169491525423728,4.119999885559082,4.943999862670898,True,2025-07-18,STOPPED,5.438399848937988,4.579999923706055,-0.1116504977971744,-0.31999999999999984,-0.1116504977971744
2025-06-27,FBR,FBR LTD ORDINARY,-0.0169491525423728,0.0054999999701976,0.00659999996423712,False,,NOT_TRIGGERED,,0.006000000052154,-0.0909091063028562,-0.0909091063028562,-0.0909091063028562
2025-06-27,EXR,ELIXIR ENERGY LTD ORDINARY,-0.0169491525423728,0.0270000007003545,0.0324000008404254,True,2025-07-23,STOPPED,0.035640000924467945,0.032999999821186,-0.22222218389619242,-0.3200000000000003,-0.22222218389619242
2025-06-27,HGO,HILLGROVE RES LTD ORDINARY,-0.0169491525423728,0.0379999987781047,0.045599998533725636,False,,NOT_TRIGGERED,,0.0359999984502792,0.05263158926673128,0.05263158926673128,0.05263158926673128
2025-06-27,DEV,DEVEX RESOURCES LTD ORDINARY,-0.0169491525423728,0.0680000036954879,0.08160000443458548,True,2025-07-11,STOPPED,0.08976000487804404,0.0759999975562095,-0.11764696214645087,-0.32000000000000006,-0.11764696214645087
2025-06-27,CXL,CALIX LIMITED ORDINARY,-0.0169491525423728,0.324999988079071,0.3899999856948852,True,2025-07-02,STOPPED,0.42899998426437375,0.5550000071525574,-0.7076923923379606,-0.32000000000000006,-0.30000000000000004
2025-06-27,CUV,CLINUVEL PHARMACEUT. ORDINARY,-0.0169491525423728,10.320143699645996,12.384172439575195,True,2025-07-29,STOPPED,13.622589683532716,12.370240211486816,-0.19864999669637773,-0.32000000000000006,-0.19864999669637773
2025-06-27,CST,CASTILE RESOURCES ORDINARY,-0.0169491525423728,0.0560000017285347,0.06720000207424164,False,,NOT_TRIGGERED,,0.0599999986588954,-0.07142851440882203,-0.07142851440882203,-0.07142851440882203
2025-06-27,LIC,LIFESTYLE COMMUNIT. ORDINARY,-0.0169491525423728,6.929999828338623,8.315999794006347,False,,NOT_TRIGGERED,,4.389999866485596,0.3665223700967911,0.3665223700967911,0.3665223700967911
2025-06-27,LOT,LOTUS RESOURCES LTD ORDINARY,-0.0169491525423728,2.299999952316284,2.7599999427795407,False,,NOT_TRIGGERED,,1.725000023841858,0.24999997408493657,0.24999997408493657,0.24999997408493657
2025-06-27,WBT,WEEBIT NANO LTD ORDINARY,-0.0169491525423728,1.7050000429153442,2.046000051498413,True,2025-07-16,STOPPED,2.2506000566482545,2.2799999713897705,-0.33724335132053485,-0.32000000000000006,-0.30000000000000004
2025-06-27,CKF,COLLINS FOODS LTD ORDINARY,-0.0169491525423728,9.113309860229492,10.93597183227539,False,,NOT_TRIGGERED,,9.175634384155272,-0.006838846136216992,-0.006838846136216992,-0.006838846136216992
2025-06-27,PPK,PPK GROUP LIMITED ORDINARY,-0.0169491525423728,0.3199999928474426,0.38399999141693114,True,2025-07-14,STOPPED,0.4223999905586243,0.5450000166893005,-0.7031250902218764,-0.32000000000000006,-0.30000000000000004
2025-06-27,NUF,NUFARM LIMITED ORDINARY,-0.0169491525423728,2.430000066757202,2.9160000801086423,False,,NOT_TRIGGERED,,2.539999961853028,-0.04526744529790028,-0.04526744529790028,-0.04526744529790028
2025-06-27,PNI,PINNACLE INVESTMENT ORDINARY,-0.0169491525423728,19.461706161499023,23.354047393798826,False,,NOT_TRIGGERED,,21.322587966918945,-0.09561760875319836,-0.09561760875319836,-0.09561760875319836
2025-06-27,PAR,PARADIGM BIO. ORDINARY,-0.0169491525423728,0.3199999928474426,0.38399999141693114,True,2025-07-01,STOPPED,0.4223999905586243,0.3449999988079071,-0.07812502037268176,-0.32000000000000006,-0.07812502037268176
2025-06-27,OCC,ORTHOCELL LIMITED ORDINARY,-0.0169491525423728,1.25,1.5,False,,NOT_TRIGGERED,,1.2649999856948853,-0.011999988555908114,-0.011999988555908114,-0.011999988555908114
2025-06-27,NMT,NEOMETALS LTD ORDINARY,-0.0169491525423728,0.0719999969005584,0.08639999628067008,False,,NOT_TRIGGERED,,0.066500000655651,0.07638884002319657,0.07638884002319657,0.07638884002319657
2025-06-27,M7T,MACH7 TECH LIMITED ORDINARY,-0.0169491525423728,0.3449999988079071,0.4139999985694885,True,2025-07-21,STOPPED,0.45539999842643736,0.3700000047683716,-0.0724637856430379,-0.31999999999999984,-0.0724637856430379
2025-06-27,MSB,MESOBLAST LIMITED ORDINARY,-0.0169491525423728,1.649999976158142,1.9799999713897705,True,2025-07-18,STOPPED,2.1779999685287477,2.3499999046325684,-0.4242423870237291,-0.32000000000000006,-0.30000000000000004
2025-06-27,MME,MONEYME LIMITED ORDINARY,-0.0169491525423728,0.1599999964237213,0.19199999570846557,False,,NOT_TRIGGERED,,0.135000005364418,0.15624994761310418,0.15624994761310418,0.15624994761310418
2025-06-27,MIN,MINERAL RESOURCES. ORDINARY,-0.0169491525423728,21.21999931335449,25.463999176025386,True,2025-07-07,STOPPED,28.010399093627928,29.86000061035156,-0.4071631280195007,-0.32000000000000006,-0.30000000000000004
2025-06-27,MAQ,MACQUARIE TECHNOLOGY ORDINARY,-0.0169491525423728,66.2699966430664,79.52399597167968,False,,NOT_TRIGGERED,,68.79000091552734,-0.038026322621288244,-0.038026322621288244,-0.038026322621288244
2025-06-27,PNV,POLYNOVO LIMITED ORDINARY,-0.0169491525423728,1.1950000524520874,1.434000062942505,False,,NOT_TRIGGERED,,1.2350000143051147,-0.03347276995590853,-0.03347276995590853,-0.03347276995590853
2025-06-27,MVF,MONASH IVF GROUP LTD ORDINARY,-0.0169491525423728,0.6728222370147705,0.8073866844177245,True,2025-07-28,STOPPED,0.8881253528594971,0.7808666825294495,-0.16058393966593454,-0.32000000000000006,-0.16058393966593454
2025-06-27,PPE,PEOPLEIN LIMITED ORDINARY,-0.0169491525423728,0.7250000238418579,0.8700000286102295,False,,NOT_TRIGGERED,,0.6899999976158142,0.04827589665525056,0.04827589665525056,0.04827589665525056
2025-06-27,LOV,LOVISA HOLDINGS LTD ORDINARY,-0.0169491525423728,29.9621524810791,35.95458297729492,False,,NOT_TRIGGERED,,32.773223876953125,-0.0938207426068336,-0.0938207426068336,-0.0938207426068336
2025-06-27,PPT,PERPETUAL LIMITED ORDINARY,-0.0169491525423728,17.109041213989258,20.53084945678711,False,,NOT_TRIGGERED,,19.74120140075684,-0.15384615384615397,-0.15384615384615397,-0.15384615384615397
2025-06-27,WGX,WESTGOLD RESOURCES. ORDINARY,-0.0169491525423728,2.827199935913086,3.392639923095703,False,,NOT_TRIGGERED,,2.5097599029541016,0.11228071595738154,0.11228071595738154,0.11228071595738154
2025-06-27,LTR,LIONTOWN RESOURCES ORDINARY,-0.0169491525423728,0.7200000286102295,0.8640000343322753,True,2025-07-11,STOPPED,0.950400037765503,0.800000011920929,-0.11111108351636934,-0.32000000000000006,-0.11111108351636934
2025-06-27,WAF,WEST AFRICAN RES LTD ORDINARY,-0.0169491525423728,2.200000047683716,2.6400000572204587,False,,NOT_TRIGGERED,,2.259999990463257,-0.027272700672307915,-0.027272700672307915,-0.027272700672307915
2025-06-27,VUL,VULCAN ENERGY ORDINARY,-0.0169491525423728,3.819999933242798,4.583999919891357,False,,NOT_TRIGGERED,,3.7200000286102295,0.02617798596338672,0.02617798596338672,0.02617798596338672
2025-06-27,SVL,SILVER MINES LIMITED ORDINARY,-0.0169491525423728,0.1199999973177909,0.1439999967813491,True,2025-07-14,STOPPED,0.15839999645948402,0.1299999952316284,-0.0833333178112905,-0.3200000000000003,-0.0833333178112905
2025-06-27,SRL,SUNRISE ORDINARY,-0.0169491525423728,0.9900000095367432,1.1880000114440918,True,2025-07-01,STOPPED,1.306800012588501,1.3049999475479126,-0.3181817525017694,-0.32000000000000006,-0.30000000000000004
2025-06-27,TOE,TORO ENERGY LIMITED ORDINARY,-0.0169491525423728,0.2000000029802322,0.24000000357627865,False,,NOT_TRIGGERED,,0.1949999928474426,0.025000050291418274,0.025000050291418274,0.025000050291418274
2025-06-27,SIG,SIGMA HEALTH LTD ORDINARY,-0.0169491525423728,2.9162256717681885,3.4994708061218263,False,,NOT_TRIGGERED,,2.827255725860596,0.030508594300127423,0.030508594300127423,0.030508594300127423
2025-06-27,SGR,THE STAR ENT GRP ORDINARY,-0.0169491525423728,0.1449999958276748,0.17399999499320976,False,,NOT_TRIGGERED,,0.0920000001788139,0.365517221889087,0.365517221889087,0.365517221889087
2025-06-27,SBM,ST BARBARA LIMITED ORDINARY,-0.0169491525423728,0.2849999964237213,0.34199999570846557,False,,NOT_TRIGGERED,,0.2599999904632568,0.08771932026025708,0.08771932026025708,0.08771932026025708
2025-06-27,REH,REECE LIMITED ORDINARY,-0.0169491525423728,13.923574447631836,16.708289337158202,False,,NOT_TRIGGERED,,13.055815696716309,0.062322987116510076,0.062322987116510076,0.062322987116510076
2025-06-27,PWH,PWR HOLDINGS LIMITED ORDINARY,-0.0169491525423728,6.752996444702148,8.103595733642578,True,2025-07-25,STOPPED,8.913955307006837,7.667982578277588,-0.13549335336808355,-0.3200000000000003,-0.13549335336808355
2025-06-27,SLX,SILEX SYSTEMS ORDINARY,-0.0169491525423728,4.340000152587891,5.208000183105469,False,,NOT_TRIGGERED,,4.239999771118164,0.02304156174052152,0.02304156174052152,0.02304156174052152
2025-07-25,APX,APPEN LIMITED ORDINARY,-0.0172413793103448,1.2200000286102295,1.4640000343322754,False,,NOT_TRIGGERED,,0.8650000095367432,0.29098361536752326,0.29098361536752326,0.29098361536752326
2025-07-25,ASM,AUSSTRATMATERIALS ORDINARY,-0.0172413793103448,0.7200000286102295,0.8640000343322753,False,,NOT_TRIGGERED,,0.5899999737739563,0.18055562454241014,0.18055562454241014,0.18055562454241014
2025-07-25,ASL,ANDEAN SILVER ORDINARY,-0.0172413793103448,1.4299999475479126,1.715999937057495,False,,NOT_TRIGGERED,,1.475000023841858,-0.031468585975201524,-0.031468585975201524,-0.031468585975201524
2025-07-25,ASG,AUTOSPORTS GRP LTD. ORDINARY,-0.0172413793103448,2.3621978759765625,2.834637451171875,True,2025-08-21,STOPPED,3.1181011962890626,3.2238192558288574,-0.3647541082882779,-0.32000000000000006,-0.30000000000000004
2025-07-25,AIS,AERIS RESOURCES LTD ORDINARY,-0.0172413793103448,0.209999993443489,0.25199999213218677,False,,NOT_TRIGGERED,,0.2249999940395355,-0.07142857649699397,-0.07142857649699397,-0.07142857649699397
2025-07-25,LOV,LOVISA HOLDINGS LTD ORDINARY,-0.0172413793103448,31.794193267822266,38.15303192138672,True,2025-08-27,STOPPED,41.9683351135254,41.81711959838867,-0.31524392665469025,-0.3200000000000003,-0.30000000000000004
2025-07-25,AD8,AUDINATEGROUPLTD ORDINARY,-0.0172413793103448,6.300000190734863,7.560000228881836,False,,NOT_TRIGGERED,,4.71999979019165,0.250793706779065,0.250793706779065,0.250793706779065
2025-07-25,ABY,ADORE BEAUTY ORDINARY,-0.0172413793103448,0.7799999713897705,0.9359999656677246,True,2025-08-25,STOPPED,1.0295999622344971,1.0299999713897705,-0.32051283226916105,-0.32000000000000006,-0.30000000000000004
2025-07-25,4DX,4DMEDICAL LIMITED ORDINARY,-0.0172413793103448,0.25,0.3,True,2025-08-01,STOPPED,0.33,0.5699999928474426,-1.2799999713897705,-0.32000000000000006,-0.30000000000000004
2025-07-25,LTR,LIONTOWN RESOURCES ORDINARY,-0.0172413793103448,0.9399999976158142,1.127999997138977,False,,NOT_TRIGGERED,,0.9399999976158142,-0.0,-0.0,-0.0
2025-07-25,BMN,BANNERMAN ENERGY LTD ORDINARY,-0.0172413793103448,3.0899999141693115,3.7079998970031736,False,,NOT_TRIGGERED,,2.859999895095825,0.07443366519811623,0.07443366519811623,0.07443366519811623
2025-07-25,AGY,ARGOSY MINERALS LTD ORDINARY,-0.0172413793103448,0.032999999821186,0.0395999997854232,True,2025-08-12,STOPPED,0.043559999763965525,0.0370000004768371,-0.12121214173713724,-0.32000000000000006,-0.12121214173713724
2025-07-25,BOT,BOTANIX PHARMA LTD ORDINARY,-0.0172413793103448,0.1700000017881393,0.20400000214576713,False,,NOT_TRIGGERED,,0.1449999958276748,0.1470588570441339,0.1470588570441339,0.1470588570441339
2025-07-25,KGN,KOGAN.COM LTD ORDINARY,-0.0172413793103448,3.791189432144165,4.549427318572998,False,,NOT_TRIGGERED,,3.8777902126312256,-0.022842641349652082,-0.022842641349652082,-0.022842641349652082
2025-07-25,ARB,ARB CORPORATION. ORDINARY,-0.0172413793103448,33.49566650390625,40.1947998046875,True,2025-08-26,STOPPED,44.21427978515625,38.99238967895508,-0.16410251679595045,-0.32000000000000006,-0.16410251679595045
2025-07-25,CXL,CALIX LIMITED ORDINARY,-0.0172413793103448,0.6200000047683716,0.7440000057220458,False,,NOT_TRIGGERED,,0.4250000119209289,0.3145161150769564,0.3145161150769564,0.3145161150769564
2025-07-25,LKE,LAKE RESOURCES ORDINARY,-0.0172413793103448,0.0439999997615814,0.05279999971389768,False,,NOT_TRIGGERED,,0.0309999994933605,0.29545455315142644,0.29545455315142644,0.29545455315142644
2025-07-25,CAT,CATAPULT GRP INT LTD ORDINARY,-0.0172413793103448,6.389999866485596,7.6679998397827145,False,,NOT_TRIGGERED,,6.230000019073486,0.025039100274677595,0.025039100274677595,0.025039100274677595
2025-07-25,LIC,LIFESTYLE COMMUNIT. ORDINARY,-0.0172413793103448,4.710000038146973,5.652000045776367,True,2025-08-28,STOPPED,6.217200050354004,5.679999828338623,-0.20594475208821272,-0.32000000000000006,-0.20594475208821272
2025-07-25,IPD,IMPEDIMED LIMITED ORDINARY,-0.0172413793103448,0.0529999993741512,0.06359999924898144,False,,NOT_TRIGGERED,,0.0390000008046627,0.2641509195246612,0.2641509195246612,0.2641509195246612
2025-07-25,IMM,IMMUTEP LTD ORDINARY,-0.0172413793103448,0.2599999904632568,0.3119999885559081,False,,NOT_TRIGGERED,,0.2349999994039535,0.09615381529345202,0.09615381529345202,0.09615381529345202
2025-07-25,IMU,IMUGENE LIMITED ORDINARY,-0.0172413793103448,0.270000010728836,0.32400001287460317,False,,NOT_TRIGGERED,,0.2849999964237213,-0.05555550036607215,-0.05555550036607215,-0.05555550036607215
2025-07-25,HLS,HEALIUS ORDINARY,-0.0172413793103448,0.800000011920929,0.9600000143051147,True,2025-08-27,STOPPED,1.0560000157356262,0.8600000143051147,-0.0750000018626451,-0.32000000000000006,-0.0750000018626451
2025-07-25,EMR,EMERALD RES NL ORDINARY,-0.0172413793103448,3.690000057220459,4.42800006866455,False,,NOT_TRIGGERED,,3.7799999713897705,-0.024390220263873053,-0.024390220263873053,-0.024390220263873053
2025-07-25,EGR,ECOGRAF LIMITED ORDINARY,-0.0172413793103448,0.324999988079071,0.3899999856948852,True,2025-08-18,STOPPED,0.42899998426437375,0.3300000131130218,-0.01538469297646361,-0.32000000000000006,-0.01538469297646361
2025-07-25,DUB,DUBBER CORP LTD ORDINARY,-0.0172413793103448,0.0199999995529651,0.02399999946355812,False,,NOT_TRIGGERED,,0.0209999997168779,-0.050000009313227345,-0.050000009313227345,-0.050000009313227345
2025-07-25,LYC,LYNAS RARE EARTHS ORDINARY,-0.0172413793103448,10.729999542236328,12.875999450683594,True,2025-08-11,STOPPED,14.163599395751953,13.869999885559082,-0.2926375095322995,-0.32000000000000006,-0.2926375095322995
2025-07-25,BRN,BRAINCHIP LTD ORDINARY,-0.0172413793103448,0.2199999988079071,0.2639999985694885,False,,NOT_TRIGGERED,,0.2049999982118606,0.06818182126057082,0.06818182126057082,0.06818182126057082
2025-07-25,ILU,ILUKA RESOURCES ORDINARY,-0.0172413793103448,5.35783576965332,6.429402923583984,True,2025-08-14,STOPPED,7.072343215942383,6.280574321746826,-0.1722222538659881,-0.32000000000000006,-0.1722222538659881
2025-07-25,WAF,WEST AFRICAN RES LTD ORDINARY,-0.0172413793103448,2.380000114440918,2.8560001373291013,True,2025-08-25,STOPPED,3.1416001510620117,3.039999961853028,-0.277310846922858,-0.32000000000000006,-0.277310846922858
2025-07-25,M7T,MACH7 TECH LIMITED ORDINARY,-0.0172413793103448,0.4250000119209289,0.5100000143051147,False,,NOT_TRIGGERED,,0.3149999976158142,0.2588235558110529,0.2588235558110529,0.2588235558110529
2025-07-25,PWH,PWR HOLDINGS LIMITED ORDINARY,-0.0172413793103448,8.04591178894043,9.655094146728516,False,,NOT_TRIGGERED,,7.737601280212402,0.038318902420955925,0.038318902420955925,0.038318902420955925
2025-07-25,MYX,MAYNE PHARMA LTD ORDINARY,-0.0172413793103448,5.25,6.3,False,,NOT_TRIGGERED,,5.170000076293945,0.015238080705915147,0.015238080705915147,0.015238080705915147
2025-07-25,OCC,ORTHOCELL LIMITED ORDINARY,-0.0172413793103448,1.3300000429153442,1.596000051498413,False,,NOT_TRIGGERED,,1.1950000524520874,0.10150374895277336,0.10150374895277336,0.10150374895277336
2025-07-25,NUF,NUFARM LIMITED ORDINARY,-0.0172413793103448,2.6600000858306885,3.192000102996826,False,,NOT_TRIGGERED,,2.430000066757202,0.08646616979399824,0.08646616979399824,0.08646616979399824
2025-07-25,NEU,NEUREN PHARMACEUT. ORDINARY,-0.0172413793103448,16.479999542236328,19.775999450683592,True,2025-08-28,STOPPED,21.75359939575195,19.01000022888184,-0.15351946340540934,-0.31999999999999984,-0.15351946340540934
2025-07-25,MVP,MEDICAL DEVELOPMENTS ORDINARY,-0.0172413793103448,0.6499999761581421,0.7799999713897705,False,,NOT_TRIGGERED,,0.5849999785423279,0.09999999999999998,0.09999999999999998,0.09999999999999998
2025-07-25,MAD,MADER GROUP LIMITED ORDINARY,-0.0172413793103448,7.228308200836182,8.673969841003418,False,,NOT_TRIGGERED,,8.39159870147705,-0.16093537634522814,-0.16093537634522814,-0.16093537634522814
2025-07-25,MIN,MINERAL RESOURCES. ORDINARY,-0.0172413793103448,32.31999969482422,38.78399963378906,False,,NOT_TRIGGERED,,37.400001525878906,-0.15717827595982947,-0.15717827595982947,-0.15717827595982947
2025-07-25,MCP,MCPHERSON'S LTD ORDINARY,-0.0172413793103448,0.3300000131130218,0.39600001573562615,False,,NOT_TRIGGERED,,0.2549999952316284,0.22727277242775923,0.22727277242775923,0.22727277242775923
2025-07-25,MAQ,MACQUARIE TECHNOLOGY ORDINARY,-0.0172413793103448,68.79000091552734,82.54800109863281,False,,NOT_TRIGGERED,,61.09999847412109,0.11178953829131966,0.11178953829131966,0.11178953829131966
2025-07-25,PAR,PARADIGM BIO. ORDINARY,-0.0172413793103448,0.4300000071525574,0.5160000085830688,False,,NOT_TRIGGERED,,0.2949999868869781,0.3139535302790899,0.3139535302790899,0.3139535302790899
2025-07-25,MVF,MONASH IVF GROUP LTD ORDINARY,-0.0172413793103448,0.7906888723373413,0.9488266468048095,False,,NOT_TRIGGERED,,0.6924666166305542,0.12422364743345138,0.12422364743345138,0.12422364743345138
2025-07-25,PNV,POLYNOVO LIMITED ORDINARY,-0.0172413793103448,1.2899999618530271,1.5479999542236325,False,,NOT_TRIGGERED,,1.315000057220459,-0.01937991946257145,-0.01937991946257145,-0.01937991946257145
2025-07-25,MSB,MESOBLAST LIMITED ORDINARY,-0.0172413793103448,2.5199999809265137,3.0239999771118162,False,,NOT_TRIGGERED,,2.180000066757202,0.1349206018820308,0.1349206018820308,0.1349206018820308
2025-07-25,QAN,QANTAS AIRWAYS ORDINARY,-0.0172413793103448,10.340717315673828,12.408860778808593,False,,NOT_TRIGGERED,,11.208803176879885,-0.08394832144674003,-0.08394832144674003,-0.08394832144674003
2025-07-25,VUL,VULCAN ENERGY ORDINARY,-0.0172413793103448,4.340000152587891,5.208000183105469,False,,NOT_TRIGGERED,,4.139999866485596,0.04608301361073386,0.04608301361073386,0.04608301361073386
2025-07-25,STX,STRIKE ENERGY LTD ORDINARY,-0.0172413793103448,0.1299999952316284,0.15599999427795405,False,,NOT_TRIGGERED,,0.1150000020861625,0.11538456688971066,0.11538456688971066,0.11538456688971066
2025-07-25,TTT,TITOMIC LIMITED ORDINARY,-0.0172413793103448,0.2800000011920929,0.33600000143051145,False,,NOT_TRIGGERED,,0.2599999904632568,0.07142860944173779,0.07142860944173779,0.07142860944173779
2025-07-25,TOE,TORO ENERGY LIMITED ORDINARY,-0.0172413793103448,0.2049999982118606,0.2459999978542327,False,,NOT_TRIGGERED,,0.1800000071525573,0.12195117696277569,0.12195117696277569,0.12195117696277569
2025-07-25,TLG,TALGA GROUP LTD ORDINARY,-0.0172413793103448,0.4699999988079071,0.5639999985694885,False,,NOT_TRIGGERED,,0.5049999952316284,-0.07446807768615793,-0.07446807768615793,-0.07446807768615793
2025-07-25,SYR,SYRAH RESOURCES ORDINARY,-0.0172413793103448,0.375569999217987,0.4506839990615844,False,,NOT_TRIGGERED,,0.3000000119209289,0.20121412108105052,0.20121412108105052,0.20121412108105052
2025-07-25,TER,TERRACOM LTD ORDINARY,-0.0172413793103448,0.090999998152256,0.1091999977827072,False,,NOT_TRIGGERED,,0.0729999989271164,0.19780219330359805,0.19780219330359805,0.19780219330359805
2025-07-25,SRL,SUNRISE ORDINARY,-0.0172413793103448,1.2000000476837158,1.440000057220459,True,2025-08-18,STOPPED,1.584000062942505,1.7450000047683716,-0.45416661285691995,-0.32000000000000006,-0.30000000000000004
2025-07-25,SPL,STARPHARMA HOLDINGS ORDINARY,-0.0172413793103448,0.096000000834465,0.115200001001358,True,2025-08-12,STOPPED,0.1267200011014938,0.125,-0.3020833220151775,-0.32000000000000006,-0.30000000000000004
2025-07-25,SLX,SILEX SYSTEMS ORDINARY,-0.0172413793103448,4.800000190734863,5.760000228881836,False,,NOT_TRIGGERED,,4.150000095367432,0.13541668115390615,0.13541668115390615,0.13541668115390615
2025-07-25,SIG,SIGMA HEALTH LTD ORDINARY,-0.0172413793103448,2.807484865188598,3.368981838226318,False,,NOT_TRIGGERED,,3.084279060363769,-0.09859151819740153,-0.09859151819740153,-0.09859151819740153
2025-07-25,SUL,SUPER RET REP LTD ORDINARY,-0.0172413793103448,14.131543159484863,16.957851791381835,True,2025-08-21,STOPPED,18.65363697052002,17.76833724975586,-0.25735293373321655,-0.31999999999999984,-0.25735293373321655
2025-08-29,ARU,ARAFURA RARE EARTHS ORDINARY,-0.0169491525423728,0.1949999928474426,0.23399999141693112,False,,NOT_TRIGGERED,,0.2150000035762787,-0.10256416134580593,-0.10256416134580593,-0.10256416134580593
2025-08-29,ASM,AUSSTRATMATERIALS ORDINARY,-0.0169491525423728,0.5899999737739563,0.7079999685287476,False,,NOT_TRIGGERED,,0.6499999761581421,-0.10169492381566325,-0.10169492381566325,-0.10169492381566325
2025-08-29,ASL,ANDEAN SILVER ORDINARY,-0.0169491525423728,1.475000023841858,1.7700000286102295,True,2025-09-22,STOPPED,1.9470000314712526,2.0999999046325684,-0.42372872589032573,-0.32000000000000006,-0.30000000000000004
2025-08-29,ASG,AUTOSPORTS GRP LTD. ORDINARY,-0.0169491525423728,3.2238192558288574,3.868583106994629,False,,NOT_TRIGGERED,,3.2335002422332764,-0.0030029556982498207,-0.0030029556982498207,-0.0030029556982498207
2025-08-29,ARB,ARB CORPORATION. ORDINARY,-0.0169491525423728,38.99238967895508,46.79086761474609,False,,NOT_TRIGGERED,,38.33512878417969,0.016856132701457027,0.016856132701457027,0.016856132701457027
2025-08-29,4DX,4DMEDICAL LIMITED ORDINARY,-0.0169491525423728,0.5699999928474426,0.6839999914169311,True,2025-09-01,STOPPED,0.7523999905586243,2.359999895095825,-3.140350745105125,-0.32000000000000006,-0.30000000000000004
2025-08-29,AIS,AERIS RESOURCES LTD ORDINARY,-0.0169491525423728,0.2249999940395355,0.2699999928474426,True,2025-09-02,STOPPED,0.29699999213218686,0.4799999892711639,-1.1333333421636511,-0.32000000000000006,-0.30000000000000004
2025-08-29,DUB,DUBBER CORP LTD ORDINARY,-0.0169491525423728,0.0209999997168779,0.025199999660253478,False,,NOT_TRIGGERED,,0.0179999992251396,0.14285716819925331,0.14285716819925331,0.14285716819925331
2025-08-29,AD8,AUDINATEGROUPLTD ORDINARY,-0.0169491525423728,4.71999979019165,5.663999748229981,False,,NOT_TRIGGERED,,5.239999771118164,-0.11016949238156637,-0.11016949238156637,-0.11016949238156637
2025-08-29,ABY,ADORE BEAUTY ORDINARY,-0.0169491525423728,1.0299999713897705,1.2359999656677245,True,2025-09-18,STOPPED,1.359599962234497,1.0700000524520874,-0.03883503123630683,-0.31999999999999984,-0.03883503123630683
2025-08-29,BBN,BABY BUNTING GRP LTD ORDINARY,-0.0169491525423728,2.700000047683716,3.240000057220459,True,2025-10-02,STOPPED,3.564000062942505,3.140000104904175,-0.16296298127769582,-0.32000000000000006,-0.16296298127769582
2025-08-29,AMI,AURELIA METALS LTD ORDINARY,-0.0169491525423728,0.2150000035762787,0.2580000042915344,True,2025-10-03,STOPPED,0.2838000047206879,0.2599999904632568,-0.20930226110909245,-0.32000000000000006,-0.20930226110909245
2025-08-29,BET,BETMAKERS TECH GROUP ORDINARY,-0.0169491525423728,0.1550000011920929,0.18600000143051146,True,2025-09-16,STOPPED,0.20460000157356262,0.2000000029802322,-0.29032258994869564,-0.32000000000000006,-0.29032258994869564
2025-08-29,BRN,BRAINCHIP LTD ORDINARY,-0.0169491525423728,0.2049999982118606,0.2459999978542327,False,,NOT_TRIGGERED,,0.2000000029802322,0.024390220854836664,0.024390220854836664,0.024390220854836664
2025-08-29,BOT,BOTANIX PHARMA LTD ORDINARY,-0.0169491525423728,0.1449999958276748,0.17399999499320976,False,,NOT_TRIGGERED,,0.1650000065565109,-0.13793111244365197,-0.13793111244365197,-0.13793111244365197
2025-08-29,BMN,BANNERMAN ENERGY LTD ORDINARY,-0.0169491525423728,2.859999895095825,3.43199987411499,True,2025-09-09,STOPPED,3.7751998615264895,3.809999942779541,-0.3321678610243046,-0.32000000000000006,-0.30000000000000004
2025-08-29,IMU,IMUGENE LIMITED ORDINARY,-0.0169491525423728,0.2849999964237213,0.34199999570846557,True,2025-09-18,STOPPED,0.37619999527931214,0.3499999940395355,-0.22807016993493567,-0.32000000000000006,-0.22807016993493567
2025-08-29,ILU,ILUKA RESOURCES ORDINARY,-0.0169491525423728,6.280574321746826,7.536689186096191,False,,NOT_TRIGGERED,,7.066925048828125,-0.12520363374389465,-0.12520363374389465,-0.12520363374389465
2025-08-29,HLS,HEALIUS ORDINARY,-0.0169491525423728,0.8600000143051147,1.0320000171661377,False,,NOT_TRIGGERED,,0.8050000071525574,0.06395349562522712,0.06395349562522712,0.06395349562522712
2025-08-29,EMR,EMERALD RES NL ORDINARY,-0.0169491525423728,3.7799999713897705,4.535999965667725,True,2025-09-22,STOPPED,4.9895999622344975,5.119999885559082,-0.35449733447395815,-0.32000000000000006,-0.30000000000000004
2025-08-29,EGR,ECOGRAF LIMITED ORDINARY,-0.0169491525423728,0.3300000131130218,0.39600001573562615,True,2025-09-17,STOPPED,0.4356000173091888,0.3899999856948852,-0.18181809150811756,-0.32000000000000006,-0.18181809150811756
2025-08-29,EOS,ELECTRO OPTIC SYS. ORDINARY,-0.0169491525423728,5.800000190734863,6.960000228881836,True,2025-09-03,STOPPED,7.6560002517700205,8.75,-0.5086206400436981,-0.32000000000000006,-0.30000000000000004
2025-08-29,CXO,CORE LITHIUM ORDINARY,-0.0169491525423728,0.1099999994039535,0.13199999928474418,False,,NOT_TRIGGERED,,0.1049999967217445,0.045454570084563994,0.045454570084563994,0.045454570084563994
2025-08-29,CLV,CLOVER CORPORATION ORDINARY,-0.0169491525423728,0.541402280330658,0.6496827363967895,True,2025-09-22,STOPPED,0.7146510100364686,0.6730947494506836,-0.2432432849000845,-0.32000000000000006,-0.2432432849000845
2025-08-29,CKF,COLLINS FOODS LTD ORDINARY,-0.0169491525423728,9.600340843200684,11.52040901184082,False,,NOT_TRIGGERED,,10.70655345916748,-0.11522638977451072,-0.11522638977451072,-0.11522638977451072
2025-08-29,CAT,CATAPULT SPORTS LTD ORDINARY,-0.0169491525423728,6.230000019073486,7.476000022888183,True,2025-09-22,STOPPED,8.223600025177001,7.070000171661377,-0.1348314847538017,-0.31999999999999984,-0.1348314847538017
2025-08-29,KGN,KOGAN.COM LTD ORDINARY,-0.0169491525423728,3.8777902126312256,4.6533482551574705,False,,NOT_TRIGGERED,,3.332169532775879,0.1407040221201452,0.1407040221201452,0.1407040221201452
2025-08-29,LIC,LIFESTYLE COMMUNIT. ORDINARY,-0.0169491525423728,5.679999828338623,6.8159997940063475,False,,NOT_TRIGGERED,,5.429999828338623,0.0440140858372392,0.0440140858372392,0.0440140858372392
2025-08-29,MCP,MCPHERSON'S LTD ORDINARY,-0.0169491525423728,0.2549999952316284,0.3059999942779541,False,,NOT_TRIGGERED,,0.2750000059604645,-0.07843141608951454,-0.07843141608951454,-0.07843141608951454
2025-08-29,AGI,AINSWORTH GAME TECH. ORDINARY,-0.0169491525423728,1.0149999856948853,1.2179999828338623,False,,NOT_TRIGGERED,,1.0399999618530271,-0.02463051872954125,-0.02463051872954125,-0.02463051872954125
2025-08-29,QAN,QANTAS AIRWAYS ORDINARY,-0.0169491525423728,11.208803176879885,13.450563812255862,False,,NOT_TRIGGERED,,10.617386817932127,0.052763559999666754,0.052763559999666754,0.052763559999666754
2025-08-29,OCC,ORTHOCELL LIMITED ORDINARY,-0.0169491525423728,1.1950000524520874,1.434000062942505,True,2025-09-30,STOPPED,1.5774000692367556,1.4700000286102295,-0.2301254929603176,-0.32000000000000006,-0.2301254929603176
2025-08-29,PNV,POLYNOVO LIMITED ORDINARY,-0.0169491525423728,1.315000057220459,1.5780000686645508,True,2025-09-02,STOPPED,1.735800075531006,1.4950000047683716,-0.1368820834338076,-0.32000000000000006,-0.1368820834338076
2025-08-29,PLS,PILBARA MIN LTD ORDINARY,-0.0169491525423728,2.450000047683716,2.940000057220459,False,,NOT_TRIGGERED,,2.539999961853028,-0.036734658129659925,-0.036734658129659925,-0.036734658129659925
2025-08-29,PDN,PALADIN ENERGY LTD ORDINARY,-0.0169491525423728,7.849999904632568,9.419999885559081,False,,NOT_TRIGGERED,,8.569999694824219,-0.09171971961002856,-0.09171971961002856,-0.09171971961002856
2025-08-29,NHC,NEW HOPE CORPORATION ORDINARY,-0.0169491525423728,4.2014994621276855,5.0417993545532225,False,,NOT_TRIGGERED,,3.846006631851196,0.08461094270769332,0.08461094270769332,0.08461094270769332
2025-08-29,LTR,LIONTOWN RESOURCES ORDINARY,-0.0169491525423728,0.9399999976158142,1.127999997138977,False,,NOT_TRIGGERED,,0.975000023841858,-0.03723407054767747,-0.03723407054767747,-0.03723407054767747
2025-08-29,MIN,MINERAL RESOURCES. ORDINARY,-0.0169491525423728,37.400001525878906,44.880001831054685,False,,NOT_TRIGGERED,,40.59999847412109,-0.08556141223758895,-0.08556141223758895,-0.08556141223758895
2025-08-29,WAF,WEST AFRICAN RES LTD ORDINARY,-0.0169491525423728,3.039999961853028,3.647999954223633,False,,NOT_TRIGGERED,,3.039999961853028,-0.0,-0.0,-0.0
2025-08-29,MAD,MADER GROUP LIMITED ORDINARY,-0.0169491525423728,8.39159870147705,10.06991844177246,False,,NOT_TRIGGERED,,8.5600004196167,-0.02006789458485514,-0.02006789458485514,-0.02006789458485514
2025-08-29,LYC,LYNAS RARE EARTHS ORDINARY,-0.0169491525423728,13.869999885559082,16.6439998626709,True,2025-09-24,STOPPED,18.30839984893799,18.059999465942383,-0.30209081578621855,-0.3200000000000003,-0.30000000000000004
2025-08-29,PPE,PEOPLEIN LIMITED ORDINARY,-0.0169491525423728,0.7250000238418579,0.8700000286102295,False,,NOT_TRIGGERED,,0.8050000071525574,-0.11034480093775789,-0.11034480093775789,-0.11034480093775789
2025-08-29,NEU,NEUREN PHARMACEUT. ORDINARY,-0.0169491525423728,19.01000022888184,22.812000274658207,False,,NOT_TRIGGERED,,21.5,-0.13098367917613762,-0.13098367917613762,-0.13098367917613762
2025-08-29,PWH,PWR HOLDINGS LIMITED ORDINARY,-0.0169491525423728,7.737601280212402,9.285121536254882,False,,NOT_TRIGGERED,,7.936191558837891,-0.02566561282155355,-0.02566561282155355,-0.02566561282155355
2025-08-29,LKE,LAKE RESOURCES ORDINARY,-0.0169491525423728,0.0309999994933605,0.0371999993920326,False,,NOT_TRIGGERED,,0.0340000018477439,-0.09677427107784098,-0.09677427107784098,-0.09677427107784098
2025-08-29,RSG,RESOLUTE MINING ORDINARY,-0.0169491525423728,0.6449999809265137,0.7739999771118163,True,2025-09-09,STOPPED,0.851399974822998,1.065000057220459,-0.6511629282385931,-0.31999999999999984,-0.30000000000000004
2025-08-29,VUL,VULCAN ENERGY ORDINARY,-0.0169491525423728,4.139999866485596,4.967999839782714,True,2025-09-24,STOPPED,5.464799823760986,6.159999847412109,-0.48792271644232477,-0.31999999999999984,-0.30000000000000004
2025-08-29,LOV,LOVISA HOLDINGS LTD ORDINARY,-0.0169491525423728,41.81711959838867,50.18054351806641,False,,NOT_TRIGGERED,,36.79738235473633,0.12004024408811187,0.12004024408811187,0.12004024408811187
2025-08-29,TTT,TITOMIC LIMITED ORDINARY,-0.0169491525423728,0.2599999904632568,0.3119999885559081,True,2025-10-01,STOPPED,0.34319998741149893,0.3600000143051147,-0.38461549042245036,-0.31999999999999984,-0.30000000000000004
2025-08-29,TLG,TALGA GROUP LTD ORDINARY,-0.0169491525423728,0.5049999952316284,0.605999994277954,False,,NOT_TRIGGERED,,0.4300000071525574,0.14851482928167314,0.14851482928167314,0.14851482928167314
2025-08-29,SYR,SYRAH RESOURCES ORDINARY,-0.0169491525423728,0.3000000119209289,0.3600000143051147,False,,NOT_TRIGGERED,,0.3000000119209289,-0.0,-0.0,-0.0
2025-08-29,STX,STRIKE ENERGY LTD ORDINARY,-0.0169491525423728,0.1150000020861625,0.138000002503395,False,,NOT_TRIGGERED,,0.1049999967217445,0.08695656680880415,0.08695656680880415,0.08695656680880415
2025-08-29,TER,TERRACOM LTD ORDINARY,-0.0169491525423728,0.0729999989271164,0.08759999871253966,False,,NOT_TRIGGERED,,0.0680000036954879,0.06849308637141915,0.06849308637141915,0.06849308637141915
2025-08-29,SPL,STARPHARMA HOLDINGS ORDINARY,-0.0169491525423728,0.125,0.15,True,2025-09-22,STOPPED,0.20000000298023224,0.3400000035762787,-1.7200000286102295,-0.6000000238418579,-0.30000000000000004
2025-08-29,SOL,SOUL PATTINSON (W.H) ORDINARY,-0.0169491525423728,43.27456283569336,51.92947540283203,False,,NOT_TRIGGERED,,38.498146057128906,0.11037469741057238,0.11037469741057238,0.11037469741057238
2025-08-29,SIG,SIGMA HEALTH LTD ORDINARY,-0.0169491525423728,3.084279060363769,3.7011348724365227,False,,NOT_TRIGGERED,,2.968095302581787,0.037669664614679466,0.037669664614679466,0.037669664614679466
2025-08-29,SHV,SELECT HARVESTS ORDINARY,-0.0169491525423728,3.839999914169312,4.607999897003174,False,,NOT_TRIGGERED,,4.010000228881836,-0.04427091627925184,-0.04427091627925184,-0.04427091627925184
2025-08-29,SGR,THE STAR ENT GRP ORDINARY,-0.0169491525423728,0.1049999967217445,0.12599999606609338,False,,NOT_TRIGGERED,,0.0900000035762786,0.14285708203607528,0.14285708203607528,0.14285708203607528
2025-08-29,SRL,SUNRISE ORDINARY,-0.0169491525423728,1.7450000047683716,2.094000005722046,True,2025-09-04,STOPPED,2.303400006294251,5.78000020980835,-2.312321028088236,-0.32000000000000006,-0.30000000000000004
2025-09-26,BRN,BRAINCHIP LTD ORDINARY,-0.0172413793103448,0.2150000035762787,0.2580000042915344,True,2025-10-07,STOPPED,0.2838000047206879,0.2000000029802322,0.06976744347227282,-0.32000000000000006,0.06976744347227282
2025-09-26,CLV,CLOVER CORPORATION ORDINARY,-0.0172413793103448,0.6682172417640686,0.8018606901168823,False,,NOT_TRIGGERED,,0.6680052280426025,0.00031728262639008076,0.00031728262639008076,0.00031728262639008076
2025-09-26,CKF,COLLINS FOODS LTD ORDINARY,-0.0172413793103448,10.410245895385742,12.49229507446289,False,,NOT_TRIGGERED,,10.568276405334473,-0.015180285992934639,-0.015180285992934639,-0.015180285992934639
2025-09-26,CAT,CATAPULT SPORTS LTD ORDINARY,-0.0172413793103448,7.079999923706055,8.495999908447265,False,,NOT_TRIGGERED,,6.71999979019165,0.05084747703301684,0.05084747703301684,0.05084747703301684
2025-09-26,BOT,BOTANIX PHARMA LTD ORDINARY,-0.0172413793103448,0.1550000011920929,0.18600000143051146,False,,NOT_TRIGGERED,,0.135000005364418,0.12903223015391285,0.12903223015391285,0.12903223015391285
2025-09-26,AD8,AUDINATEGROUPLTD ORDINARY,-0.0172413793103448,4.889999866485596,5.867999839782715,True,2025-10-09,STOPPED,6.454799823760987,4.929999828338623,-0.008179951522529372,-0.32000000000000006,-0.008179951522529372
2025-09-26,ASL,ANDEAN SILVER ORDINARY,-0.0172413793103448,1.950000047683716,2.3400000572204593,False,,NOT_TRIGGERED,,1.6699999570846558,0.1435897865395721,0.1435897865395721,0.1435897865395721
2025-09-26,ASG,AUTOSPORTS GRP LTD. ORDINARY,-0.0172413793103448,3.2238192558288574,3.868583106994629,True,2025-10-27,STOPPED,4.255441417694092,4.033445358276367,-0.2511388009683413,-0.32000000000000006,-0.2511388009683413
2025-09-26,AIS,AERIS RESOURCES LTD ORDINARY,-0.0172413793103448,0.4749999940395355,0.5699999928474426,True,2025-10-09,STOPPED,0.6269999921321869,0.4600000083446502,0.03157891764865328,-0.32000000000000006,0.03157891764865328
2025-09-26,AGY,ARGOSY MINERALS LTD ORDINARY,-0.0172413793103448,0.0340000018477439,0.04080000221729268,True,2025-10-06,STOPPED,0.04488000243902195,0.0540000014007091,-0.5882352490016796,-0.3200000000000003,-0.30000000000000004
2025-09-26,CXL,CALIX LIMITED ORDINARY,-0.0172413793103448,0.3899999856948852,0.46799998283386224,True,2025-10-13,STOPPED,0.5147999811172485,0.4250000119209289,-0.0897436602816335,-0.32000000000000006,-0.0897436602816335
2025-09-26,ASM,AUSSTRATMATERIALS ORDINARY,-0.0172413793103448,0.550000011920929,0.6600000143051147,True,2025-10-03,STOPPED,0.7260000157356262,1.0099999904632568,-0.8363635792219948,-0.32000000000000006,-0.30000000000000004
2025-09-26,DUB,DUBBER CORP LTD ORDINARY,-0.0172413793103448,0.0189999993890523,0.02279999926686276,False,,NOT_TRIGGERED,,0.0179999992251396,0.05263158926672884,0.05263158926672884,0.05263158926672884
2025-09-26,KGN,KOGAN.COM LTD ORDINARY,-0.0172413793103448,3.3713715076446533,4.045645809173584,False,,NOT_TRIGGERED,,3.11655855178833,0.07558139329306479,0.07558139329306479,0.07558139329306479
2025-09-26,EMR,EMERALD RES NL ORDINARY,-0.0172413793103448,4.789999961853027,5.747999954223633,False,,NOT_TRIGGERED,,4.739999771118164,0.010438453263686531,0.010438453263686531,0.010438453263686531
2025-09-26,EGR,ECOGRAF LIMITED ORDINARY,-0.0172413793103448,0.3799999952316284,0.45599999427795407,True,2025-10-09,STOPPED,0.5015999937057495,0.4950000047683716,-0.30263160784158716,-0.31999999999999984,-0.30000000000000004
2025-09-26,LTR,LIONTOWN RESOURCES ORDINARY,-0.0172413793103448,0.9350000023841858,1.1220000028610229,True,2025-10-15,STOPPED,1.2342000031471252,1.1749999523162842,-0.25668443777552397,-0.31999999999999984,-0.25668443777552397
2025-09-26,LOV,LOVISA HOLDINGS LTD ORDINARY,-0.0172413793103448,36.504642486572266,43.80557098388672,False,,NOT_TRIGGERED,,35.36296081542969,0.03127497198644058,0.03127497198644058,0.03127497198644058
2025-09-26,LKE,LAKE RESOURCES ORDINARY,-0.0172413793103448,0.0299999993294477,0.03599999919533724,True,2025-10-10,STOPPED,0.039599999114870964,0.0350000001490116,-0.16666669771075449,-0.31999999999999984,-0.16666669771075449
2025-09-26,LIC,LIFESTYLE COMMUNIT. ORDINARY,-0.0172413793103448,5.800000190734863,6.960000228881836,False,,NOT_TRIGGERED,,5.179999828338623,0.10689661069091894,0.10689661069091894,0.10689661069091894
2025-09-26,IPD,IMPEDIMED LIMITED ORDINARY,-0.0172413793103448,0.0359999984502792,0.04319999814033504,True,2025-10-02,STOPPED,0.047519997954368544,0.0379999987781047,-0.055555567053364285,-0.32000000000000006,-0.055555567053364285
2025-09-26,ILU,ILUKA RESOURCES ORDINARY,-0.0172413793103448,6.569254398345947,7.883105278015137,True,2025-10-09,STOPPED,8.67141580581665,6.887763977050781,-0.048484890276898174,-0.32000000000000006,-0.048484890276898174
2025-09-26,HLS,HEALIUS ORDINARY,-0.0172413793103448,0.7450000047683716,0.8940000057220459,True,2025-10-31,STOPPED,0.9834000062942505,0.8899999856948853,-0.19463084563549193,-0.32000000000000006,-0.19463084563549193
2025-09-26,EXR,ELIXIR ENERGY LTD ORDINARY,-0.0172413793103448,0.050000000745058,0.060000000894069594,False,,NOT_TRIGGERED,,0.0419999994337558,0.16000002384185807,0.16000002384185807,0.16000002384185807
2025-09-26,EOS,ELECTRO OPTIC SYS. ORDINARY,-0.0172413793103448,8.350000381469727,10.020000457763672,True,2025-09-30,STOPPED,11.02200050354004,6.210000038146973,0.2562874545577064,-0.32000000000000006,0.2562874545577064
2025-09-26,KAR,KAROON ENERGY LTD ORDINARY,-0.0172413793103448,1.705447793006897,2.046537351608276,False,,NOT_TRIGGERED,,1.5776621103286743,0.07492793576103673,0.07492793576103673,0.07492793576103673
2025-09-26,LYC,LYNAS RARE EARTHS ORDINARY,-0.0172413793103448,16.899999618530273,20.27999954223633,True,2025-10-09,STOPPED,22.307999496459963,15.25,0.09763311572629296,-0.32000000000000006,0.09763311572629296
2025-09-26,ABY,ADORE BEAUTY ORDINARY,-0.0172413793103448,1.0750000476837158,1.2900000572204589,False,,NOT_TRIGGERED,,1.1100000143051147,-0.03255810704084405,-0.03255810704084405,-0.03255810704084405
2025-09-26,M7T,MACH7 TECH LIMITED ORDINARY,-0.0172413793103448,0.3149999976158142,0.37799999713897703,False,,NOT_TRIGGERED,,0.3000000119209289,0.047619002566405944,0.047619002566405944,0.047619002566405944
2025-09-26,MAD,MADER GROUP LIMITED ORDINARY,-0.0172413793103448,8.229999542236328,9.875999450683594,False,,NOT_TRIGGERED,,8.869999885559082,-0.07776432307660208,-0.07776432307660208,-0.07776432307660208
2025-09-26,QAN,QANTAS AIRWAYS ORDINARY,-0.0172413793103448,10.744366645812988,12.893239974975586,False,,NOT_TRIGGERED,,9.962957382202148,0.07272734534942082,0.07272734534942082,0.07272734534942082
2025-09-26,PNV,POLYNOVO LIMITED ORDINARY,-0.0172413793103448,1.375,1.65,False,,NOT_TRIGGERED,,1.3200000524520874,0.039999961853027344,0.039999961853027344,0.039999961853027344
2025-09-26,PDN,PALADIN ENERGY LTD ORDINARY,-0.0172413793103448,8.470000267028809,10.16400032043457,False,,NOT_TRIGGERED,,9.649999618530272,-0.13931514926804067,-0.13931514926804067,-0.13931514926804067
2025-09-26,PAR,PARADIGM BIO. ORDINARY,-0.0172413793103448,0.3000000119209289,0.3600000143051147,True,2025-10-02,STOPPED,0.3960000157356262,0.4250000119209289,-0.41666665010982173,-0.3200000000000003,-0.30000000000000004
2025-09-26,OCC,ORTHOCELL LIMITED ORDINARY,-0.0172413793103448,1.2999999523162842,1.559999942779541,True,2025-10-02,STOPPED,1.7159999370574952,1.1649999618530271,0.10384615031925182,-0.32000000000000006,0.10384615031925182
2025-09-26,MCP,MCPHERSON'S LTD ORDINARY,-0.0172413793103448,0.270000010728836,0.32400001287460317,False,,NOT_TRIGGERED,,0.2549999952316284,0.05555561074503912,0.05555561074503912,0.05555561074503912
2025-09-26,MYX,MAYNE PHARMA LTD ORDINARY,-0.0172413793103448,5.159999847412109,6.191999816894531,True,2025-10-16,STOPPED,6.811199798583984,4.25,0.17635656479108253,-0.31999999999999984,0.17635656479108253
2025-09-26,MVP,MEDICAL DEVELOPMENTS ORDINARY,-0.0172413793103448,0.6800000071525574,0.8160000085830689,False,,NOT_TRIGGERED,,0.699999988079071,-0.029411736347271455,-0.029411736347271455,-0.029411736347271455
2025-09-26,MIN,MINERAL RESOURCES. ORDINARY,-0.0172413793103448,41.290000915527344,49.54800109863281,False,,NOT_TRIGGERED,,48.400001525878906,-0.17219666875032225,-0.17219666875032225,-0.17219666875032225
2025-09-26,MHJ,MICHAEL HILL INT ORDINARY,-0.0172413793103448,0.3650000095367431,0.43800001144409173,False,,NOT_TRIGGERED,,0.3400000035762787,0.0684931652253773,0.0684931652253773,0.0684931652253773
2025-09-26,PPE,PEOPLEIN LIMITED ORDINARY,-0.0172413793103448,0.8149999976158142,0.977999997138977,False,,NOT_TRIGGERED,,0.8450000286102295,-0.03680985408856041,-0.03680985408856041,-0.03680985408856041
2025-09-26,NEU,NEUREN PHARMACEUT. ORDINARY,-0.0172413793103448,19.38999938964844,23.26799926757813,False,,NOT_TRIGGERED,,21.76000022888184,-0.12222799968207565,-0.12222799968207565,-0.12222799968207565
2025-09-26,PWH,PWR HOLDINGS LIMITED ORDINARY,-0.0172413793103448,7.946161270141602,9.53539352416992,False,,NOT_TRIGGERED,,8.49451732635498,-0.06900892614322784,-0.06900892614322784,-0.06900892614322784
2025-09-26,SPL,STARPHARMA HOLDINGS ORDINARY,-0.0172413793103448,0.2199999988079071,0.2639999985694885,True,2025-10-01,STOPPED,0.2903999984264374,0.3425000011920929,-0.5568181956725673,-0.32000000000000006,-0.30000000000000004
2025-09-26,PAC,PACIFIC GRP LTD ORDINARY,-0.0172413793103448,10.780438423156738,12.936526107788085,False,,NOT_TRIGGERED,,10.074810028076172,0.06545451746794018,0.06545451746794018,0.06545451746794018
2025-09-26,RSG,RESOLUTE MINING ORDINARY,-0.0172413793103448,0.9549999833106996,1.1459999799728395,True,2025-10-14,STOPPED,1.2605999779701236,0.9549999833106996,-0.0,-0.32000000000000006,-0.0
2025-09-26,REH,REECE LIMITED ORDINARY,-0.0172413793103448,11.310439109802246,13.572526931762695,False,,NOT_TRIGGERED,,11.64614200592041,-0.029680801325142614,-0.029680801325142614,-0.029680801325142614
2025-09-26,MAQ,MACQUARIE TECHNOLOGY ORDINARY,-0.0172413793103448,64.16000366210938,76.99200439453125,False,,NOT_TRIGGERED,,66.19999694824219,-0.031795404764566104,-0.031795404764566104,-0.031795404764566104
2025-09-26,WAF,WEST AFRICAN RES LTD ORDINARY,-0.0172413793103448,3.039999961853028,3.647999954223633,False,,NOT_TRIGGERED,,3.039999961853028,-0.0,-0.0,-0.0
2025-09-26,VUL,VULCAN ENERGY ORDINARY,-0.0172413793103448,5.78000020980835,6.936000251770019,True,2025-10-08,STOPPED,7.629600276947022,6.730000019073486,-0.1643598226264833,-0.32000000000000006,-0.1643598226264833
2025-09-26,TLG,TALGA GROUP LTD ORDINARY,-0.0172413793103448,0.4350000023841858,0.5220000028610229,True,2025-10-14,STOPPED,0.5742000031471253,0.4799999892711639,-0.10344824515020279,-0.32000000000000006,-0.10344824515020279
2025-09-26,TTT,TITOMIC LIMITED ORDINARY,-0.0172413793103448,0.270000010728836,0.32400001287460317,True,2025-10-02,STOPPED,0.3564000141620635,0.2800000011920929,-0.0370370002440481,-0.32000000000000006,-0.0370370002440481
2025-09-26,STX,STRIKE ENERGY LTD ORDINARY,-0.0172413793103448,0.1099999994039535,0.13199999928474418,False,,NOT_TRIGGERED,,0.1099999994039535,-0.0,-0.0,-0.0
2025-09-26,SRL,SUNRISE ORDINARY,-0.0172413793103448,4.78000020980835,5.73600025177002,True,2025-10-03,STOPPED,6.309600276947022,4.5,0.05857744717956315,-0.32000000000000006,0.05857744717956315
2025-09-26,SOL,SOUL PATTINSON (W.H) ORDINARY,-0.0172413793103448,38.250919342041016,45.901103210449214,False,,NOT_TRIGGERED,,37.18289566040039,0.02792151665925524,0.02792151665925524,0.02792151665925524
2025-09-26,SIG,SIGMA HEALTH LTD ORDINARY,-0.0172413793103448,2.97802209854126,3.573626518249512,False,,NOT_TRIGGERED,,3.0872159004211426,-0.03666655191489987,-0.03666655191489987,-0.03666655191489987
2025-09-26,SHV,SELECT HARVESTS ORDINARY,-0.0172413793103448,3.869999885559082,4.643999862670898,False,,NOT_TRIGGERED,,3.880000114440918,-0.0025840385471720406,-0.0025840385471720406,-0.0025840385471720406
2025-09-26,TER,TERRACOM LTD ORDINARY,-0.0172413793103448,0.0680000036954879,0.08160000443458548,True,2025-10-16,STOPPED,0.08976000487804404,0.0939999967813491,-0.38235281871883786,-0.32000000000000006,-0.30000000000000004
2025-10-31,ASM,AUSSTRATMATERIALS ORDINARY,-0.0172413793103448,1.0099999904632568,1.211999988555908,False,,NOT_TRIGGERED,,0.6449999809265137,0.36138615146850506,0.36138615146850506,0.36138615146850506
2025-10-31,BOT,BOTANIX PHARMA LTD ORDINARY,-0.0172413793103448,0.135000005364418,0.16200000643730159,False,,NOT_TRIGGERED,,0.1199999973177909,0.11111116630059525,0.11111116630059525,0.11111116630059525
2025-10-31,BMN,BANNERMAN ENERGY LTD ORDINARY,-0.0172413793103448,3.680000066757202,4.416000080108643,False,,NOT_TRIGGERED,,3.369999885559082,0.08423917814525772,0.08423917814525772,0.08423917814525772
2025-10-31,BET,BETMAKERS TECH GROUP ORDINARY,-0.0172413793103448,0.1599999964237213,0.19199999570846557,True,2025-12-04,STOPPED,0.21119999527931216,0.1749999970197677,-0.09375000582076587,-0.32000000000000006,-0.09375000582076587
2025-10-31,ASL,ANDEAN SILVER ORDINARY,-0.0172413793103448,1.6699999570846558,2.003999948501587,True,2025-11-11,STOPPED,2.2043999433517456,2.0899999141693115,-0.25149698675313514,-0.32000000000000006,-0.25149698675313514
2025-10-31,AAC,AUSTRALIAN AGRICULT. ORDINARY,-0.0172413793103448,1.4299999475479126,1.715999937057495,False,,NOT_TRIGGERED,,1.4049999713897705,0.01748250145114394,0.01748250145114394,0.01748250145114394
2025-10-31,ARU,ARAFURA RARE EARTHS ORDINARY,-0.0172413793103448,0.2849999964237213,0.34199999570846557,False,,NOT_TRIGGERED,,0.2649999856948852,0.07017547712211647,0.07017547712211647,0.07017547712211647
2025-10-31,AIS,AERIS RESOURCES LTD ORDINARY,-0.0172413793103448,0.4600000083446502,0.5520000100135802,False,,NOT_TRIGGERED,,0.5149999856948853,-0.11956516598370781,-0.11956516598370781,-0.11956516598370781
2025-10-31,AD8,AUDINATEGROUPLTD ORDINARY,-0.0172413793103448,4.929999828338623,5.915999794006347,False,,NOT_TRIGGERED,,4.510000228881836,0.08519261948906076,0.08519261948906076,0.08519261948906076
2025-10-31,ABY,ADORE BEAUTY ORDINARY,-0.0172413793103448,1.1100000143051147,1.3320000171661377,False,,NOT_TRIGGERED,,1.2899999618530271,-0.1621621128181665,-0.1621621128181665,-0.1621621128181665
2025-10-31,BRN,BRAINCHIP LTD ORDINARY,-0.0172413793103448,0.2000000029802322,0.24000000357627865,False,,NOT_TRIGGERED,,0.1899999976158142,0.05000002607703158,0.05000002607703158,0.05000002607703158
2025-10-31,ASG,AUTOSPORTS GRP LTD. ORDINARY,-0.0172413793103448,4.033445358276367,4.8401344299316404,False,,NOT_TRIGGERED,,4.199873924255371,-0.041262134774555204,-0.041262134774555204,-0.041262134774555204
2025-10-31,MAD,MADER GROUP LIMITED ORDINARY,-0.0172413793103448,8.869999885559082,10.643999862670897,False,,NOT_TRIGGERED,,7.769999980926514,0.1240135195969323,0.1240135195969323,0.1240135195969323
2025-10-31,KAR,KAROON ENERGY LTD ORDINARY,-0.0172413793103448,1.5776621103286743,1.893194532394409,False,,NOT_TRIGGERED,,1.587491750717163,-0.0062305105282911555,-0.0062305105282911555,-0.0062305105282911555
2025-10-31,LTR,LIONTOWN RESOURCES ORDINARY,-0.0172413793103448,1.1749999523162842,1.4099999427795409,True,2025-11-13,STOPPED,1.5509999370574952,1.3200000524520874,-0.12340434554909008,-0.32000000000000006,-0.12340434554909008
2025-10-31,LKE,LAKE RESOURCES ORDINARY,-0.0172413793103448,0.0350000001490116,0.04200000017881392,True,2025-11-12,STOPPED,0.04620000019669531,0.0759999975562095,-1.1714284923611848,-0.32000000000000006,-0.30000000000000004
2025-10-31,LIC,LIFESTYLE COMMUNIT. ORDINARY,-0.0172413793103448,5.179999828338623,6.215999794006348,False,,NOT_TRIGGERED,,5.449999809265137,-0.05212355016874781,-0.05212355016874781,-0.05212355016874781
2025-10-31,CLV,CLOVER CORPORATION ORDINARY,-0.0172413793103448,0.6680052280426025,0.801606273651123,True,2025-11-24,STOPPED,0.8817669010162354,0.8065544366836548,-0.20740737171628276,-0.32000000000000006,-0.20740737171628276
2025-10-31,IMU,IMUGENE LIMITED ORDINARY,-0.0172413793103448,0.3650000095367431,0.43800001144409173,False,,NOT_TRIGGERED,,0.3199999928474426,0.12328771373571845,0.12328771373571845,0.12328771373571845
2025-10-31,KGN,KOGAN.COM LTD ORDINARY,-0.0172413793103448,3.11655855178833,3.739870262145996,False,,NOT_TRIGGERED,,3.273366451263428,-0.05031444038974309,-0.05031444038974309,-0.05031444038974309
2025-10-31,HLS,HEALIUS ORDINARY,-0.0172413793103448,0.8899999856948853,1.0679999828338622,True,2025-12-02,STOPPED,1.1747999811172485,0.9800000190734864,-0.10112363463504082,-0.31999999999999984,-0.10112363463504082
2025-10-31,EVN,EVOLUTION MINING LTD ORDINARY,-0.0172413793103448,10.737079620361328,12.884495544433593,False,,NOT_TRIGGERED,,11.864176750183104,-0.10497241053185435,-0.10497241053185435,-0.10497241053185435
2025-10-31,EOS,ELECTRO OPTIC SYS. ORDINARY,-0.0172413793103448,6.210000038146973,7.452000045776367,False,,NOT_TRIGGERED,,4.460000038146973,0.28180354094203675,0.28180354094203675,0.28180354094203675
2025-10-31,EMR,EMERALD RES NL ORDINARY,-0.0172413793103448,4.739999771118164,5.687999725341797,False,,NOT_TRIGGERED,,5.179999828338623,-0.09282702077360283,-0.09282702077360283,-0.09282702077360283
2025-10-31,EGR,ECOGRAF LIMITED ORDINARY,-0.0172413793103448,0.4950000047683716,0.5940000057220459,False,,NOT_TRIGGERED,,0.4199999868869781,0.15151518617962179,0.15151518617962179,0.15151518617962179
2025-10-31,4DX,4DMEDICAL LIMITED ORDINARY,-0.0172413793103448,1.7400000095367432,2.0880000114440915,False,,NOT_TRIGGERED,,1.899999976158142,-0.09195400330141212,-0.09195400330141212,-0.09195400330141212
2025-10-31,DUB,DUBBER CORP LTD ORDINARY,-0.0172413793103448,0.0179999992251396,0.02159999907016752,False,,NOT_TRIGGERED,,0.0170000009238719,0.05555546357307939,0.05555546357307939,0.05555546357307939
2025-10-31,LYC,LYNAS RARE EARTHS ORDINARY,-0.0172413793103448,15.25,18.3,False,,NOT_TRIGGERED,,14.140000343322754,0.07278686273293422,0.07278686273293422,0.07278686273293422
2025-10-31,ILU,ILUKA RESOURCES ORDINARY,-0.0172413793103448,6.887763977050781,8.265316772460936,False,,NOT_TRIGGERED,,6.419953346252441,0.06791908554895754,0.06791908554895754,0.06791908554895754
2025-10-31,MCP,MCPHERSON'S LTD ORDINARY,-0.0172413793103448,0.2549999952316284,0.3059999942779541,False,,NOT_TRIGGERED,,0.2249999940395355,0.11764706569834449,0.11764706569834449,0.11764706569834449
2025-10-31,PAR,PARADIGM BIO. ORDINARY,-0.0172413793103448,0.4250000119209289,0.5100000143051147,False,,NOT_TRIGGERED,,0.3600000143051147,0.1529411665708551,0.1529411665708551,0.1529411665708551
2025-10-31,QAN,QANTAS AIRWAYS ORDINARY,-0.0172413793103448,9.962957382202148,11.955548858642578,False,,NOT_TRIGGERED,,9.582021713256836,0.03823520008484804,0.03823520008484804,0.03823520008484804
2025-10-31,PWH,PWR HOLDINGS LIMITED ORDINARY,-0.0172413793103448,8.49451732635498,10.193420791625977,False,,NOT_TRIGGERED,,8.025922775268555,0.05516435285058163,0.05516435285058163,0.05516435285058163
2025-10-31,PNV,POLYNOVO LIMITED ORDINARY,-0.0172413793103448,1.3200000524520874,1.5840000629425048,False,,NOT_TRIGGERED,,1.2050000429153442,0.08712121588413146,0.08712121588413146,0.08712121588413146
2025-10-31,PAC,PACIFIC GRP LTD ORDINARY,-0.0172413793103448,10.074810028076172,12.089772033691405,False,,NOT_TRIGGERED,,10.19241428375244,-0.011673099080631077,-0.011673099080631077,-0.011673099080631077
2025-10-31,MSB,MESOBLAST LIMITED ORDINARY,-0.0172413793103448,2.509999990463257,3.011999988555908,False,,NOT_TRIGGERED,,2.6600000858306885,-0.059760994397353384,-0.059760994397353384,-0.059760994397353384
2025-10-31,OCC,ORTHOCELL LIMITED ORDINARY,-0.0172413793103448,1.1649999618530271,1.3979999542236325,False,,NOT_TRIGGERED,,1.0149999856948853,0.1287553485577413,0.1287553485577413,0.1287553485577413
2025-10-31,NHC,NEW HOPE CORPORATION ORDINARY,-0.0172413793103448,4.08207893371582,4.898494720458984,False,,NOT_TRIGGERED,,3.924697160720825,0.03855431890233785,0.03855431890233785,0.03855431890233785
2025-10-31,NEU,NEUREN PHARMACEUT. ORDINARY,-0.0172413793103448,21.76000022888184,26.112000274658207,False,,NOT_TRIGGERED,,19.75,0.09237133307627388,0.09237133307627388,0.09237133307627388
2025-10-31,MYX,MAYNE PHARMA LTD ORDINARY,-0.0172413793103448,4.25,5.1,True,2025-11-20,STOPPED,5.61,3.2100000381469727,0.24470587337718286,-0.32000000000000006,0.24470587337718286
2025-10-31,RFG,RETAIL FOOD GROUP ORDINARY,-0.0172413793103448,1.4700000286102295,1.7640000343322753,False,,NOT_TRIGGERED,,1.600000023841858,-0.08843536918467487,-0.08843536918467487,-0.08843536918467487
2025-10-31,OFX,OFX GROUP LTD ORDINARY,-0.0172413793103448,0.6150000095367432,0.7380000114440918,False,,NOT_TRIGGERED,,0.5649999976158142,0.0813008311310306,0.0813008311310306,0.0813008311310306
2025-10-31,RSG,RESOLUTE MINING ORDINARY,-0.0172413793103448,0.9549999833106996,1.1459999799728395,True,2025-12-01,STOPPED,1.2605999779701236,1.100000023841858,-0.15183250582736818,-0.32000000000000006,-0.15183250582736818
2025-10-31,WGN,WAGNERS HLD COMPANY ORDINARY,-0.0172413793103448,2.700000047683716,3.240000057220459,True,2025-11-07,STOPPED,3.564000062942505,3.5199999809265137,-0.3037036736152141,-0.32000000000000006,-0.30000000000000004
2025-10-31,SLX,SILEX SYSTEMS ORDINARY,-0.0172413793103448,10.34000015258789,12.408000183105468,False,,NOT_TRIGGERED,,9.279999732971191,0.10251454583889952,0.10251454583889952,0.10251454583889952
2025-10-31,SIG,SIGMA HEALTH LTD ORDINARY,-0.0172413793103448,3.0872159004211426,3.7046590805053707,False,,NOT_TRIGGERED,,2.8291208744049072,0.08360122334852815,0.08360122334852815,0.08360122334852815
2025-10-31,MIN,MINERAL RESOURCES. ORDINARY,-0.0172413793103448,48.400001525878906,58.08000183105469,False,,NOT_TRIGGERED,,50.150001525878906,-0.03615702365348672,-0.03615702365348672,-0.03615702365348672
2025-10-31,VUL,VULCAN ENERGY ORDINARY,-0.0172413793103448,6.730000019073486,8.076000022888183,False,,NOT_TRIGGERED,,4.409999847412109,0.34472513597121346,0.34472513597121346,0.34472513597121346
2025-10-31,STX,STRIKE ENERGY LTD ORDINARY,-0.0172413793103448,0.1099999994039535,0.13199999928474418,False,,NOT_TRIGGERED,,0.1150000020861625,-0.04545457008456388,-0.04545457008456388,-0.04545457008456388
2025-10-31,TTT,TITOMIC LIMITED ORDINARY,-0.0172413793103448,0.2800000011920929,0.33600000143051145,False,,NOT_TRIGGERED,,0.1899999976158142,0.3214285828325213,0.3214285828325213,0.3214285828325213
2025-10-31,TOE,TORO ENERGY LIMITED ORDINARY,-0.0172413793103448,0.4799999892711639,0.5759999871253967,False,,NOT_TRIGGERED,,0.4699999988079071,0.02083331393077914,0.02083331393077914,0.02083331393077914
2025-10-31,TUA,TUAS LIMITED ORDINARY,-0.0172413793103448,7.03000020980835,8.43600025177002,False,,NOT_TRIGGERED,,6.909999847412109,0.0170697523207487,0.0170697523207487,0.0170697523207487
2025-10-31,TER,TERRACOM LTD ORDINARY,-0.0172413793103448,0.0939999967813491,0.11279999613761892,False,,NOT_TRIGGERED,,0.1000000014901161,-0.063829839512904,-0.063829839512904,-0.063829839512904
2025-10-31,SYR,SYRAH RESOURCES ORDINARY,-0.0172413793103448,0.3400000035762787,0.40800000429153443,False,,NOT_TRIGGERED,,0.2800000011920929,0.17647059339140525,0.17647059339140525,0.17647059339140525
2025-10-31,SRL,SUNRISE ORDINARY,-0.0172413793103448,4.5,5.3999999999999995,True,2025-11-27,STOPPED,5.9399999999999995,7.679999828338623,-0.7066666285196941,-0.31999999999999984,-0.30000000000000004
2025-10-31,SPL,STARPHARMA HOLDINGS ORDINARY,-0.0172413793103448,0.3425000011920929,0.41100000143051146,True,2025-11-12,STOPPED,0.45210000157356267,0.395000010728836,-0.153284698843835,-0.32000000000000006,-0.153284698843835
2025-10-31,SOL,SOUL PATTINSON (W.H) ORDINARY,-0.0172413793103448,37.18289566040039,44.61947479248047,False,,NOT_TRIGGERED,,35.83798599243164,0.03617011650335433,0.03617011650335433,0.03617011650335433
2025-10-31,TLG,TALGA GROUP LTD ORDINARY,-0.0172413793103448,0.4799999892711639,0.5759999871253967,False,,NOT_TRIGGERED,,0.4399999976158142,0.08333331781128994,0.08333331781128994,0.08333331781128994
2025-11-28,BOT,BOTANIX PHARMA LTD ORDINARY,-0.0172413793103448,0.1199999973177909,0.1439999967813491,False,,NOT_TRIGGERED,,0.135000005364418,-0.12500006984919532,-0.12500006984919532,-0.12500006984919532
2025-11-28,BMN,BANNERMAN ENERGY LTD ORDINARY,-0.0172413793103448,3.0,3.5999999999999996,True,2025-12-24,STOPPED,3.96,3.440000057220459,-0.14666668574015307,-0.32000000000000006,-0.14666668574015307
2025-11-28,BET,BETMAKERS TECH GROUP ORDINARY,-0.0172413793103448,0.1550000011920929,0.18600000143051146,True,2025-12-04,STOPPED,0.20460000157356262,0.1899999976158142,-0.22580642680347784,-0.32000000000000006,-0.22580642680347784
2025-11-28,BAP,BAPCOR LIMITED ORDINARY,-0.0172413793103448,2.319999933242798,2.7839999198913574,False,,NOT_TRIGGERED,,2.150000095367432,0.07327579429614339,0.07327579429614339,0.07327579429614339
2025-11-28,ASM,AUSSTRATMATERIALS ORDINARY,-0.0172413793103448,0.6650000214576721,0.7980000257492065,False,,NOT_TRIGGERED,,0.7049999833106995,-0.060150316635100065,-0.060150316635100065,-0.060150316635100065
2025-11-28,ABY,ADORE BEAUTY ORDINARY,-0.0172413793103448,1.274999976158142,1.5299999713897705,False,,NOT_TRIGGERED,,1.2899999618530271,-0.011764694882648863,-0.011764694882648863,-0.011764694882648863
2025-11-28,ASG,AUTOSPORTS GRP LTD. ORDINARY,-0.0172413793103448,4.356512546539307,5.227815055847167,False,,NOT_TRIGGERED,,3.70058822631836,0.15056178840618628,0.15056178840618628,0.15056178840618628
2025-11-28,ARU,ARAFURA RARE EARTHS ORDINARY,-0.0172413793103448,0.270000010728836,0.32400001287460317,False,,NOT_TRIGGERED,,0.2649999856948852,0.01851861050099135,0.01851861050099135,0.01851861050099135
2025-11-28,AIS,AERIS RESOURCES LTD ORDINARY,-0.0172413793103448,0.5,0.6,True,2025-12-29,STOPPED,0.66,0.5799999833106995,-0.15999996662139893,-0.32000000000000006,-0.15999996662139893
2025-11-28,AD8,AUDINATEGROUPLTD ORDINARY,-0.0172413793103448,4.380000114440918,5.256000137329101,False,,NOT_TRIGGERED,,4.110000133514404,0.06164382965112725,0.06164382965112725,0.06164382965112725
2025-11-28,BRN,BRAINCHIP LTD ORDINARY,-0.0172413793103448,0.1800000071525573,0.21600000858306875,False,,NOT_TRIGGERED,,0.1800000071525573,-0.0,-0.0,-0.0
2025-11-28,ASL,ANDEAN SILVER ORDINARY,-0.0172413793103448,1.909999966621399,2.2919999599456786,True,2025-12-11,STOPPED,2.5211999559402467,2.380000114440918,-0.24607338012204405,-0.32000000000000006,-0.24607338012204405
2025-11-28,LTR,LIONTOWN RESOURCES ORDINARY,-0.0172413793103448,1.434999942779541,1.7219999313354493,True,2025-12-29,STOPPED,1.8941999244689944,1.6200000047683716,-0.12891990896563543,-0.3200000000000003,-0.12891990896563543
2025-11-28,IMM,IMMUTEP LTD ORDINARY,-0.0172413793103448,0.3050000071525574,0.36600000858306886,True,2025-12-11,STOPPED,0.40260000944137575,0.4300000071525574,-0.4098360559627019,-0.32000000000000006,-0.30000000000000004
2025-11-28,CXL,CALIX LIMITED ORDINARY,-0.0172413793103448,0.6700000166893005,0.8040000200271606,True,2025-12-30,STOPPED,0.8844000220298768,1.1299999952316284,-0.6865671150507506,-0.32000000000000006,-0.30000000000000004
2025-11-28,LKE,LAKE RESOURCES ORDINARY,-0.0172413793103448,0.0719999969005584,0.08639999628067008,True,2025-12-03,STOPPED,0.09503999590873709,0.135000005364418,-0.8750001552204372,-0.32000000000000006,-0.30000000000000004
2025-11-28,LIC,LIFESTYLE COMMUNIT. ORDINARY,-0.0172413793103448,5.699999809265137,6.839999771118164,False,,NOT_TRIGGERED,,5.159999847412109,0.09473683858292026,0.09473683858292026,0.09473683858292026
2025-11-28,KGN,KOGAN.COM LTD ORDINARY,-0.0172413793103448,3.341969966888428,4.010363960266114,False,,NOT_TRIGGERED,,3.635984897613525,-0.0879765328947113,-0.0879765328947113,-0.0879765328947113
2025-11-28,IMU,IMUGENE LIMITED ORDINARY,-0.0172413793103448,0.3449999988079071,0.4139999985694885,False,,NOT_TRIGGERED,,0.3899999856948852,-0.13043474505063313,-0.13043474505063313,-0.13043474505063313
2025-11-28,IXR,IONIC RARE EARTHS ORDINARY,-0.0172413793103448,0.4199999868869781,0.5039999842643736,False,,NOT_TRIGGERED,,0.4350000023841858,-0.03571432372745331,-0.03571432372745331,-0.03571432372745331
2025-11-28,HLS,HEALIUS ORDINARY,-0.0172413793103448,0.9800000190734864,1.1760000228881837,False,,NOT_TRIGGERED,,0.9100000262260436,0.0714285627398481,0.0714285627398481,0.0714285627398481
2025-11-28,EVN,EVOLUTION MINING LTD ORDINARY,-0.0172413793103448,11.745534896850586,14.094641876220702,False,,NOT_TRIGGERED,,12.536479949951172,-0.06734006241918089,-0.06734006241918089,-0.06734006241918089
2025-11-28,EOS,ELECTRO OPTIC SYS. ORDINARY,-0.0172413793103448,4.550000190734863,5.460000228881836,True,2025-12-15,STOPPED,6.00600025177002,9.949999809265137,-1.1868130532227799,-0.32000000000000006,-0.30000000000000004
2025-11-28,EMR,EMERALD RES NL ORDINARY,-0.0172413793103448,5.320000171661377,6.384000205993652,True,2025-12-18,STOPPED,7.022400226593017,6.360000133514404,-0.19548870832615917,-0.32000000000000006,-0.19548870832615917
2025-11-28,EGR,ECOGRAF LIMITED ORDINARY,-0.0172413793103448,0.4199999868869781,0.5039999842643736,False,,NOT_TRIGGERED,,0.3799999952316284,0.09523807834335396,0.09523807834335396,0.09523807834335396
2025-11-28,4DX,4DMEDICAL LIMITED ORDINARY,-0.0172413793103448,1.7100000381469729,2.052000045776367,True,2025-12-10,STOPPED,2.257200050354004,4.539999961853027,-1.6549706786982066,-0.32000000000000006,-0.30000000000000004
2025-11-28,DUB,DUBBER CORP LTD ORDINARY,-0.0172413793103448,0.0160000007599592,0.01920000091195104,True,2025-12-19,STOPPED,0.021120001003146146,0.0179999992251396,-0.12499989813659851,-0.32000000000000006,-0.12499989813659851
2025-11-28,LOV,LOVISA HOLDINGS LTD ORDINARY,-0.0172413793103448,31.352426528930664,37.622911834716795,False,,NOT_TRIGGERED,,28.58115577697754,0.08839094956162052,0.08839094956162052,0.08839094956162052
2025-11-28,ILU,ILUKA RESOURCES ORDINARY,-0.0172413793103448,6.419953346252441,7.7039440155029295,False,,NOT_TRIGGERED,,5.842655181884766,0.08992248591723262,0.08992248591723262,0.08992248591723262
2025-11-28,LYC,LYNAS RARE EARTHS ORDINARY,-0.0172413793103448,14.470000267028809,17.36400032043457,False,,NOT_TRIGGERED,,12.220000267028809,0.15549412290798825,0.15549412290798825,0.15549412290798825
2025-11-28,PNV,POLYNOVO LIMITED ORDINARY,-0.0172413793103448,1.2300000190734863,1.4760000228881835,False,,NOT_TRIGGERED,,1.25,-0.016260146842582035,-0.016260146842582035,-0.016260146842582035
2025-11-28,PAR,PARADIGM BIO. ORDINARY,-0.0172413793103448,0.3849999904632568,0.4619999885559081,False,,NOT_TRIGGERED,,0.3400000035762787,0.11688308571860273,0.11688308571860273,0.11688308571860273
2025-11-28,PAC,PACIFIC GRP LTD ORDINARY,-0.0172413793103448,10.19241428375244,12.230897140502927,False,,NOT_TRIGGERED,,9.80039882659912,0.03846149167800461,0.03846149167800461,0.03846149167800461
2025-11-28,OFX,OFX GROUP LTD ORDINARY,-0.0172413793103448,0.6100000143051147,0.7320000171661377,False,,NOT_TRIGGERED,,0.5099999904632568,0.16393446147009283,0.16393446147009283,0.16393446147009283
2025-11-28,OCC,ORTHOCELL LIMITED ORDINARY,-0.0172413793103448,1.0700000524520874,1.2840000629425048,False,,NOT_TRIGGERED,,1.1200000047683716,-0.046728925107714536,-0.046728925107714536,-0.046728925107714536
2025-11-28,MAQ,MACQUARIE TECHNOLOGY ORDINARY,-0.0172413793103448,67.72000122070312,81.26400146484374,False,,NOT_TRIGGERED,,68.41000366210938,-0.010189049453166676,-0.010189049453166676,-0.010189049453166676
2025-11-28,MYX,MAYNE PHARMA LTD ORDINARY,-0.0172413793103448,3.7100000381469727,4.452000045776367,False,,NOT_TRIGGERED,,3.190000057220459,0.14016171848511283,0.14016171848511283,0.14016171848511283
2025-11-28,MVF,MONASH IVF GROUP LTD ORDINARY,-0.0172413793103448,0.8348888754844666,1.0018666505813598,False,,NOT_TRIGGERED,,0.7366666793823242,0.11764702942669625,0.11764702942669625,0.11764702942669625
2025-11-28,MSB,MESOBLAST LIMITED ORDINARY,-0.0172413793103448,2.7100000381469727,3.252000045776367,False,,NOT_TRIGGERED,,2.7699999809265137,-0.022140199975999808,-0.022140199975999808,-0.022140199975999808
2025-11-28,MIN,MINERAL RESOURCES. ORDINARY,-0.0172413793103448,49.08000183105469,58.896002197265624,False,,NOT_TRIGGERED,,55.43999862670898,-0.12958428195554972,-0.12958428195554972,-0.12958428195554972
2025-11-28,PPE,PEOPLEIN LIMITED ORDINARY,-0.0172413793103448,0.9049999713897704,1.0859999656677244,False,,NOT_TRIGGERED,,0.8700000047683716,0.03867399748935996,0.03867399748935996,0.03867399748935996
2025-11-28,NEU,NEUREN PHARMACEUT. ORDINARY,-0.0172413793103448,19.63999938964844,23.567999267578127,False,,NOT_TRIGGERED,,18.90999984741211,0.03716902061723526,0.03716902061723526,0.03716902061723526
2025-11-28,PWH,PWR HOLDINGS LIMITED ORDINARY,-0.0172413793103448,8.20538330078125,9.8464599609375,False,,NOT_TRIGGERED,,7.876370906829834,0.04009713890149291,0.04009713890149291,0.04009713890149291
2025-11-28,WAF,WEST AFRICAN RES LTD ORDINARY,-0.0172413793103448,2.809999942779541,3.371999931335449,False,,NOT_TRIGGERED,,3.069999933242798,-0.09252668888173532,-0.09252668888173532,-0.09252668888173532
2025-11-28,REH,REECE LIMITED ORDINARY,-0.0172413793103448,12.66231632232666,15.194779586791991,False,,NOT_TRIGGERED,,13.289952278137209,-0.04956723081572978,-0.04956723081572978,-0.04956723081572978
2025-11-28,SOL,SOUL PATTINSON (W.H) ORDINARY,-0.0172413793103448,37.40045547485352,44.880546569824226,False,,NOT_TRIGGERED,,36.97522735595703,0.011369597335048387,0.011369597335048387,0.011369597335048387
2025-11-28,QAN,QANTAS AIRWAYS ORDINARY,-0.0172413793103448,9.748069763183594,11.697683715820313,False,,NOT_TRIGGERED,,10.246217727661133,-0.051102215780086,-0.051102215780086,-0.051102215780086
2025-11-28,MAD,MADER GROUP LIMITED ORDINARY,-0.0172413793103448,8.100000381469727,9.720000457763671,False,,NOT_TRIGGERED,,7.519999980926514,0.07160498434914553,0.07160498434914553,0.07160498434914553
2025-11-28,VUL,VULCAN ENERGY ORDINARY,-0.0172413793103448,5.028654098510742,6.034384918212891,False,,NOT_TRIGGERED,,4.400000095367432,0.12501436583786685,0.12501436583786685,0.12501436583786685
2025-11-28,TER,TERRACOM LTD ORDINARY,-0.0172413793103448,0.0869999974966049,0.10439999699592588,True,2025-12-04,STOPPED,0.11483999669551848,0.0659999996423721,0.24137929262644298,-0.32000000000000006,0.24137929262644298
2025-11-28,STX,STRIKE ENERGY LTD ORDINARY,-0.0172413793103448,0.1099999994039535,0.13199999928474418,False,,NOT_TRIGGERED,,0.1099999994039535,-0.0,-0.0,-0.0
2025-11-28,TTT,TITOMIC LIMITED ORDINARY,-0.0172413793103448,0.209999993443489,0.25199999213218677,True,2026-01-02,STOPPED,0.27719999134540546,0.2450000047683715,-0.16666672579826058,-0.32000000000000006,-0.16666672579826058
2025-11-28,SPL,STARPHARMA HOLDINGS ORDINARY,-0.0172413793103448,0.4050000011920929,0.4860000014305115,False,,NOT_TRIGGERED,,0.3650000095367431,0.09876541120398086,0.09876541120398086,0.09876541120398086
2025-11-28,SLX,SILEX SYSTEMS ORDINARY,-0.0172413793103448,8.609999656677246,10.331999588012694,False,,NOT_TRIGGERED,,8.90999984741211,-0.03484322911699622,-0.03484322911699622,-0.03484322911699622
2025-11-28,SHV,SELECT HARVESTS ORDINARY,-0.0172413793103448,4.489999771118164,5.387999725341797,False,,NOT_TRIGGERED,,4.929999828338623,-0.09799556339640603,-0.09799556339640603,-0.09799556339640603
2025-11-28,RSG,RESOLUTE MINING ORDINARY,-0.0172413793103448,1.1299999952316284,1.3559999942779541,False,,NOT_TRIGGERED,,1.2350000143051147,-0.09292037125359753,-0.09292037125359753,-0.09292037125359753
2025-11-28,RFG,RETAIL FOOD GROUP ORDINARY,-0.0172413793103448,1.590000033378601,1.9080000400543211,False,,NOT_TRIGGERED,,1.4850000143051147,0.06603774645864069,0.06603774645864069,0.06603774645864069
2025-11-28,SRL,SUNRISE ORDINARY,-0.0172413793103448,6.619999885559082,7.943999862670898,True,2025-12-05,STOPPED,8.738399848937988,7.849999904632568,-0.18580061032276118,-0.31999999999999984,-0.18580061032276118
2025-12-24,ASL,ANDEAN SILVER ORDINARY,-0.0169491525423728,2.450000047683716,2.940000057220459,False,,NOT_TRIGGERED,,2.4800000190734863,-0.012244886043219827,-0.012244886043219827,-0.012244886043219827
2025-12-24,BET,BETMAKERS TECH GROUP ORDINARY,-0.0169491525423728,0.1800000071525573,0.21600000858306875,False,,NOT_TRIGGERED,,0.2000000029802322,-0.11111108351636956,-0.11111108351636956,-0.11111108351636956
2025-12-24,BBN,BABY BUNTING GRP LTD ORDINARY,-0.0169491525423728,2.4600000381469727,2.952000045776367,False,,NOT_TRIGGERED,,2.3499999046325684,0.0447155007352209,0.0447155007352209,0.0447155007352209
2025-12-24,BAP,BAPCOR LIMITED ORDINARY,-0.0169491525423728,2.0999999046325684,2.519999885559082,False,,NOT_TRIGGERED,,2.1700000762939453,-0.033333416590618725,-0.033333416590618725,-0.033333416590618725
2025-12-24,ASG,AUTOSPORTS GRP LTD. ORDINARY,-0.0169491525423728,3.81806755065918,4.581681060791016,False,,NOT_TRIGGERED,,3.81806755065918,-0.0,-0.0,-0.0
2025-12-24,LYC,LYNAS RARE EARTHS ORDINARY,-0.0169491525423728,12.56999969482422,15.083999633789064,True,2026-01-07,STOPPED,16.592399597167972,16.200000762939453,-0.28878290821358643,-0.32000000000000006,-0.28878290821358643
2025-12-24,AIS,AERIS RESOURCES LTD ORDINARY,-0.0169491525423728,0.5450000166893005,0.6540000200271606,True,2026-01-06,STOPPED,0.7194000220298767,0.675000011920929,-0.23853209403797182,-0.32000000000000006,-0.23853209403797182
2025-12-24,ADH,ADAIRS LIMITED ORDINARY,-0.0169491525423728,1.724845051765442,2.0698140621185304,False,,NOT_TRIGGERED,,1.7054648399353027,0.011235914675525649,0.011235914675525649,0.011235914675525649
2025-12-24,AD8,AUDINATEGROUPLTD ORDINARY,-0.0169491525423728,4.150000095367432,4.980000114440918,False,,NOT_TRIGGERED,,4.369999885559082,-0.053011996418321106,-0.053011996418321106,-0.053011996418321106
2025-12-24,4DX,4DMEDICAL LIMITED ORDINARY,-0.0169491525423728,3.829999923706055,4.595999908447266,True,2026-01-02,STOPPED,5.055599899291993,3.549999952316284,0.07310704359462028,-0.32000000000000006,0.07310704359462028
2025-12-24,BMN,BANNERMAN ENERGY LTD ORDINARY,-0.0169491525423728,3.609999895095825,4.33199987411499,True,2026-01-28,STOPPED,4.765199861526489,4.730000019073486,-0.31024935083770444,-0.32000000000000006,-0.30000000000000004
2025-12-24,ARU,ARAFURA RARE EARTHS ORDINARY,-0.0169491525423728,0.2599999904632568,0.3119999885559081,True,2026-01-12,STOPPED,0.34319998741149893,0.2649999856948852,-0.0192307515962582,-0.31999999999999984,-0.0192307515962582
2025-12-24,BOT,BOTANIX PHARMA LTD ORDINARY,-0.0169491525423728,0.1199999973177909,0.1439999967813491,True,2026-01-08,STOPPED,0.15839999645948402,0.1199999973177909,-0.0,-0.3200000000000003,-0.0
2025-12-24,IMM,IMMUTEP LTD ORDINARY,-0.0169491525423728,0.4149999916553497,0.4979999899864196,False,,NOT_TRIGGERED,,0.4399999976158142,-0.060240979429287744,-0.060240979429287744,-0.060240979429287744
2025-12-24,CLV,CLOVER CORPORATION ORDINARY,-0.0169491525423728,0.8065544366836548,0.9678653240203857,False,,NOT_TRIGGERED,,0.7570725083351135,0.06134976896537603,0.06134976896537603,0.06134976896537603
2025-12-24,BRN,BRAINCHIP LTD ORDINARY,-0.0169491525423728,0.1749999970197677,0.20999999642372125,False,,NOT_TRIGGERED,,0.1650000065565109,0.05714280362031787,0.05714280362031787,0.05714280362031787
2025-12-24,KGN,KOGAN.COM LTD ORDINARY,-0.0169491525423728,3.420373916625977,4.104448699951172,False,,NOT_TRIGGERED,,3.773191928863525,-0.10315188363545502,-0.10315188363545502,-0.10315188363545502
2025-12-24,IXR,IONIC RARE EARTHS ORDINARY,-0.0169491525423728,0.375,0.44999999999999996,True,2026-01-02,STOPPED,0.495,0.5450000166893005,-0.45333337783813477,-0.32000000000000006,-0.30000000000000004
2025-12-24,IMU,IMUGENE LIMITED ORDINARY,-0.0169491525423728,0.324999988079071,0.3899999856948852,True,2026-01-02,STOPPED,0.42899998426437375,0.3199999928474426,0.015384601277006471,-0.32000000000000006,0.015384601277006471
2025-12-24,ILU,ILUKA RESOURCES ORDINARY,-0.0169491525423728,5.802841663360596,6.9634099960327145,True,2026-01-15,STOPPED,7.659750995635987,6.429906845092773,-0.10806174252375267,-0.32000000000000006,-0.10806174252375267
2025-12-24,LIC,LIFESTYLE COMMUNIT. ORDINARY,-0.0169491525423728,5.360000133514404,6.432000160217285,False,,NOT_TRIGGERED,,5.539999961853027,-0.033582056689353434,-0.033582056689353434,-0.033582056689353434
2025-12-24,EMR,EMERALD RES NL ORDINARY,-0.0169491525423728,6.440000057220459,7.72800006866455,True,2026-01-21,STOPPED,8.500800075531005,7.880000114440918,-0.22360249137046928,-0.31999999999999984,-0.22360249137046928
2025-12-24,EML,EML PAYMENTS LTD ORDINARY,-0.0169491525423728,0.8949999809265137,1.0739999771118163,False,,NOT_TRIGGERED,,0.8399999737739563,0.06145252326778905,0.06145252326778905,0.06145252326778905
2025-12-24,EGR,ECOGRAF LIMITED ORDINARY,-0.0169491525423728,0.395000010728836,0.4740000128746032,False,,NOT_TRIGGERED,,0.3899999856948852,0.01265829088137238,0.01265829088137238,0.01265829088137238
2025-12-24,DUB,DUBBER CORP LTD ORDINARY,-0.0169491525423728,0.0170000009238719,0.02040000110864628,False,,NOT_TRIGGERED,,0.0179999992251396,-0.058823426289552394,-0.058823426289552394,-0.058823426289552394
2025-12-24,CXO,CORE LITHIUM ORDINARY,-0.0169491525423728,0.2849999964237213,0.34199999570846557,True,2026-01-08,STOPPED,0.37619999527931214,0.270000010728836,0.052631529414422173,-0.32000000000000006,0.052631529414422173
2025-12-24,LKE,LAKE RESOURCES ORDINARY,-0.0169491525423728,0.1199999973177909,0.1439999967813491,True,2025-12-29,STOPPED,0.15839999645948402,0.1000000014901161,0.16666663562257966,-0.3200000000000003,0.16666663562257966
2025-12-24,ASM,AUSSTRATMATERIALS ORDINARY,-0.0169491525423728,0.6650000214576721,0.7980000257492065,True,2026-01-12,STOPPED,0.8778000283241272,1.7549999952316284,-1.6390976520341898,-0.32000000000000006,-0.30000000000000004
2025-12-24,HLS,HEALIUS ORDINARY,-0.0169491525423728,0.9350000023841858,1.1220000028610229,False,,NOT_TRIGGERED,,0.915000021457672,0.02139035387755639,0.02139035387755639,0.02139035387755639
2025-12-24,WGN,WAGNERS HLD COMPANY ORDINARY,-0.0169491525423728,3.5199999809265137,4.223999977111816,False,,NOT_TRIGGERED,,3.569999933242798,-0.014204531985003932,-0.014204531985003932,-0.014204531985003932
2025-12-24,REH,REECE LIMITED ORDINARY,-0.0169491525423728,13.0010404586792,15.601248550415038,False,,NOT_TRIGGERED,,13.778114318847656,-0.059770128601492,-0.059770128601492,-0.059770128601492
2025-12-24,LTR,LIONTOWN LIMITED ORDINARY,-0.0169491525423728,1.6699999570846558,2.003999948501587,True,2026-01-07,STOPPED,2.2043999433517456,2.140000104904175,-0.28143722149550565,-0.32000000000000006,-0.28143722149550565
2025-12-24,OFX,OFX GROUP LTD ORDINARY,-0.0169491525423728,0.4850000143051147,0.5820000171661376,False,,NOT_TRIGGERED,,0.4699999988079071,0.03092786609233178,0.03092786609233178,0.03092786609233178
2025-12-24,PNV,POLYNOVO LIMITED ORDINARY,-0.0169491525423728,1.284999966621399,1.5419999599456786,False,,NOT_TRIGGERED,,1.034999966621399,0.19455253423649144,0.19455253423649144,0.19455253423649144
2025-12-24,PEN,PENINSULA ENERGY LTD ORDINARY,-0.0169491525423728,0.6499999761581421,0.7799999713897705,True,2026-01-05,STOPPED,0.8579999685287476,1.0099999904632568,-0.55384619616898,-0.32000000000000006,-0.30000000000000004
2025-12-24,PAR,PARADIGM BIO. ORDINARY,-0.0169491525423728,0.3400000035762787,0.40800000429153443,False,,NOT_TRIGGERED,,0.3300000131130218,0.029411736347271566,0.029411736347271566,0.029411736347271566
2025-12-24,OCC,ORTHOCELL LIMITED ORDINARY,-0.0169491525423728,1.100000023841858,1.3200000286102294,False,,NOT_TRIGGERED,,0.9049999713897704,0.1772727711141594,0.1772727711141594,0.1772727711141594
2025-12-24,MAQ,MACQUARIE TECHNOLOGY ORDINARY,-0.0169491525423728,68.91000366210938,82.69200439453125,False,,NOT_TRIGGERED,,69.45999908447266,-0.00798135819379886,-0.00798135819379886,-0.00798135819379886
2025-12-24,MYX,MAYNE PHARMA LTD ORDINARY,-0.0169491525423728,3.130000114440918,3.756000137329101,False,,NOT_TRIGGERED,,2.799999952316284,0.10543135784631708,0.10543135784631708,0.10543135784631708
2025-12-24,MSB,MESOBLAST LIMITED ORDINARY,-0.0169491525423728,2.900000095367432,3.4800001144409185,False,,NOT_TRIGGERED,,2.700000047683716,0.06896553141608641,0.06896553141608641,0.06896553141608641
2025-12-24,MIN,MINERAL RESOURCES. ORDINARY,-0.0169491525423728,55.97999954223633,67.17599945068359,False,,NOT_TRIGGERED,,63.40999984741211,-0.1327259800988374,-0.1327259800988374,-0.1327259800988374
2025-12-24,PWH,PWR HOLDINGS LIMITED ORDINARY,-0.0169491525423728,7.686939239501953,9.224327087402344,True,2026-01-12,STOPPED,10.146759796142579,9.651046752929688,-0.2555122984886493,-0.32000000000000006,-0.2555122984886493
2025-12-24,NEU,NEUREN PHARMACEUT. ORDINARY,-0.0169491525423728,19.690000534057617,23.62800064086914,False,,NOT_TRIGGERED,,17.100000381469727,0.1315388563909884,0.1315388563909884,0.1315388563909884
2025-12-24,QAN,QANTAS AIRWAYS ORDINARY,-0.0169491525423728,10.041098594665527,12.049318313598633,False,,NOT_TRIGGERED,,10.12900733947754,-0.00875489310091182,-0.00875489310091182,-0.00875489310091182
2025-12-24,MVF,MONASH IVF GROUP LTD ORDINARY,-0.0169491525423728,0.7219333052635193,0.8663199663162231,False,,NOT_TRIGGERED,,0.7121111154556274,0.01360539780652803,0.01360539780652803,0.01360539780652803
2025-12-24,RSG,RESOLUTE MINING ORDINARY,-0.0169491525423728,1.284999966621399,1.5419999599456786,False,,NOT_TRIGGERED,,1.4450000524520874,-0.12451368870566637,-0.12451368870566637,-0.12451368870566637
2025-12-24,SOL,SOUL PATTINSON (W.H) ORDINARY,-0.0169491525423728,35.93687438964844,43.12424926757812,False,,NOT_TRIGGERED,,37.77624130249024,-0.05118327467487349,-0.05118327467487349,-0.05118327467487349
2025-12-24,VUL,VULCAN ENERGY ORDINARY,-0.0169491525423728,4.449999809265137,5.339999771118164,False,,NOT_TRIGGERED,,4.320000171661377,0.029213402960848178,0.029213402960848178,0.029213402960848178
2025-12-24,TTT,TITOMIC LIMITED ORDINARY,-0.0169491525423728,0.209999993443489,0.25199999213218677,True,2026-01-02,STOPPED,0.27719999134540546,0.2599999904632568,-0.2380952313373419,-0.32000000000000006,-0.2380952313373419
2025-12-24,TLG,TALGA GROUP LTD ORDINARY,-0.0169491525423728,0.3700000047683716,0.4440000057220459,True,2026-01-23,STOPPED,0.4884000062942505,0.449999988079071,-0.21621616832351442,-0.32000000000000006,-0.21621616832351442
2025-12-24,TER,TERRACOM LTD ORDINARY,-0.0169491525423728,0.062169000506401,0.0746028006076812,False,,NOT_TRIGGERED,,0.0710000023245811,-0.14204831582053257,-0.14204831582053257,-0.14204831582053257
2025-12-24,SYR,SYRAH RESOURCES ORDINARY,-0.0169491525423728,0.3100000023841858,0.3720000028610229,False,,NOT_TRIGGERED,,0.270000010728836,0.12903223015391285,0.12903223015391285,0.12903223015391285
2025-12-24,MAD,MADER GROUP LIMITED ORDINARY,-0.0169491525423728,7.650000095367432,9.180000114440917,False,,NOT_TRIGGERED,,8.039999961853027,-0.05098037406846112,-0.05098037406846112,-0.05098037406846112
2025-12-24,SPL,STARPHARMA HOLDINGS ORDINARY,-0.0169491525423728,0.3849999904632568,0.4619999885559081,False,,NOT_TRIGGERED,,0.3400000035762787,0.11688308571860273,0.11688308571860273,0.11688308571860273
2025-12-24,SLX,SILEX SYSTEMS ORDINARY,-0.0169491525423728,8.619999885559082,10.343999862670898,False,,NOT_TRIGGERED,,7.679999828338623,0.10904873198376985,0.10904873198376985,0.10904873198376985
2025-12-24,SGR,THE STAR ENT GRP ORDINARY,-0.0169491525423728,0.1299999952316284,0.15599999427795405,True,2025-12-30,STOPPED,0.17159999370574947,0.1650000065565109,-0.26923086622057935,-0.31999999999999984,-0.26923086622057935
2025-12-24,SFR,SANDFIRE RESOURCES ORDINARY,-0.0169491525423728,17.8700008392334,21.44400100708008,False,,NOT_TRIGGERED,,20.25,-0.13318405422462765,-0.13318405422462765,-0.13318405422462765
2025-12-24,RWC,RELIANCE WORLDWIDE ORDINARY,-0.0169491525423728,3.777728080749512,4.533273696899414,False,,NOT_TRIGGERED,,3.80747389793396,-0.007873996367294467,-0.007873996367294467,-0.007873996367294467
2025-12-24,SRL,SUNRISE ORDINARY,-0.0169491525423728,7.760000228881836,9.312000274658203,True,2026-01-19,STOPPED,10.243200302124023,10.09000015258789,-0.30025771327094297,-0.32000000000000006,-0.30000000000000004
2026-01-30,BXB,BRAMBLES LIMITED ORDINARY,-0.0175438596491228,22.083616256713867,26.50033950805664,False,,NOT_TRIGGERED,,24.05536651611328,-0.08928566030484086,-0.08928566030484086,-0.08928566030484086
2026-01-30,BGA,BEGA CHEESE LTD ORDINARY,-0.0175438596491228,6.0422186851501465,7.250662422180175,False,,NOT_TRIGGERED,,6.059999942779541,-0.00294283582835142,-0.00294283582835142,-0.00294283582835142
2026-01-30,BBN,BABY BUNTING GRP LTD ORDINARY,-0.0175438596491228,2.390000104904175,2.86800012588501,False,,NOT_TRIGGERED,,2.0,0.16317995304850064,0.16317995304850064,0.16317995304850064
2026-01-30,BAP,BAPCOR LIMITED ORDINARY,-0.0175438596491228,2.140000104904175,2.5680001258850096,False,,NOT_TRIGGERED,,0.8100000023841858,0.6214953445432396,0.6214953445432396,0.6214953445432396
2026-01-30,ASG,AUTOSPORTS GRP LTD. ORDINARY,-0.0175438596491228,3.749537944793701,4.499445533752441,False,,NOT_TRIGGERED,,2.692226886749268,0.28198436010296357,0.28198436010296357,0.28198436010296357
2026-01-30,APE,EAGERS AUTOMOTIVE ORDINARY,-0.0175438596491228,26.210941314697266,31.453129577636716,False,,NOT_TRIGGERED,,21.75,0.17019386145418136,0.17019386145418136,0.17019386145418136
2026-01-30,APX,APPEN LIMITED ORDINARY,-0.0175438596491228,1.850000023841858,2.2200000286102295,False,,NOT_TRIGGERED,,1.7000000476837158,0.08108106714865881,0.08108106714865881,0.08108106714865881
2026-01-30,AGI,AINSWORTH GAME TECH. ORDINARY,-0.0175438596491228,1.034999966621399,1.2419999599456786,False,,NOT_TRIGGERED,,1.0499999523162842,-0.014492740269210325,-0.014492740269210325,-0.014492740269210325
2026-01-30,AD8,AUDINATEGROUPLTD ORDINARY,-0.0175438596491228,4.340000152587891,5.208000183105469,False,,NOT_TRIGGERED,,2.8499999046325684,0.34331801741224655,0.34331801741224655,0.34331801741224655
2026-01-30,ABY,ADORE BEAUTY ORDINARY,-0.0175438596491228,1.100000023841858,1.3200000286102294,False,,NOT_TRIGGERED,,0.395000010728836,0.6409090889386895,0.6409090889386895,0.6409090889386895
2026-01-30,CLV,CLOVER CORPORATION ORDINARY,-0.0175438596491228,0.7719171047210693,0.9263005256652832,False,,NOT_TRIGGERED,,0.7719171047210693,-0.0,-0.0,-0.0
2026-01-30,AQZ,ALLIANCE AVIATION ORDINARY,-0.0175438596491228,1.1349999904632568,1.3619999885559082,False,,NOT_TRIGGERED,,0.6650000214576721,0.41409689247111936,0.41409689247111936,0.41409689247111936
2026-01-30,ASB,AUSTAL LIMITED ORDINARY,-0.0175438596491228,6.980000019073486,8.376000022888183,False,,NOT_TRIGGERED,,5.269999980926514,0.24498567814817218,0.24498567814817218,0.24498567814817218
2026-01-30,LOT,LOTUS RESOURCES LTD ORDINARY,-0.0175438596491228,3.049999952316284,3.6599999427795407,False,,NOT_TRIGGERED,,1.8899999856948853,0.3803278638547032,0.3803278638547032,0.3803278638547032
2026-01-30,DEV,DEVEX RESOURCES LTD ORDINARY,-0.0175438596491228,0.2450000047683715,0.29400000572204577,False,,NOT_TRIGGERED,,0.2199999988079071,0.1020408386689623,0.1020408386689623,0.1020408386689623
2026-01-30,CXL,CALIX LIMITED ORDINARY,-0.0175438596491228,1.2699999809265137,1.5239999771118165,True,2026-02-03,STOPPED,1.6763999748229983,0.8600000143051147,0.32283462423541787,-0.3200000000000003,0.32283462423541787
2026-01-30,IMM,IMMUTEP LTD ORDINARY,-0.0175438596491228,0.395000010728836,0.4740000128746032,False,,NOT_TRIGGERED,,0.395000010728836,-0.0,-0.0,-0.0
2026-01-30,ILU,ILUKA RESOURCES ORDINARY,-0.0175438596491228,5.335031032562256,6.402037239074707,True,2026-02-27,STOPPED,7.042240962982178,6.369999885559082,-0.19399490774841133,-0.32000000000000006,-0.19399490774841133
2026-01-30,IEL,IDP EDUCATION LTD ORDINARY,-0.0175438596491228,6.265459060668945,7.518550872802734,False,,NOT_TRIGGERED,,4.639999866485596,0.2594317796100648,0.2594317796100648,0.2594317796100648
2026-01-30,IAG,INSURANCE AUSTRALIA ORDINARY,-0.0175438596491228,7.468398094177246,8.962077713012695,False,,NOT_TRIGGERED,,6.570000171661377,0.1202932558209916,0.1202932558209916,0.1202932558209916
2026-01-30,HLS,HEALIUS ORDINARY,-0.0175438596491228,0.8999999761581421,1.0799999713897706,False,,NOT_TRIGGERED,,0.6299999952316284,0.299999986754523,0.299999986754523,0.299999986754523
2026-01-30,ING,INGHAMS GROUP ORDINARY,-0.0175438596491228,2.449238538742065,2.939086246490478,False,,NOT_TRIGGERED,,1.9887816905975344,0.18800000116812732,0.18800000116812732,0.18800000116812732
2026-01-30,EML,EML PAYMENTS LTD ORDINARY,-0.0175438596491228,0.8199999928474426,0.9839999914169311,False,,NOT_TRIGGERED,,0.6150000095367432,0.249999981827852,0.249999981827852,0.249999981827852
2026-01-30,EBO,EBOS GROUP LTD ORDINARY,-0.0175438596491228,21.631101608276367,25.95732192993164,False,,NOT_TRIGGERED,,19.18000030517578,0.11331375292337209,0.11331375292337209,0.11331375292337209
2026-01-30,DUB,DUBBER CORP LTD ORDINARY,-0.0175438596491228,0.0179999992251396,0.02159999907016752,False,,NOT_TRIGGERED,,0.0130000002682209,0.277777731786537,0.277777731786537,0.277777731786537
2026-01-30,DMP,DOMINO PIZZA ENTERPR ORDINARY,-0.0175438596491228,22.553863525390625,27.06463623046875,False,,NOT_TRIGGERED,,19.06999969482422,0.15446860475343183,0.15446860475343183,0.15446860475343183
2026-01-30,HAS,HASTINGS TECH MET ORDINARY,-0.0175438596491228,0.5149999856948853,0.6179999828338623,False,,NOT_TRIGGERED,,0.4600000083446502,0.10679607549119452,0.10679607549119452,0.10679607549119452
2026-01-30,IPD,IMPEDIMED LIMITED ORDINARY,-0.0175438596491228,0.0230000000447034,0.02760000005364408,False,,NOT_TRIGGERED,,0.0160000007599592,0.30434779439733994,0.30434779439733994,0.30434779439733994
2026-01-30,RFG,RETAIL FOOD GROUP ORDINARY,-0.0175438596491228,1.4850000143051147,1.7820000171661377,False,,NOT_TRIGGERED,,1.100000023841858,0.2592592503397465,0.2592592503397465,0.2592592503397465
2026-01-30,LOV,LOVISA HOLDINGS LTD ORDINARY,-0.0175438596491228,30.240013122558597,36.28801574707032,False,,NOT_TRIGGERED,,21.959999084472656,0.27380986921295924,0.27380986921295924,0.27380986921295924
2026-01-30,CBA,COMMONWEALTH BANK. ORDINARY,-0.0175438596491228,147.38844299316406,176.86613159179686,True,2026-02-13,STOPPED,194.55274475097656,172.47000122070312,-0.17017316770693047,-0.32000000000000006,-0.17017316770693047
2026-01-30,PWH,PWR HOLDINGS LIMITED ORDINARY,-0.0175438596491228,9.282154083251951,11.138584899902341,False,,NOT_TRIGGERED,,9.800000190734863,-0.05578943237079814,-0.05578943237079814,-0.05578943237079814
2026-01-30,PLS,PLS GROUP LTD ORDINARY,-0.0175438596491228,4.289999961853027,5.147999954223633,True,2026-02-26,STOPPED,5.662799949645997,4.760000228881836,-0.10955717277577692,-0.3200000000000003,-0.10955717277577692
2026-01-30,PEN,PENINSULA ENERGY LTD ORDINARY,-0.0175438596491228,0.915000021457672,1.0980000257492064,False,,NOT_TRIGGERED,,0.6399999856948853,0.3005464801243267,0.3005464801243267,0.3005464801243267
2026-01-30,PDI,PREDICTIVE DISC LTD ORDINARY,-0.0175438596491228,0.8500000238418579,1.0200000286102295,False,,NOT_TRIGGERED,,0.915000021457672,-0.07647058328542733,-0.07647058328542733,-0.07647058328542733
2026-01-30,OFX,OFX GROUP LTD ORDINARY,-0.0175438596491228,0.5,0.6,True,2026-02-10,STOPPED,0.66,0.5799999833106995,-0.15999996662139893,-0.32000000000000006,-0.15999996662139893
2026-01-30,MYX,MAYNE PHARMA LTD ORDINARY,-0.0175438596491228,2.799999952316284,3.359999942779541,False,,NOT_TRIGGERED,,2.539999961853028,0.09285714103251064,0.09285714103251064,0.09285714103251064
2026-01-30,MYS,MYSTATE LIMITED ORDINARY,-0.0175438596491228,4.3668212890625,5.240185546875,False,,NOT_TRIGGERED,,4.380000114440918,-0.0030179447488329902,-0.0030179447488329902,-0.0030179447488329902
2026-01-30,MVF,MONASH IVF GROUP LTD ORDINARY,-0.0175438596491228,0.6924666166305542,0.8309599399566651,False,,NOT_TRIGGERED,,0.6600000262260437,0.046885423246088576,0.046885423246088576,0.046885423246088576
2026-01-30,MSB,MESOBLAST LIMITED ORDINARY,-0.0175438596491228,2.5299999713897705,3.0359999656677243,False,,NOT_TRIGGERED,,2.299999952316284,0.09090909947605397,0.09090909947605397,0.09090909947605397
2026-01-30,REH,REECE LIMITED ORDINARY,-0.0175438596491228,14.74447536468506,17.69337043762207,False,,NOT_TRIGGERED,,15.551435470581056,-0.054729658800120484,-0.054729658800120484,-0.054729658800120484
2026-01-30,OCC,ORTHOCELL LIMITED ORDINARY,-0.0175438596491228,0.9200000166893004,1.1040000200271605,False,,NOT_TRIGGERED,,0.8849999904632568,0.038043506077308775,0.038043506077308775,0.038043506077308775
2026-01-30,LTR,LIONTOWN LIMITED ORDINARY,-0.0175438596491228,1.8550000190734863,2.2260000228881833,False,,NOT_TRIGGERED,,1.559999942779541,0.15902968908932325,0.15902968908932325,0.15902968908932325
2026-01-30,NEC,NINE ENTERTAINMENT ORDINARY,-0.0175438596491228,1.0937312841415403,1.3124775409698484,False,,NOT_TRIGGERED,,0.959999978542328,0.12227071451483329,0.12227071451483329,0.12227071451483329
2026-01-30,RIC,RIDLEY CORPORATION ORDINARY,-0.0175438596491228,2.453296661376953,2.943955993652344,True,2026-03-05,STOPPED,3.2383515930175784,2.845824241638184,-0.16000004664781087,-0.32000000000000006,-0.16000004664781087
2026-01-30,RHC,RAMSAY HEALTH CARE ORDINARY,-0.0175438596491228,36.01289749145508,43.215476989746094,True,2026-02-26,STOPPED,47.537024688720706,44.095001220703125,-0.22442247895120682,-0.32000000000000006,-0.22442247895120682
2026-01-30,WHC,WHITEHAVEN COAL ORDINARY,-0.0175438596491228,8.785177230834961,10.542212677001952,False,,NOT_TRIGGERED,,8.479999542236328,0.034737795331833965,0.034737795331833965,0.034737795331833965
2026-01-30,WGN,WAGNERS HLD COMPANY ORDINARY,-0.0175438596491228,3.5799999237060547,4.295999908447265,True,2026-02-26,STOPPED,4.725599899291992,4.260000228881836,-0.18994422337077532,-0.31999999999999984,-0.18994422337077532
2026-01-30,VUL,VULCAN ENERGY ORDINARY,-0.0175438596491228,4.019999980926514,4.823999977111816,False,,NOT_TRIGGERED,,3.609999895095825,0.10199007158606832,0.10199007158606832,0.10199007158606832
2026-01-30,VEA,VIVA ENERGY GROUP ORDINARY,-0.0175438596491228,1.7648910284042358,2.117869234085083,True,2026-03-06,STOPPED,2.3296561574935915,2.05903959274292,-0.1666667004390887,-0.32000000000000006,-0.1666667004390887
2026-01-30,TLX,TELIX PHARMACEUTICAL ORDINARY,-0.0175438596491228,10.550000190734863,12.660000228881836,False,,NOT_TRIGGERED,,10.75,-0.018957327549697922,-0.018957327549697922,-0.018957327549697922
2026-01-30,WOW,WOOLWORTHS GROUP LTD ORDINARY,-0.0175438596491228,30.56268310546875,36.675219726562496,False,,NOT_TRIGGERED,,35.9900016784668,-0.17757991189022615,-0.17757991189022615,-0.17757991189022615
2026-01-30,SXL,STHN CROSS MEDIA ORDINARY,-0.0175438596491228,0.6399999856948853,0.7679999828338623,False,,NOT_TRIGGERED,,0.6299999952316284,0.015624985448084439,0.015624985448084439,0.015624985448084439
2026-01-30,SOL,SOUL PATTINSON (W.H) ORDINARY,-0.0175438596491228,38.16191482543945,45.794297790527345,False,,NOT_TRIGGERED,,37.69712829589844,0.012179329356690971,0.012179329356690971,0.012179329356690971
2026-01-30,SHL,SONIC HEALTHCARE ORDINARY,-0.0175438596491228,22.51313591003418,27.015763092041016,False,,NOT_TRIGGERED,,22.799999237060547,-0.01274204216474839,-0.01274204216474839,-0.01274204216474839
2026-01-30,SGR,THE STAR ENT GRP ORDINARY,-0.0175438596491228,0.135000005364418,0.16200000643730159,False,,NOT_TRIGGERED,,0.125,0.07407411086706306,0.07407411086706306,0.07407411086706306
2026-01-30,TER,TERRACOM LTD ORDINARY,-0.0175438596491228,0.0649999976158142,0.07799999713897703,True,2026-03-06,STOPPED,0.08579999685287473,0.0890000015497207,-0.3692308432957143,-0.31999999999999984,-0.30000000000000004
2026-02-27,BUB,BUBS AUST LTD ORDINARY,-0.0172413793103448,0.1199999973177909,0.1439999967813491,False,,NOT_TRIGGERED,,0.1099999994039535,0.08333331781128994,0.08333331781128994,0.08333331781128994
2026-02-27,BMN,BANNERMAN ENERGY LTD ORDINARY,-0.0172413793103448,4.650000095367432,5.580000114440918,False,,NOT_TRIGGERED,,3.75,0.1935484036363908,0.1935484036363908,0.1935484036363908
2026-02-27,BGA,BEGA CHEESE LTD ORDINARY,-0.0172413793103448,6.28000020980835,7.5360002517700195,False,,NOT_TRIGGERED,,6.019999980926514,0.041401308948327276,0.041401308948327276,0.041401308948327276
2026-02-27,BBN,BABY BUNTING GRP LTD ORDINARY,-0.0172413793103448,2.0,2.4,False,,NOT_TRIGGERED,,1.399999976158142,0.30000001192092896,0.30000001192092896,0.30000001192092896
2026-02-27,BAP,BAPCOR LIMITED ORDINARY,-0.0172413793103448,0.8700000047683716,1.0440000057220458,False,,NOT_TRIGGERED,,0.625,0.2816091993397175,0.2816091993397175,0.2816091993397175
2026-02-27,AX1,ACCENT GROUP LTD ORDINARY,-0.0172413793103448,1.1260360479354858,1.351243257522583,False,,NOT_TRIGGERED,,0.7149999737739563,0.36502923233686657,0.36502923233686657,0.36502923233686657
2026-02-27,AQZ,ALLIANCE AVIATION ORDINARY,-0.0172413793103448,0.675000011920929,0.8100000143051147,False,,NOT_TRIGGERED,,0.550000011920929,0.18518518191469724,0.18518518191469724,0.18518518191469724
2026-02-27,ASB,AUSTAL LIMITED ORDINARY,-0.0172413793103448,5.170000076293945,6.204000091552734,False,,NOT_TRIGGERED,,4.519999980926514,0.12572535508227234,0.12572535508227234,0.12572535508227234
2026-02-27,ANG,AUSTIN ENGINEERING ORDINARY,-0.0172413793103448,0.1969230771064758,0.23630769252777095,False,,NOT_TRIGGERED,,0.1650000065565109,0.1621093424855644,0.1621093424855644,0.1621093424855644
2026-02-27,AGI,AINSWORTH GAME TECH. ORDINARY,-0.0172413793103448,1.0499999523162842,1.259999942779541,False,,NOT_TRIGGERED,,1.0099999904632568,0.03809520349480777,0.03809520349480777,0.03809520349480777
2026-02-27,AD8,AUDINATEGROUPLTD ORDINARY,-0.0172413793103448,3.039999961853028,3.647999954223633,False,,NOT_TRIGGERED,,2.559999942779541,0.1578947450975965,0.1578947450975965,0.1578947450975965
2026-02-27,ASG,AUTOSPORTS GRP LTD. ORDINARY,-0.0172413793103448,3.083823680877685,3.700588417053222,False,,NOT_TRIGGERED,,2.447479009628296,0.20634923948319883,0.20634923948319883,0.20634923948319883
2026-02-27,BXB,BRAMBLES LIMITED ORDINARY,-0.0172413793103448,24.72576332092285,29.67091598510742,False,,NOT_TRIGGERED,,22.82999992370605,0.07667158229297666,0.07667158229297666,0.07667158229297666
2026-02-27,EOS,ELECTRO OPTIC SYS. ORDINARY,-0.0172413793103448,8.979999542236328,10.775999450683594,True,2026-03-10,STOPPED,11.853599395751955,9.0,-0.002227222581649535,-0.3200000000000003,-0.002227222581649535
2026-02-27,CCX,CITY CHIC COLLECTIVE ORDINARY,-0.0172413793103448,0.1099999994039535,0.13199999928474418,False,,NOT_TRIGGERED,,0.0850000008940696,0.22727271495771817,0.22727271495771817,0.22727271495771817
2026-02-27,CBA,COMMONWEALTH BANK. ORDINARY,-0.0172413793103448,174.6199951171875,209.543994140625,False,,NOT_TRIGGERED,,172.8000030517578,0.010422586853288451,0.010422586853288451,0.010422586853288451
2026-02-27,ING,INGHAMS GROUP ORDINARY,-0.0172413793103448,2.0181725025177,2.42180700302124,False,,NOT_TRIGGERED,,2.0199999809265137,-0.0009055114994054314,-0.0009055114994054314,-0.0009055114994054314
2026-02-27,IMM,IMMUTEP LTD ORDINARY,-0.0172413793103448,0.3849999904632568,0.4619999885559081,False,,NOT_TRIGGERED,,0.0439999997615814,0.8857142835026106,0.8857142835026106,0.8857142835026106
2026-02-27,ILU,ILUKA RESOURCES ORDINARY,-0.0172413793103448,6.718555927276611,8.062267112731933,False,,NOT_TRIGGERED,,6.75,-0.004680183221476009,-0.004680183221476009,-0.004680183221476009
2026-02-27,HLS,HEALIUS ORDINARY,-0.0172413793103448,0.6850000023841858,0.8220000028610229,False,,NOT_TRIGGERED,,0.5199999809265137,0.240875942895444,0.240875942895444,0.240875942895444
2026-02-27,IAG,INSURANCE AUSTRALIA ORDINARY,-0.0172413793103448,6.659999847412109,7.9919998168945305,False,,NOT_TRIGGERED,,7.28000020980835,-0.09309314963980886,-0.09309314963980886,-0.09309314963980886
2026-02-27,EML,EML PAYMENTS LTD ORDINARY,-0.0172413793103448,0.6449999809265137,0.7739999771118163,False,,NOT_TRIGGERED,,0.5450000166893005,0.15503870882843696,0.15503870882843696,0.15503870882843696
2026-02-27,EBO,EBOS GROUP LTD ORDINARY,-0.0172413793103448,19.59523200988769,23.51427841186523,False,,NOT_TRIGGERED,,19.209999084472656,0.01965952356270384,0.01965952356270384,0.01965952356270384
2026-02-27,DUB,DUBBER CORP LTD ORDINARY,-0.0172413793103448,0.0149999996647238,0.01799999959766856,False,,NOT_TRIGGERED,,0.0140000004321336,0.06666661699612864,0.06666661699612864,0.06666661699612864
2026-02-27,DMP,DOMINO PIZZA ENTERPR ORDINARY,-0.0172413793103448,20.06652069091797,24.07982482910156,False,,NOT_TRIGGERED,,15.979999542236328,0.20364871477351754,0.20364871477351754,0.20364871477351754
2026-02-27,CXL,CALIX LIMITED ORDINARY,-0.0172413793103448,1.1150000095367432,1.3380000114440918,False,,NOT_TRIGGERED,,0.7400000095367432,0.33632286707854275,0.33632286707854275,0.33632286707854275
2026-02-27,IPD,IMPEDIMED LIMITED ORDINARY,-0.0172413793103448,0.0170000009238719,0.02040000110864628,False,,NOT_TRIGGERED,,0.0154999997466802,0.0882353585690312,0.0882353585690312,0.0882353585690312
2026-02-27,ABB,AUSSIE BROADBAND ORDINARY,-0.0172413793103448,5.055319786071777,6.066383743286132,False,,NOT_TRIGGERED,,4.820000171661377,0.04654890775826759,0.04654890775826759,0.04654890775826759
2026-02-27,LOT,LOTUS RESOURCES LTD ORDINARY,-0.0172413793103448,2.190000057220459,2.6280000686645506,False,,NOT_TRIGGERED,,1.3600000143051147,0.37899544348358494,0.37899544348358494,0.37899544348358494
2026-02-27,LOV,LOVISA HOLDINGS LTD ORDINARY,-0.0172413793103448,23.35087203979492,28.0210464477539,False,,NOT_TRIGGERED,,21.0,0.1006759848535218,0.1006759848535218,0.1006759848535218
2026-02-27,RIC,RIDLEY CORPORATION ORDINARY,-0.0172413793103448,2.826198101043701,3.391437721252441,False,,NOT_TRIGGERED,,2.640000104904175,0.06588285374290093,0.06588285374290093,0.06588285374290093
2026-02-27,REH,REECE LIMITED ORDINARY,-0.0172413793103448,15.601248741149902,18.721498489379883,False,,NOT_TRIGGERED,,13.149999618530272,0.1571187770472634,0.1571187770472634,0.1571187770472634
2026-02-27,PWH,PWR HOLDINGS LIMITED ORDINARY,-0.0172413793103448,10.0,12.0,False,,NOT_TRIGGERED,,8.760000228881836,0.12399997711181643,0.12399997711181643,0.12399997711181643
2026-02-27,PEN,PENINSULA ENERGY LTD ORDINARY,-0.0172413793103448,0.75,0.8999999999999999,False,,NOT_TRIGGERED,,0.574999988079071,0.23333334922790527,0.23333334922790527,0.23333334922790527
2026-02-27,PDI,PREDICTIVE DISC LTD ORDINARY,-0.0172413793103448,0.9800000190734864,1.1760000228881837,False,,NOT_TRIGGERED,,0.8349999785423279,0.14795922215210244,0.14795922215210244,0.14795922215210244
2026-02-27,OFX,OFX GROUP LTD ORDINARY,-0.0172413793103448,0.6600000262260437,0.7920000314712524,False,,NOT_TRIGGERED,,0.5400000214576721,0.18181818181818177,0.18181818181818177,0.18181818181818177
2026-02-27,NEC,NINE ENTERTAINMENT ORDINARY,-0.0172413793103448,1.0077611207962036,1.2093133449554443,False,,NOT_TRIGGERED,,0.9649999737739564,0.04243182847584237,0.04243182847584237,0.04243182847584237
2026-02-27,NEU,NEUREN PHARMACEUT. ORDINARY,-0.0172413793103448,13.050000190734863,15.660000228881835,False,,NOT_TRIGGERED,,12.029999732971191,0.07816095347552898,0.07816095347552898,0.07816095347552898
2026-02-27,MYS,MYSTATE LIMITED ORDINARY,-0.0172413793103448,4.550000190734863,5.460000228881836,False,,NOT_TRIGGERED,,4.449999809265137,0.021978104896205664,0.021978104896205664,0.021978104896205664
2026-02-27,MVF,MONASH IVF GROUP LTD ORDINARY,-0.0172413793103448,0.6826444268226624,0.8191733121871948,False,,NOT_TRIGGERED,,0.6600000262260437,0.03317158934705733,0.03317158934705733,0.03317158934705733
2026-02-27,MSB,MESOBLAST LIMITED ORDINARY,-0.0172413793103448,2.240000009536743,2.6880000114440916,False,,NOT_TRIGGERED,,2.130000114440918,0.04910709581584971,0.04910709581584971,0.04910709581584971
2026-02-27,OCC,ORTHOCELL LIMITED ORDINARY,-0.0172413793103448,0.949999988079071,1.1399999856948853,False,,NOT_TRIGGERED,,0.8050000071525574,0.15263156078528806,0.15263156078528806,0.15263156078528806
2026-02-27,RHC,RAMSAY HEALTH CARE ORDINARY,-0.0172413793103448,42.65884017944336,51.19060821533203,False,,NOT_TRIGGERED,,38.91999816894531,0.08764518666636745,0.08764518666636745,0.08764518666636745
2026-02-27,WOW,WOOLWORTHS GROUP LTD ORDINARY,-0.0172413793103448,35.56097412109375,42.6731689453125,False,,NOT_TRIGGERED,,37.0099983215332,-0.04074759581965259,-0.04074759581965259,-0.04074759581965259
2026-02-27,RFG,RETAIL FOOD GROUP ORDINARY,-0.0172413793103448,1.0850000381469729,1.3020000457763674,False,,NOT_TRIGGERED,,0.9850000143051147,0.09216591735115887,0.09216591735115887,0.09216591735115887
2026-02-27,SGR,THE STAR ENT GRP ORDINARY,-0.0172413793103448,0.125,0.15,False,,NOT_TRIGGERED,,0.1150000020861625,0.07999998331070002,0.07999998331070002,0.07999998331070002
2026-02-27,SBM,ST BARBARA LIMITED ORDINARY,-0.0172413793103448,0.8299999833106995,0.9959999799728393,False,,NOT_TRIGGERED,,0.6349999904632568,0.23493975514267806,0.23493975514267806,0.23493975514267806
2026-02-27,LTR,LIONTOWN LIMITED ORDINARY,-0.0172413793103448,1.7050000429153442,2.046000051498413,False,,NOT_TRIGGERED,,1.6950000524520874,0.005865096898272193,0.005865096898272193,0.005865096898272193
2026-02-27,WGN,WAGNERS HLD COMPANY ORDINARY,-0.0172413793103448,4.639999866485596,5.567999839782715,False,,NOT_TRIGGERED,,4.079999923706055,0.12068964631322143,0.12068964631322143,0.12068964631322143
2026-02-27,WBT,WEEBIT NANO LTD ORDINARY,-0.0172413793103448,4.980000019073486,5.976000022888184,False,,NOT_TRIGGERED,,3.549999952316284,0.2871486066827865,0.2871486066827865,0.2871486066827865
2026-02-27,TLX,TELIX PHARMACEUTICAL ORDINARY,-0.0172413793103448,10.0,12.0,True,2026-03-18,STOPPED,13.200000000000001,12.949999809265137,-0.2949999809265136,-0.32000000000000006,-0.2949999809265136
2026-02-27,VUL,VULCAN ENERGY ORDINARY,-0.0172413793103448,3.740000009536743,4.488000011444091,False,,NOT_TRIGGERED,,3.2799999713897705,0.12299466229251443,0.12299466229251443,0.12299466229251443
2026-02-27,SXL,STHN CROSS MEDIA ORDINARY,-0.0172413793103448,0.6100000143051147,0.7320000171661377,False,,NOT_TRIGGERED,,0.5450000166893005,0.10655737064180126,0.10655737064180126,0.10655737064180126
2026-02-27,SUL,SUPER RET REP LTD ORDINARY,-0.0172413793103448,15.18584442138672,18.223013305664065,False,,NOT_TRIGGERED,,12.739999771118164,0.16106082628003182,0.16106082628003182,0.16106082628003182
2026-02-27,SLX,SILEX SYSTEMS ORDINARY,-0.0172413793103448,6.900000095367432,8.280000114440918,False,,NOT_TRIGGERED,,5.170000076293945,0.25072463698007563,0.25072463698007563,0.25072463698007563
2026-02-27,SHV,SELECT HARVESTS ORDINARY,-0.0172413793103448,4.03000020980835,4.836000251770019,False,,NOT_TRIGGERED,,3.910000085830689,0.02977670415142919,0.02977670415142919,0.02977670415142919
2026-02-27,SHL,SONIC HEALTHCARE ORDINARY,-0.0172413793103448,23.37638282775879,28.051659393310548,False,,NOT_TRIGGERED,,19.979999542236328,0.145291224504133,0.145291224504133,0.145291224504133
2026-02-27,TER,TERRACOM LTD ORDINARY,-0.0172413793103448,0.0659999996423721,0.07919999957084652,True,2026-03-06,STOPPED,0.08711999952793117,0.0920000001788139,-0.39393940420190177,-0.32000000000000006,-0.30000000000000004
2026-03-27,BGA,BEGA CHEESE LTD ORDINARY,-0.0175438596491228,5.889999866485596,7.067999839782715,False,,NOT_TRIGGERED,,5.579999923706055,0.052631570425571095,0.052631570425571095,0.052631570425571095
2026-03-27,CCX,CITY CHIC COLLECTIVE ORDINARY,-0.0175438596491228,0.0900000035762786,0.10800000429153432,False,,NOT_TRIGGERED,,0.0549999997019767,0.388888916483631,0.388888916483631,0.388888916483631
2026-03-27,CBA,COMMONWEALTH BANK. ORDINARY,-0.0175438596491228,173.6300048828125,208.356005859375,False,,NOT_TRIGGERED,,173.0399932861328,0.0033980969883511403,0.0033980969883511403,0.0033980969883511403
2026-03-27,BXB,BRAMBLES LIMITED ORDINARY,-0.0175438596491228,22.239999771118164,26.687999725341797,False,,NOT_TRIGGERED,,22.93000030517578,-0.03102520418879151,-0.03102520418879151,-0.03102520418879151
2026-03-27,BAP,BAPCOR LIMITED ORDINARY,-0.0175438596491228,0.6349999904632568,0.7619999885559082,False,,NOT_TRIGGERED,,0.574999988079071,0.09448819415007159,0.09448819415007159,0.09448819415007159
2026-03-27,AD8,AUDINATEGROUPLTD ORDINARY,-0.0175438596491228,2.549999952316284,3.059999942779541,False,,NOT_TRIGGERED,,2.470000028610229,0.031372519687064115,0.031372519687064115,0.031372519687064115
2026-03-27,AQZ,ALLIANCE AVIATION ORDINARY,-0.0175438596491228,0.6349999904632568,0.7619999885559082,False,,NOT_TRIGGERED,,0.6050000190734863,0.047244050142243865,0.047244050142243865,0.047244050142243865
2026-03-27,APE,EAGERS AUTOMOTIVE ORDINARY,-0.0175438596491228,22.18000030517578,26.616000366210937,False,,NOT_TRIGGERED,,24.88999938964844,-0.12218210311928046,-0.12218210311928046,-0.12218210311928046
2026-03-27,ALD,AMPOL LIMITED ORDINARY,-0.0175438596491228,33.790000915527344,40.54800109863281,False,,NOT_TRIGGERED,,35.81999969482422,-0.06007690808803856,-0.06007690808803856,-0.06007690808803856
2026-03-27,AGI,AINSWORTH GAME TECH. ORDINARY,-0.0175438596491228,1.190000057220459,1.4280000686645506,False,,NOT_TRIGGERED,,1.100000023841858,0.075630276513447,0.075630276513447,0.075630276513447
2026-03-27,COH,COCHLEAR LIMITED ORDINARY,-0.0175438596491228,170.22999572753906,204.27599487304687,False,,NOT_TRIGGERED,,98.7699966430664,0.4197850019267325,0.4197850019267325,0.4197850019267325
2026-03-27,ASB,AUSTAL LIMITED ORDINARY,-0.0175438596491228,4.809999942779541,5.771999931335449,False,,NOT_TRIGGERED,,4.210000038146973,0.12474010639714228,0.12474010639714228,0.12474010639714228
2026-03-27,BBN,BABY BUNTING GRP LTD ORDINARY,-0.0175438596491228,1.5,1.7999999999999998,False,,NOT_TRIGGERED,,1.4299999475479126,0.04666670163472497,0.04666670163472497,0.04666670163472497
2026-03-27,IAG,INSURANCE AUSTRALIA ORDINARY,-0.0175438596491228,7.429999828338623,8.915999794006348,False,,NOT_TRIGGERED,,7.659999847412109,-0.03095558874661708,-0.03095558874661708,-0.03095558874661708
2026-03-27,CXL,CALIX LIMITED ORDINARY,-0.0175438596491228,0.5350000262260437,0.6420000314712524,True,2026-03-31,STOPPED,0.7062000346183777,0.5299999713897705,0.009345896432088385,-0.31999999999999984,0.009345896432088385
2026-03-27,ING,INGHAMS GROUP ORDINARY,-0.0175438596491228,1.8799999952316284,2.255999994277954,False,,NOT_TRIGGERED,,1.8200000524520876,0.03191486326155468,0.03191486326155468,0.03191486326155468
2026-03-27,IMM,IMMUTEP LTD ORDINARY,-0.0175438596491228,0.0480000004172325,0.057600000500679,True,2026-04-15,STOPPED,0.0633600005507469,0.0610000006854534,-0.2708333365670923,-0.32000000000000006,-0.2708333365670923
2026-03-27,ILU,ILUKA RESOURCES ORDINARY,-0.0175438596491228,6.679999828338623,8.015999794006348,True,2026-04-17,STOPPED,8.817599773406982,8.359999656677246,-0.25149698675313514,-0.32000000000000006,-0.25149698675313514
2026-03-27,HLS,HEALIUS ORDINARY,-0.0175438596491228,0.5600000023841858,0.6720000028610229,False,,NOT_TRIGGERED,,0.4950000047683716,0.11607142381978275,0.11607142381978275,0.11607142381978275
2026-03-27,IXR,IONIC RARE EARTHS ORDINARY,-0.0175438596491228,0.2949999868869781,0.3539999842643737,False,,NOT_TRIGGERED,,0.2899999916553497,0.016949137131806236,0.016949137131806236,0.016949137131806236
2026-03-27,LOV,LOVISA HOLDINGS LTD ORDINARY,-0.0175438596491228,22.059999465942383,26.47199935913086,False,,NOT_TRIGGERED,,24.059999465942383,-0.09066183356385515,-0.09066183356385515,-0.09066183356385515
2026-03-27,EOS,ELECTRO OPTIC SYS. ORDINARY,-0.0175438596491228,8.460000038146973,10.152000045776367,True,2026-04-15,STOPPED,11.167200050354005,9.300000190734863,-0.09929079773052574,-0.32000000000000006,-0.09929079773052574
2026-03-27,EML,EML PAYMENTS LTD ORDINARY,-0.0175438596491228,0.574999988079071,0.6899999856948852,False,,NOT_TRIGGERED,,0.4199999868869781,0.2695652250531493,0.2695652250531493,0.2695652250531493
2026-03-27,EBO,EBOS GROUP LTD ORDINARY,-0.0175438596491228,18.979999542236328,22.775999450683592,False,,NOT_TRIGGERED,,17.420000076293945,0.08219175466632156,0.08219175466632156,0.08219175466632156
2026-03-27,DUB,DUBBER CORP LTD ORDINARY,-0.0175438596491228,0.0140000004321336,0.01680000051856032,False,,NOT_TRIGGERED,,0.0120000001043081,0.14285716186372288,0.14285716186372288,0.14285716186372288
2026-03-27,LOT,LOTUS RESOURCES LTD ORDINARY,-0.0175438596491228,1.225000023841858,1.4700000286102295,True,2026-04-02,STOPPED,1.6170000314712525,0.8999999761581421,0.26530615621087683,-0.32000000000000006,0.26530615621087683
2026-03-27,GEM,G8 EDUCATION LIMITED ORDINARY,-0.0175438596491228,0.2349999994039535,0.2819999992847442,False,,NOT_TRIGGERED,,0.1800000071525573,0.23404252081232524,0.23404252081232524,0.23404252081232524
2026-03-27,RHC,RAMSAY HEALTH CARE ORDINARY,-0.0175438596491228,40.209999084472656,48.25199890136719,False,,NOT_TRIGGERED,,38.27000045776367,0.04824667174534025,0.04824667174534025,0.04824667174534025
2026-03-27,DEV,DEVEX RESOURCES LTD ORDINARY,-0.0175438596491228,0.1500000059604644,0.18000000715255726,True,2026-04-02,STOPPED,0.198000007867813,0.1949999928474426,-0.2999999006589298,-0.32000000000000006,-0.2999999006589298
2026-03-27,WOW,WOOLWORTHS GROUP LTD ORDINARY,-0.0175438596491228,36.25,43.5,False,,NOT_TRIGGERED,,34.150001525878906,0.057930992389547464,0.057930992389547464,0.057930992389547464
2026-03-27,OFX,OFX GROUP LTD ORDINARY,-0.0175438596491228,0.5600000023841858,0.6720000028610229,False,,NOT_TRIGGERED,,0.4900000095367431,0.12499998669539192,0.12499998669539192,0.12499998669539192
2026-03-27,PRN,PERENTI LIMITED ORDINARY,-0.0175438596491228,1.909999966621399,2.2919999599456786,False,,NOT_TRIGGERED,,1.8899999856948853,0.01047119438535471,0.01047119438535471,0.01047119438535471
2026-03-27,PPK,PPK GROUP LIMITED ORDINARY,-0.0175438596491228,0.3350000083446502,0.40200001001358027,True,2026-04-20,STOPPED,0.44220001101493833,0.3499999940395355,-0.044776075585804875,-0.32000000000000006,-0.044776075585804875
2026-03-27,PEN,PENINSULA ENERGY LTD ORDINARY,-0.0175438596491228,0.5400000214576721,0.6480000257492066,True,2026-03-31,STOPPED,0.7128000283241273,0.4199999868869781,0.22222227741170608,-0.32000000000000006,0.22222227741170608
2026-03-27,OCC,ORTHOCELL LIMITED ORDINARY,-0.0175438596491228,0.75,0.8999999999999999,True,2026-04-15,STOPPED,0.99,0.8999999761581421,-0.1999999682108562,-0.32000000000000006,-0.1999999682108562
2026-03-27,MVF,MONASH IVF GROUP LTD ORDINARY,-0.0175438596491228,0.6349999904632568,0.7619999885559082,True,2026-04-13,STOPPED,0.8381999874114991,0.7350000143051147,-0.15748035487198053,-0.3200000000000003,-0.15748035487198053
2026-03-27,NEC,NINE ENTERTAINMENT ORDINARY,-0.0175438596491228,0.8999999761581421,1.0799999713897706,False,,NOT_TRIGGERED,,0.9350000023841858,-0.038888919059141935,-0.038888919059141935,-0.038888919059141935
2026-03-27,MYX,MAYNE PHARMA LTD ORDINARY,-0.0175438596491228,2.2799999713897705,2.7359999656677245,True,2026-04-28,STOPPED,3.009599962234497,2.7799999713897705,-0.21929824836586542,-0.32000000000000006,-0.21929824836586542
2026-03-27,MYS,MYSTATE LIMITED ORDINARY,-0.0175438596491228,4.420000076293945,5.3040000915527346,False,,NOT_TRIGGERED,,4.679999828338623,-0.05882347229791929,-0.05882347229791929,-0.05882347229791929
2026-03-27,PWH,PWR HOLDINGS LIMITED ORDINARY,-0.0175438596491228,8.829999923706055,10.595999908447265,False,,NOT_TRIGGERED,,8.5,0.03737258511408348,0.03737258511408348,0.03737258511408348
2026-03-27,NEU,NEUREN PHARMACEUT. ORDINARY,-0.0175438596491228,11.779999732971191,14.13599967956543,False,,NOT_TRIGGERED,,12.470000267028809,-0.05857390065352597,-0.05857390065352597,-0.05857390065352597
2026-03-27,REH,REECE LIMITED ORDINARY,-0.0175438596491228,14.239999771118164,17.087999725341795,False,,NOT_TRIGGERED,,13.800000190734863,0.030898847433671772,0.030898847433671772,0.030898847433671772
2026-03-27,NAN,NANOSONICS LIMITED ORDINARY,-0.0175438596491228,3.700000047683716,4.440000057220459,False,,NOT_TRIGGERED,,3.359999895095825,0.09189193194760592,0.09189193194760592,0.09189193194760592
2026-03-27,RIC,RIDLEY CORPORATION ORDINARY,-0.0175438596491228,2.698626518249512,3.2383518218994145,False,,NOT_TRIGGERED,,2.75,-0.019036899475742164,-0.019036899475742164,-0.019036899475742164
2026-03-27,SUL,SUPER RET REP LTD ORDINARY,-0.0175438596491228,12.9399995803833,15.52799949645996,False,,NOT_TRIGGERED,,12.0600004196167,0.06800611972976078,0.06800611972976078,0.06800611972976078
2026-03-27,WBT,WEEBIT NANO LTD ORDINARY,-0.0175438596491228,3.819999933242798,4.583999919891357,False,,NOT_TRIGGERED,,4.159999847412109,-0.08900521468875677,-0.08900521468875677,-0.08900521468875677
2026-03-27,VUL,VULCAN ENERGY ORDINARY,-0.0175438596491228,3.2699999809265137,3.923999977111816,True,2026-04-27,STOPPED,4.316399974822998,3.880000114440918,-0.18654438442582744,-0.32000000000000006,-0.18654438442582744
2026-03-27,VEA,VIVA ENERGY GROUP ORDINARY,-0.0175438596491228,2.4800000190734863,2.9760000228881833,False,,NOT_TRIGGERED,,2.5,-0.008064508376086854,-0.008064508376086854,-0.008064508376086854
2026-03-27,TTT,TITOMIC LIMITED ORDINARY,-0.0175438596491228,0.2349999994039535,0.2819999992847442,True,2026-04-15,STOPPED,0.3101999992132186,0.270000010728836,-0.14893621878151242,-0.32000000000000006,-0.14893621878151242
2026-03-27,TLX,TELIX PHARMACEUTICAL ORDINARY,-0.0175438596491228,13.649999618530272,16.379999542236327,False,,NOT_TRIGGERED,,15.56999969482422,-0.14065935017957742,-0.14065935017957742,-0.14065935017957742
2026-03-27,MSB,MESOBLAST LIMITED ORDINARY,-0.0175438596491228,2.109999895095825,2.53199987411499,False,,NOT_TRIGGERED,,2.200000047683716,-0.04265410287321525,-0.04265410287321525,-0.04265410287321525
2026-03-27,LTR,LIONTOWN LIMITED ORDINARY,-0.0175438596491228,1.7649999856948853,2.117999982833862,True,2026-04-17,STOPPED,2.3297999811172483,2.640000104904175,-0.4957507797739724,-0.31999999999999984,-0.30000000000000004
2026-03-27,SXL,STHN CROSS MEDIA ORDINARY,-0.0175438596491228,0.550000011920929,0.6600000143051147,False,,NOT_TRIGGERED,,0.5950000286102295,-0.08181821038900261,-0.08181821038900261,-0.08181821038900261
2026-03-27,SHL,SONIC HEALTHCARE ORDINARY,-0.0175438596491228,20.6299991607666,24.75599899291992,False,,NOT_TRIGGERED,,19.959999084472656,0.03247698029809554,0.03247698029809554,0.03247698029809554
2026-03-27,SGR,THE STAR ENT GRP ORDINARY,-0.0175438596491228,0.125,0.15,False,,NOT_TRIGGERED,,0.1150000020861625,0.07999998331070002,0.07999998331070002,0.07999998331070002
2026-03-27,RWC,RELIANCE WORLDWIDE ORDINARY,-0.0175438596491228,3.109999895095825,3.7319998741149902,False,,NOT_TRIGGERED,,3.299999952316284,-0.06109326804803783,-0.06109326804803783,-0.06109326804803783
2026-03-27,TER,TERRACOM LTD ORDINARY,-0.0175438596491228,0.1000000014901161,0.12000000178813933,False,,NOT_TRIGGERED,,0.0689999982714653,0.31000002756714773,0.31000002756714773,0.31000002756714773
2026-04-24,BXB,BRAMBLES LIMITED ORDINARY,-0.0172413793103448,22.020000457763672,26.424000549316407,False,,NOT_TRIGGERED,,16.56999969482422,0.2475023001653902,0.2475023001653902,0.2475023001653902
2026-04-24,BGA,BEGA CHEESE LTD ORDINARY,-0.0172413793103448,5.869999885559082,7.043999862670899,False,,NOT_TRIGGERED,,5.519999980926514,0.059625197863054646,0.059625197863054646,0.059625197863054646
2026-04-24,BBN,BABY BUNTING GRP LTD ORDINARY,-0.0172413793103448,1.5499999523162842,1.8599999427795408,False,,NOT_TRIGGERED,,1.5950000286102295,-0.029032308179557154,-0.029032308179557154,-0.029032308179557154
2026-04-24,BAP,BAPCOR LIMITED ORDINARY,-0.0172413793103448,0.5600000023841858,0.6720000028610229,False,,NOT_TRIGGERED,,0.4250000119209289,0.24107141051517478,0.24107141051517478,0.24107141051517478
2026-04-24,IMM,IMMUTEP LTD ORDINARY,-0.0172413793103448,0.0700000002980232,0.08400000035762784,False,,NOT_TRIGGERED,,0.0529999993741512,0.24285715502135607,0.24285715502135607,0.24285715502135607
2026-04-24,CBA,COMMONWEALTH BANK. ORDINARY,-0.0172413793103448,174.49000549316406,209.38800659179688,False,,NOT_TRIGGERED,,165.02000427246094,0.0542724564306013,0.0542724564306013,0.0542724564306013
2026-04-24,AQZ,ALLIANCE AVIATION ORDINARY,-0.0172413793103448,0.6150000095367432,0.7380000114440918,False,,NOT_TRIGGERED,,0.5649999976158142,0.0813008311310306,0.0813008311310306,0.0813008311310306
2026-04-24,AMA,AMA GROUP LIMITED ORDINARY,-0.0172413793103448,0.5799999833106995,0.6959999799728394,False,,NOT_TRIGGERED,,0.5199999809265137,0.10344828294942288,0.10344828294942288,0.10344828294942288
2026-04-24,AGI,AINSWORTH GAME TECH. ORDINARY,-0.0172413793103448,1.0549999475479126,1.265999937057495,True,2026-05-08,STOPPED,1.3925999307632446,1.399999976158142,-0.3270142613865499,-0.32000000000000006,-0.30000000000000004
2026-04-24,AD8,AUDINATEGROUPLTD ORDINARY,-0.0172413793103448,2.609999895095825,3.13199987411499,False,,NOT_TRIGGERED,,2.1600000858306885,0.17241372695481094,0.17241372695481094,0.17241372695481094
2026-04-24,ASB,AUSTAL LIMITED ORDINARY,-0.0172413793103448,4.619999885559082,5.543999862670899,False,,NOT_TRIGGERED,,4.019999980926514,0.12987011244481017,0.12987011244481017,0.12987011244481017
2026-04-24,APE,EAGERS AUTOMOTIVE ORDINARY,-0.0172413793103448,23.26000022888184,27.912000274658208,False,,NOT_TRIGGERED,,20.88999938964844,0.10189169457920211,0.10189169457920211,0.10189169457920211
2026-04-24,EML,EML PAYMENTS LTD ORDINARY,-0.0172413793103448,0.3899999856948852,0.46799998283386224,False,,NOT_TRIGGERED,,0.3899999856948852,-0.0,-0.0,-0.0
2026-04-24,CLV,CLOVER CORPORATION ORDINARY,-0.0172413793103448,1.0399999618530271,1.2479999542236324,False,,NOT_TRIGGERED,,0.9049999713897704,0.1298076878990645,0.1298076878990645,0.1298076878990645
2026-04-24,HLS,HEALIUS ORDINARY,-0.0172413793103448,0.5299999713897705,0.6359999656677245,False,,NOT_TRIGGERED,,0.3400000035762787,0.3584905246603547,0.3584905246603547,0.3584905246603547
2026-04-24,GNC,GRAINCORP LIMITED A CLASS ORDINARY,-0.0172413793103448,6.400000095367432,7.680000114440918,False,,NOT_TRIGGERED,,4.929999828338623,0.22968753830064026,0.22968753830064026,0.22968753830064026
2026-04-24,GEM,G8 EDUCATION LIMITED ORDINARY,-0.0172413793103448,0.2399999946355819,0.28799999356269823,False,,NOT_TRIGGERED,,0.1500000059604644,0.374999961194892,0.374999961194892,0.374999961194892
2026-04-24,FML,FOCUS MINERALS LTD ORDINARY,-0.0172413793103448,2.5999999046325684,3.119999885559082,False,,NOT_TRIGGERED,,1.955000042915344,0.2480768789906458,0.2480768789906458,0.2480768789906458
2026-04-24,EOS,ELECTRO OPTIC SYS. ORDINARY,-0.0172413793103448,10.010000228881836,12.012000274658202,False,,NOT_TRIGGERED,,11.130000114440918,-0.11188809789709575,-0.11188809789709575,-0.11188809789709575
2026-04-24,IAG,INSURANCE AUSTRALIA ORDINARY,-0.0172413793103448,7.239999771118164,8.687999725341797,False,,NOT_TRIGGERED,,7.659999847412109,-0.05801106209552809,-0.05801106209552809,-0.05801106209552809
2026-04-24,EBO,EBOS GROUP LTD ORDINARY,-0.0172413793103448,17.450000762939453,20.940000915527342,False,,NOT_TRIGGERED,,16.290000915527344,0.06647563304843707,0.06647563304843707,0.06647563304843707
2026-04-24,DUB,DUBBER CORP LTD ORDINARY,-0.0172413793103448,0.0109999999403953,0.013199999928474359,False,,NOT_TRIGGERED,,0.0099999997764825,0.09090910630285542,0.09090910630285542,0.09090910630285542
2026-04-24,DMP,DOMINO PIZZA ENTERPR ORDINARY,-0.0172413793103448,17.8700008392334,21.44400100708008,False,,NOT_TRIGGERED,,17.989999771118164,-0.006715104994360566,-0.006715104994360566,-0.006715104994360566
2026-04-24,DEV,DEVEX RESOURCES LTD ORDINARY,-0.0172413793103448,0.2049999982118606,0.2459999978542327,False,,NOT_TRIGGERED,,0.2049999982118606,-0.0,-0.0,-0.0
2026-04-24,CXL,CALIX LIMITED ORDINARY,-0.0172413793103448,0.5899999737739563,0.7079999685287476,False,,NOT_TRIGGERED,,0.4850000143051147,0.1779660409087911,0.1779660409087911,0.1779660409087911
2026-04-24,ABY,ADORE BEAUTY ORDINARY,-0.0172413793103448,0.4149999916553497,0.4979999899864196,False,,NOT_TRIGGERED,,0.324999988079071,0.2168674828577397,0.2168674828577397,0.2168674828577397
2026-04-24,COH,COCHLEAR LIMITED ORDINARY,-0.0172413793103448,97.3499984741211,116.8199981689453,False,,NOT_TRIGGERED,,100.5,-0.03235748921676951,-0.03235748921676951,-0.03235748921676951
2026-04-24,ILU,ILUKA RESOURCES ORDINARY,-0.0172413793103448,7.619999885559082,9.143999862670897,False,,NOT_TRIGGERED,,7.900000095367432,-0.03674543490991211,-0.03674543490991211,-0.03674543490991211
2026-04-24,ASG,AUTOSPORTS GRP LTD. ORDINARY,-0.0172413793103448,2.3495800495147705,2.8194960594177245,False,,NOT_TRIGGERED,,1.9600000381469729,0.16580835858231457,0.16580835858231457,0.16580835858231457
2026-04-24,ING,INGHAMS GROUP ORDINARY,-0.0172413793103448,1.9800000190734863,2.3760000228881837,False,,NOT_TRIGGERED,,2.0899999141693115,-0.05555550203847881,-0.05555550203847881,-0.05555550203847881
2026-04-24,NXT,NEXTDC LIMITED ORDINARY,-0.0172413793103448,14.949999809265137,17.939999771118163,False,,NOT_TRIGGERED,,15.239999771118164,-0.019397991006882886,-0.019397991006882886,-0.019397991006882886
2026-04-24,NEC,NINE ENTERTAINMENT ORDINARY,-0.0172413793103448,0.9350000023841858,1.1220000028610229,False,,NOT_TRIGGERED,,0.9549999833106996,-0.02139035387755639,-0.02139035387755639,-0.02139035387755639
2026-04-24,NAN,NANOSONICS LIMITED ORDINARY,-0.0172413793103448,3.700000047683716,4.440000057220459,False,,NOT_TRIGGERED,,3.1600000858306885,0.14594593375507647,0.14594593375507647,0.14594593375507647
2026-04-24,MYX,MAYNE PHARMA LTD ORDINARY,-0.0172413793103448,2.569999933242798,3.0839999198913572,False,,NOT_TRIGGERED,,2.400000095367432,0.06614779855689012,0.06614779855689012,0.06614779855689012
2026-04-24,MYS,MYSTATE LIMITED ORDINARY,-0.0172413793103448,4.420000076293945,5.3040000915527346,False,,NOT_TRIGGERED,,4.460000038146973,-0.009049764968910745,-0.009049764968910745,-0.009049764968910745
2026-04-24,OCC,ORTHOCELL LIMITED ORDINARY,-0.0172413793103448,0.8700000047683716,1.0440000057220458,False,,NOT_TRIGGERED,,0.7649999856948853,0.12068967643447481,0.12068967643447481,0.12068967643447481
2026-04-24,MSB,MESOBLAST LIMITED ORDINARY,-0.0172413793103448,2.190000057220459,2.6280000686645506,False,,NOT_TRIGGERED,,2.140000104904175,0.02283102785839375,0.02283102785839375,0.02283102785839375
2026-04-24,PDI,PREDICTIVE DISC LTD ORDINARY,-0.0172413793103448,0.9549999833106996,1.1459999799728395,False,,NOT_TRIGGERED,,0.7400000095367432,0.22513086652485137,0.22513086652485137,0.22513086652485137
2026-04-24,LOV,LOVISA HOLDINGS LTD ORDINARY,-0.0172413793103448,23.709999084472656,28.451998901367187,False,,NOT_TRIGGERED,,23.21999931335449,0.02066637663596793,0.02066637663596793,0.02066637663596793
2026-04-24,LOT,LOTUS RESOURCES LTD ORDINARY,-0.0172413793103448,1.4850000143051147,1.7820000171661377,False,,NOT_TRIGGERED,,0.6299999952316284,0.575757583055359,0.575757583055359,0.575757583055359
2026-04-24,MVF,MONASH IVF GROUP LTD ORDINARY,-0.0172413793103448,0.7300000190734863,0.8760000228881836,False,,NOT_TRIGGERED,,0.7099999785423279,0.027397315080268658,0.027397315080268658,0.027397315080268658
2026-04-24,M7T,MACH7 TECH LIMITED ORDINARY,-0.0172413793103448,0.2800000011920929,0.33600000143051145,True,2026-05-20,STOPPED,0.36960000157356265,0.3300000131130218,-0.17857147038591115,-0.32000000000000006,-0.17857147038591115
2026-04-24,WOW,WOOLWORTHS GROUP LTD ORDINARY,-0.0172413793103448,37.88999938964844,45.46799926757812,False,,NOT_TRIGGERED,,35.22999954223633,0.07020321695066645,0.07020321695066645,0.07020321695066645
2026-04-24,LTR,LIONTOWN LIMITED ORDINARY,-0.0172413793103448,2.240000009536743,2.6880000114440916,False,,NOT_TRIGGERED,,2.4200000762939453,-0.08035717231734663,-0.08035717231734663,-0.08035717231734663
2026-04-24,PWH,PWR HOLDINGS LIMITED ORDINARY,-0.0172413793103448,9.130000114440918,10.9560001373291,False,,NOT_TRIGGERED,,9.4399995803833,-0.033953938889010216,-0.033953938889010216,-0.033953938889010216
2026-04-24,PRN,PERENTI LIMITED ORDINARY,-0.0172413793103448,1.899999976158142,2.2799999713897705,False,,NOT_TRIGGERED,,2.109999895095825,-0.11052627451201835,-0.11052627451201835,-0.11052627451201835
2026-04-24,IPD,IMPEDIMED LIMITED ORDINARY,-0.0172413793103448,0.0140000004321336,0.01680000051856032,False,,NOT_TRIGGERED,,0.0070000002160668,0.5,0.5,0.5
2026-04-24,VUL,VULCAN ENERGY ORDINARY,-0.0172413793103448,3.650000095367432,4.380000114440918,False,,NOT_TRIGGERED,,3.990000009536743,-0.09315065898240338,-0.09315065898240338,-0.09315065898240338
2026-04-24,TLX,TELIX PHARMACEUTICAL ORDINARY,-0.0172413793103448,14.899999618530272,17.879999542236327,False,,NOT_TRIGGERED,,13.029999732971191,0.12550335123723555,0.12550335123723555,0.12550335123723555
2026-04-24,SXL,STHN CROSS MEDIA ORDINARY,-0.0172413793103448,0.5699999928474426,0.6839999914169311,False,,NOT_TRIGGERED,,0.6150000095367432,-0.07894739869118661,-0.07894739869118661,-0.07894739869118661
2026-04-24,SLX,SILEX SYSTEMS ORDINARY,-0.0172413793103448,6.329999923706055,7.595999908447265,False,,NOT_TRIGGERED,,6.170000076293945,0.025276437494557435,0.025276437494557435,0.025276437494557435
2026-04-24,PEN,PENINSULA ENERGY LTD ORDINARY,-0.0172413793103448,0.5400000214576721,0.6480000257492066,False,,NOT_TRIGGERED,,0.4050000011920929,0.2500000275947418,0.2500000275947418,0.2500000275947418
2026-04-24,SBM,ST BARBARA LIMITED ORDINARY,-0.0172413793103448,0.6549999713897705,0.7859999656677246,False,,NOT_TRIGGERED,,0.574999988079071,0.1221373844352337,0.1221373844352337,0.1221373844352337
2026-04-24,RWC,RELIANCE WORLDWIDE ORDINARY,-0.0172413793103448,3.049999952316284,3.6599999427795407,False,,NOT_TRIGGERED,,3.1600000858306885,-0.03606561810955644,-0.03606561810955644,-0.03606561810955644
2026-04-24,RIC,RIDLEY CORPORATION ORDINARY,-0.0172413793103448,2.809999942779541,3.371999931335449,False,,NOT_TRIGGERED,,2.819999933242798,-0.0035587155398177917,-0.0035587155398177917,-0.0035587155398177917
2026-04-24,RHC,RAMSAY HEALTH CARE ORDINARY,-0.0172413793103448,39.9900016784668,47.98800201416015,False,,NOT_TRIGGERED,,37.09000015258789,0.0725181646451507,0.0725181646451507,0.0725181646451507
2026-04-24,REH,REECE LIMITED ORDINARY,-0.0172413793103448,13.6899995803833,16.42799949645996,False,,NOT_TRIGGERED,,13.800000190734863,-0.008035106919154655,-0.008035106919154655,-0.008035106919154655
2026-04-24,SHL,SONIC HEALTHCARE ORDINARY,-0.0172413793103448,20.32999992370605,24.395999908447262,False,,NOT_TRIGGERED,,19.520000457763672,0.03984257102715816,0.03984257102715816,0.03984257102715816
