Date,Ticker,Company,weight,entry_price,exit_price,trade_return,trade_return_capped,stop_triggered,pos_contrib_raw,pos_contrib,cost,pos_pnl_net,mktCap_AUDm,ShortPct,ShortPct_rk,mom_12w_rk,vol_4w_rk,log_mktcap_rk,pe_rk,fcf_yield_rk,roe_rk,debt_equity_rk,revenue_growth_yoy_rk
2023-06-26,A2M,THE A2 MILK COMPANY ORDINARY,-0.01639344262295082,4.773599624633789,4.978183269500732,-0.04285731124395209,-0.04285731124395209,False,-0.0007025788728516737,-0.0007025788728516737,0.00010308953341740226,-0.0008056684062690759,5489.038548,3.82,0.8693820224719101,0.2360655737704918,0.10491803278688525,0.8286516853932584,0.7793427230046949,0.4943820224719101,0.6685393258426966,0.33707865168539325,0.3202247191011236
2023-06-26,ABY,ADORE BEAUTY ORDINARY,-0.01639344262295082,0.824999988079071,0.949999988079071,-0.15151515370448654,-0.16,True,-0.0024838549787620746,-0.002622950819672131,0.00018505674653215636,-0.0028080075662042874,96.948231,1.03,0.547752808988764,0.49508196721311476,0.2459016393442623,0.06460674157303371,,0.5898876404494382,0.38202247191011235,0.19382022471910113,0.5421348314606742
2023-06-26,ADH,ADAIRS LIMITED ORDINARY,-0.01639344262295082,1.1522141695022583,1.4839121103286743,-0.2878787204723452,-0.16,True,-0.004719323286431889,-0.002622950819672131,0.00018505674653215636,-0.0028080075662042874,377.3682,3.47,0.8314606741573034,0.06229508196721312,0.8229508196721311,0.3089887640449438,0.2300469483568075,0.9353932584269663,0.8146067415730337,0.8820224719101124,0.36797752808988765
2023-06-26,AEF,AUSTRALIAN ETHICAL ORDINARY,-0.01639344262295082,2.8490331172943115,3.8672120571136475,-0.3573770110423591,-0.16,True,-0.005858639525284575,-0.002622950819672131,0.00018505674653215636,-0.0028080075662042874,435.81615,0.16,0.1896067415730337,0.6459016393442623,0.9147540983606557,0.34269662921348315,0.9812206572769953,0.6264044943820225,0.5674157303370787,0.17415730337078653,0.41853932584269665
2023-06-26,AKP,AUDIO PIXELS LTD ORDINARY,-0.01639344262295082,13.010000228881836,12.40999984741211,0.046118398994163146,0.046118398994163146,False,0.0007560393277731664,0.0007560393277731664,0.00010308953341740226,0.0006529497943557641,288.11238,0.0,0.02949438202247191,0.980327868852459,1.0,0.23595505617977527,,0.4101123595505618,0.0028089887640449437,0.9943820224719101,0.047752808988764044
2023-06-26,ALC,ALCIDION GROUP LTD ORDINARY,-0.01639344262295082,0.09399999678134918,0.125,-0.3297872795757544,-0.16,True,-0.00540634884550417,-0.002622950819672131,0.00018505674653215636,-0.0028080075662042874,183.870012,0.18,0.20224719101123595,0.15081967213114755,0.45901639344262296,0.1601123595505618,,0.3146067415730337,0.2612359550561798,0.19662921348314608,0.16573033707865167
2023-06-26,AMA,AMA GROUP LIMITED ORDINARY,-0.01639344262295082,0.8272609710693359,1.142408013343811,-0.3809523878143424,-0.16,True,-0.006245121111710531,-0.002622950819672131,0.00018505674653215636,-0.0028080075662042874,232.841012,7.87,0.9915730337078652,0.013114754098360656,0.8754098360655738,0.199438202247191,,0.29213483146067415,0.14606741573033707,0.952247191011236,0.3651685393258427
2023-06-26,ANG,AUSTIN ENGINEERING ORDINARY,-0.01639344262295082,0.24356061220169067,0.25734707713127136,-0.05660383591975959,-0.05660383591975959,False,-0.0009279317363895016,-0.0009279317363895016,0.00010308953341740226,-0.0010310212698069038,165.957043,0.1,0.16292134831460675,0.07213114754098361,0.5901639344262295,0.14606741573033707,,0.8623595505617978,0.3904494382022472,0.6657303370786517,0.19662921348314608
2023-06-26,APX,APPEN LIMITED ORDINARY,-0.01639344262295082,2.0735480785369873,2.064452886581421,0.00438629422182657,0.00438629422182657,False,7.190646265289459e-05,7.190646265289459e-05,0.00010308953341740226,-3.118307076450767e-05,225.527321,4.53,0.9157303370786517,0.21967213114754097,0.9868852459016394,0.19382022471910113,,0.1797752808988764,0.016853932584269662,0.29213483146067415,0.7556179775280899
2023-06-26,AQZ,ALLIANCE AVIATION ORDINARY,-0.01639344262295082,2.715625047683716,3.239000082015991,-0.19272728198566536,-0.16,True,-0.0031594636391092685,-0.002622950819672131,0.00018505674653215636,-0.0028080075662042874,502.948037,0.18,0.20224719101123595,0.19344262295081968,0.6622950819672131,0.3792134831460674,0.7934272300469484,0.19662921348314608,0.46629213483146065,0.7584269662921348,0.7584269662921348
2023-06-26,ARB,ARB CORPORATION. ORDINARY,-0.01639344262295082,25.56989288330078,28.91921615600586,-0.13098698879933357,-0.13098698879933357,False,-0.0021473276852349765,-0.0021473276852349765,0.00010308953341740226,-0.0022504172186523785,2102.39867,5.63,0.9410112359550562,0.31475409836065577,0.580327868852459,0.6713483146067416,0.6291079812206573,0.5337078651685393,0.7303370786516854,0.2696629213483146,0.38764044943820225
2023-06-26,ASM,AUSSTRATMATERIALS ORDINARY,-0.01639344262295082,1.1100000143051147,1.4900000095367432,-0.34234233363457833,-0.16,True,-0.005612169403845547,-0.002622950819672131,0.00018505674653215636,-0.0028080075662042874,214.542221,3.17,0.8061797752808989,0.2786885245901639,0.7245901639344262,0.1797752808988764,,0.08426966292134831,0.23595505617977527,0.30337078651685395,0.9325842696629213
2023-06-26,BET,BETMAKERS TECH GROUP ORDINARY,-0.01639344262295082,0.11500000208616257,0.15000000596046448,-0.3043478542555027,-0.16,True,-0.004989309086155782,-0.002622950819672131,0.00018505674653215636,-0.0028080075662042874,254.20621,4.85,0.9269662921348315,0.12459016393442623,0.9934426229508196,0.21348314606741572,,0.1404494382022472,0.16292134831460675,0.2050561797752809,0.24157303370786518
2023-06-26,ABB,AUSSIE BROADBAND ORDINARY,-0.01639344262295082,2.752781391143799,2.665545701980591,0.03169001702927121,0.03169001702927121,False,0.000519508475889692,0.000519508475889692,0.00010308953341740226,0.00041641894247228977,620.275802,4.58,0.9185393258426966,0.3704918032786885,0.15081967213114755,0.4297752808988764,0.7699530516431925,0.42696629213483145,0.5028089887640449,0.7696629213483146,0.7471910112359551
2023-06-26,FWD,FLEETWOOD LTD ORDINARY,-0.01639344262295082,1.7948675155639648,1.8199121952056885,-0.01395349763954834,-0.01395349763954834,False,-0.00022874586294341543,-0.00022874586294341543,0.00010308953341740226,-0.0003318353963608177,133.8847,1.01,0.5449438202247191,0.9967213114754099,0.6295081967213115,0.11235955056179775,,0.12359550561797752,0.37640449438202245,0.3960674157303371,0.21629213483146068
2023-06-26,EVN,EVOLUTION MINING LTD ORDINARY,-0.01639344262295082,3.151411771774292,3.480664014816284,-0.10447769662820616,-0.10447769662820616,False,-0.00171274912505256,-0.00171274912505256,0.00010308953341740226,-0.0018158386584699623,5467.704,0.77,0.46348314606741575,0.7672131147540984,0.6459016393442623,0.8258426966292135,0.704225352112676,0.3651685393258427,0.5056179775280899,0.6825842696629213,0.2443820224719101
2023-06-26,EOS,ELECTRO OPTIC SYS. ORDINARY,-0.01639344262295082,0.7900000214576721,1.2000000476837158,-0.5189873608731432,-0.16,True,-0.008507989522510546,-0.002622950819672131,0.00018505674653215636,-0.0028080075662042874,83.049462,1.35,0.6137640449438202,0.9934426229508196,0.4426229508196721,0.056179775280898875,,0.016853932584269662,0.21629213483146068,0.598314606741573,0.8932584269662921
2023-06-26,ELD,ELDERS LIMITED ORDINARY,-0.01639344262295082,5.2386393547058105,6.209704875946045,-0.18536598064685195,-0.16,True,-0.00303878656798118,-0.002622950819672131,0.00018505674653215636,-0.0028080075662042874,1330.0545,3.6,0.851123595505618,0.1377049180327869,0.24262295081967214,0.601123595505618,0.43661971830985913,0.15168539325842698,0.648876404494382,0.7528089887640449,0.15168539325842698
2023-06-26,BOQ,BANK OF QUEENSLAND. ORDINARY,-0.01639344262295082,4.470338821411133,5.065825939178467,-0.13320849751146135,-0.13320849751146135,False,-0.002183745860843629,-0.002183745860843629,0.00010308953341740226,-0.002286835394261031,4582.346535,5.65,0.9438202247191011,0.26229508196721313,0.32786885245901637,0.800561797752809,0.9906103286384976,0.9101123595505618,0.40168539325842695,0.9662921348314607,0.952247191011236
2023-06-26,DYL,DEEP YELLOW LIMITED ORDINARY,-0.01639344262295082,0.7200000286102295,0.6449999809265137,0.10416672875483579,0.10416672875483579,False,0.0017076512910628818,0.0017076512910628818,0.00010308953341740226,0.0016045617576454796,466.5864,4.59,0.9213483146067416,0.9245901639344263,0.8885245901639345,0.3651685393258427,,0.27247191011235955,0.34269662921348315,0.14325842696629212,0.14606741573033707
2023-06-26,DUB,DUBBER CORP LTD ORDINARY,-0.01639344262295082,0.17000000178813934,0.17499999701976776,-0.029411736347271455,-0.029411736347271455,False,-0.0004821596122503518,-0.0004821596122503518,0.00010308953341740226,-0.000585249145667754,240.56688,3.18,0.8089887640449438,0.4557377049180328,0.8590163934426229,0.2050561797752809,,0.09831460674157304,0.06460674157303371,0.3595505617977528,0.8848314606741573
2023-06-26,EGR,ECOGRAF LIMITED ORDINARY,-0.01639344262295082,0.13500000536441803,0.16500000655651093,-0.22222222222222232,-0.16,True,-0.0036429872495446283,-0.002622950819672131,0.00018505674653215636,-0.0028080075662042874,99.07336,0.81,0.4789325842696629,0.16721311475409836,0.9770491803278688,0.0702247191011236,,0.20224719101123595,0.21910112359550563,0.025280898876404494,0.3202247191011236
2023-06-26,CXL,CALIX LIMITED ORDINARY,-0.01639344262295082,3.819999933242798,4.170000076293945,-0.09162307569833716,-0.09162307569833716,False,-0.00150201763439897,-0.00150201763439897,0.00010308953341740226,-0.0016051071678163723,746.549147,3.49,0.8356741573033708,0.20327868852459016,0.5475409836065573,0.4691011235955056,,0.36235955056179775,0.199438202247191,0.13764044943820225,0.27247191011235955
2023-06-26,CTM,CENTAURUS METALS LTD ORDINARY,-0.01639344262295082,0.875,0.8450000286102295,0.034285681588309136,0.034285681588309136,False,0.0005620603539067072,0.0005620603539067072,0.00010308953341740226,0.0004589708204893049,478.35872,0.13,0.17696629213483145,0.4065573770491803,0.8360655737704918,0.3707865168539326,,0.22191011235955055,0.06179775280898876,0.18258426966292135,0.3202247191011236
2023-06-26,CCP,CREDIT CORP GROUP ORDINARY,-0.01639344262295082,16.834150314331055,20.931821823120117,-0.24341421647522532,-0.16,True,-0.0039903969913971365,-0.002622950819672131,0.00018505674653215636,-0.0028080075662042874,1275.8432,5.38,0.9325842696629213,0.8491803278688524,0.7672131147540984,0.5898876404494382,0.6009389671361502,0.11797752808988764,0.5561797752808989,0.6207865168539326,0.6938202247191011
2023-06-26,BUB,BUBS AUST LTD ORDINARY,-0.01639344262295082,0.1899999976158142,0.19499999284744263,-0.026315764707210976,-0.026315764707210976,False,-0.0004314059788067373,-0.0004314059788067373,0.00010308953341740226,-0.0005344955122241396,218.137298,2.47,0.75,0.21639344262295082,0.980327868852459,0.1853932584269663,,0.12078651685393259,0.07865168539325842,0.24157303370786518,0.0702247191011236
2023-06-26,BRN,BRAINCHIP LTD ORDINARY,-0.01639344262295082,0.33500000834465027,0.36000001430511475,-0.07462688160516184,-0.07462688160516184,False,-0.0012233915017239648,-0.0012233915017239648,0.00010308953341740226,-0.001326481035141367,874.983836,7.3,0.9803370786516854,0.10819672131147541,0.8655737704918033,0.4943820224719101,,0.449438202247191,0.0449438202247191,0.32303370786516855,0.014044943820224719
2023-06-26,CXO,CORE LITHIUM ORDINARY,-0.01639344262295082,0.9200000166893005,0.6399999856948853,0.3043478542555027,0.3043478542555027,False,0.004989309086155782,0.004989309086155782,0.00010308953341740226,0.00488621955273838,1818.444442,9.55,0.9943820224719101,0.7573770491803279,0.7049180327868853,0.651685393258427,,0.21067415730337077,0.27808988764044945,0.28651685393258425,0.3202247191011236
2023-06-26,HUM,HUMM GROUP LIMITED ORDINARY,-0.01639344262295082,0.37169259786605835,0.40304023027420044,-0.08433752134993666,-0.08433752134993666,False,-0.0013825823172120765,-0.0013825823172120765,0.00010308953341740226,-0.0014856718506294788,282.436842,2.31,0.7429775280898876,0.4098360655737705,0.05901639344262295,0.23314606741573032,0.568075117370892,0.0028089887640449437,0.43258426966292135,0.9803370786516854,0.6292134831460674
2023-06-26,GPR,GEOPACIFIC RESOURCES ORDINARY,-0.01639344262295082,0.01899999938905239,0.013000000268220901,0.3157894375664364,0.3157894375664364,False,0.0051768760256792855,0.0051768760256792855,0.00010308953341740226,0.0050737864922618834,18.181227,0.0,0.02949438202247191,0.19672131147540983,0.898360655737705,0.008426966292134831,,0.008426966292134831,0.033707865168539325,0.05898876404494382,0.3202247191011236
2023-06-26,BMN,BANNERMAN ENERGY LTD ORDINARY,-0.01639344262295082,1.5850000381469727,1.5049999952316284,0.05047321198103727,0.05047321198103727,False,0.0008274297046071684,0.0008274297046071684,0.00010308953341740226,0.0007243401711897661,269.19,1.17,0.5730337078651685,0.7967213114754098,0.819672131147541,0.21910112359550563,,0.3848314606741573,0.29775280898876405,0.05056179775280899,0.8567415730337079
2023-06-26,IDX,INTEGRAL DIAGNOSTICS ORDINARY,-0.01639344262295082,3.0094034671783447,2.81434965133667,0.0648147774032306,0.0648147774032306,False,0.0010625373344791903,0.0010625373344791903,0.00010308953341740226,0.0009594478010617881,681.288326,2.87,0.7865168539325843,0.8262295081967214,0.6196721311475409,0.44662921348314605,0.6103286384976526,0.6685393258426966,0.5702247191011236,0.8117977528089888,0.7668539325842697
2023-06-26,OCC,ORTHOCELL LIMITED ORDINARY,-0.01639344262295082,0.3425000011920929,0.38999998569488525,-0.13868608565683416,-0.13868608565683416,False,-0.0022735423878169534,-0.0022735423878169534,0.00010308953341740226,-0.002376631921234356,79.200246,0.07,0.13904494382022473,0.3737704918032787,0.4491803278688525,0.05337078651685393,,0.9719101123595506,0.03651685393258427,0.3061797752808989,0.6235955056179775
2023-06-26,KGN,KOGAN.COM LTD ORDINARY,-0.01639344262295082,4.507071495056152,5.6153669357299805,-0.2459014554993253,-0.16,True,-0.004031171401628284,-0.002622950819672131,0.00018505674653215636,-0.0028080075662042874,374.534681,2.03,0.7106741573033708,0.9377049180327869,0.8852459016393442,0.3061797752808989,,0.9550561797752809,0.14325842696629212,0.45224719101123595,0.199438202247191
2023-06-26,LIC,LIFESTYLE COMMUNIT. ORDINARY,-0.01639344262295082,14.493558883666992,17.12785530090332,-0.18175635386592015,-0.16,True,-0.0029796123584577075,-0.002622950819672131,0.00018505674653215636,-0.0028080075662042874,1997.2011,4.15,0.8890449438202247,0.40327868852459015,0.4819672131147541,0.6657303370786517,0.25821596244131456,0.38764044943820225,0.9269662921348315,0.7612359550561798,0.10393258426966293
2023-06-26,LKE,LAKE RESOURCES ORDINARY,-0.01639344262295082,0.29499998688697815,0.22499999403953552,0.23728812189493886,0.23728812189493886,False,0.0038899692113924405,0.0038899692113924405,0.00010308953341740226,0.003786879677975038,1099.1104,6.36,0.9662921348314607,0.07540983606557378,0.9180327868852459,0.5646067415730337,,0.21629213483146068,0.3595505617977528,0.12640449438202248,0.9578651685393258
2023-06-26,LOT,LOTUS RESOURCES LTD ORDINARY,-0.01639344262295082,2.012500047683716,2.4725000858306885,-0.22857144211072655,-0.16,True,-0.0037470728214873206,-0.002622950819672131,0.00018505674653215636,-0.0028080075662042874,272.369294,0.72,0.45365168539325845,0.3016393442622951,0.7278688524590164,0.2247191011235955,,0.37640449438202245,0.1404494382022472,0.025280898876404494,0.9971910112359551
2023-06-26,M7T,MACH7 TECH LIMITED ORDINARY,-0.01639344262295082,0.5550000071525574,0.824999988079071,-0.4864864458502549,-0.16,True,-0.007975187636889425,-0.002622950819672131,0.00018505674653215636,-0.0028080075662042874,136.272077,0.15,0.18258426966292135,0.4,0.9573770491803278,0.11797752808988764,,0.2752808988764045,0.3848314606741573,0.18820224719101122,0.8258426966292135
2023-06-26,MGX,MOUNT GIBSON IRON ORDINARY,-0.01639344262295082,0.4300000071525574,0.4699999988079071,-0.09302323486045516,-0.09302323486045516,False,-0.0015249710632861504,-0.0015249710632861504,0.00010308953341740226,-0.0016280605967035526,585.259835,0.57,0.37359550561797755,0.2,0.9475409836065574,0.41292134831460675,0.8028169014084507,0.06179775280898876,0.43820224719101125,0.3455056179775281,0.4353932584269663
2023-06-26,MNS,MAGNIS ENERGY TECH ORDINARY,-0.01639344262295082,0.13500000536441803,0.10499999672174454,0.22222227741170597,0.22222227741170597,False,0.003642988154290262,0.003642988154290262,0.00010308953341740226,0.0035398986208728597,359.022648,0.09,0.15168539325842698,0.02622950819672131,0.9639344262295082,0.29213483146067415,,0.05898876404494382,0.03089887640449438,0.9859550561797753,0.9466292134831461
2023-06-26,MP1,MEGAPORT LIMITED ORDINARY,-0.01639344262295082,6.900000095367432,10.199999809265137,-0.4782608214908983,-0.16,True,-0.007840341335916367,-0.002622950819672131,0.00018505674653215636,-0.0028080075662042874,998.021875,6.16,0.9606741573033708,0.9836065573770492,0.9344262295081968,0.5280898876404494,,0.398876404494382,0.1797752808988764,0.42696629213483145,0.12921348314606743
2023-06-26,MVP,MEDICAL DEVELOPMENTS ORDINARY,-0.01639344262295082,0.7900000214576721,1.1050000190734863,-0.3987341633669712,-0.16,True,-0.0065366256289667414,-0.002622950819672131,0.00018505674653215636,-0.0028080075662042874,123.321297,0.59,0.38342696629213485,0.1180327868852459,0.3737704918032787,0.09550561797752809,0.647887323943662,0.12640449438202248,0.49719101123595505,0.20224719101123595,0.5814606741573034
2023-06-26,NMT,NEOMETALS LTD ORDINARY,-0.01639344262295082,0.4915330111980438,0.47693300247192383,0.029703007516289626,0.029703007516289626,False,0.0004869345494473709,0.0004869345494473709,0.00010308953341740226,0.00038384501602996865,446.719158,3.06,0.7963483146067416,0.22950819672131148,0.9081967213114754,0.351123595505618,,0.300561797752809,0.17134831460674158,0.1404494382022472,0.3202247191011236
2023-06-26,NVX,NOVONIX LIMITED ORDINARY,-0.01639344262295082,0.9399999976158142,0.9300000071525574,0.01063828775385156,0.01063828775385156,False,0.00017439815989920592,0.00017439815989920592,0.00010308953341740226,7.130862648180365e-05,715.326056,5.93,0.9578651685393258,0.14426229508196722,0.9606557377049181,0.45224719101123595,,0.3202247191011236,0.1601123595505618,0.4410112359550562,0.09269662921348315
2023-06-26,OML,OOH!MEDIA LIMITED ORDINARY,-0.01639344262295082,1.0088293552398682,1.2344883680343628,-0.2236840270581142,-0.16,True,-0.0036669512632477737,-0.002622950819672131,0.00018505674653215636,-0.0028080075662042874,766.992454,0.93,0.5210674157303371,0.10163934426229508,0.4786885245901639,0.47752808988764045,0.4647887323943662,0.9241573033707865,0.5112359550561798,0.8202247191011236,0.6882022471910112
2023-06-26,PAR,PARADIGM BIO. ORDINARY,-0.01639344262295082,0.9045670032501221,0.8753880262374878,0.032257397083680694,0.032257397083680694,False,0.0005288097882570606,0.0005288097882570606,0.00010308953341740226,0.00042572025483965836,368.82318,1.44,0.6264044943820225,0.05901639344262295,0.8557377049180328,0.300561797752809,,0.24157303370786518,0.0702247191011236,0.11235955056179775,0.02247191011235955
2023-06-26,IXR,IONIC RARE EARTHS ORDINARY,-0.01639344262295082,0.6899999976158142,0.6600000262260437,0.04347821955569664,0.04347821955569664,False,0.0007127576976343712,0.0007127576976343712,0.00010308953341740226,0.000609668164216969,130.105962,0.17,0.1952247191011236,0.26557377049180325,0.9442622950819672,0.10674157303370786,,0.17696629213483145,0.2050561797752809,0.09831460674157304,0.0449438202247191
2023-06-26,ING,INGHAMS GROUP ORDINARY,-0.01639344262295082,2.217167854309082,2.351541757583618,-0.060606102967522,-0.060606102967522,False,-0.0009935426715987213,-0.0009935426715987213,0.00010308953341740226,-0.0010966322050161236,1063.062,2.88,0.7893258426966292,0.24262295081967214,0.2721311475409836,0.550561797752809,0.7370892018779343,0.9044943820224719,0.7921348314606742,0.9887640449438202,0.6741573033707865
2023-06-26,WBT,WEEBIT NANO LTD ORDINARY,-0.01639344262295082,6.940000057220459,6.199999809265137,0.10662827692420795,0.10662827692420795,False,0.001748004539741114,0.001748004539741114,0.00010308953341740226,0.0016449150063237118,564.332778,4.49,0.9129213483146067,0.9639344262295082,0.7704918032786885,0.398876404494382,,0.43258426966292135,0.047752808988764044,0.13202247191011235,0.3202247191011236
2023-06-26,WBC,WESTPAC BANKING CORP ORDINARY,-0.01639344262295082,17.732574462890625,19.15597915649414,-0.08027061702643956,-0.08027061702643956,False,-0.001315911754531796,-0.001315911754531796,0.00010308953341740226,-0.0014190012879491984,80432.815195,1.53,0.6404494382022472,0.5704918032786885,0.38688524590163936,0.9859550561797753,0.28169014084507044,0.16853932584269662,0.6320224719101124,0.9297752808988764,0.7050561797752809
2023-06-26,VUL,VULCAN ENERGY ORDINARY,-0.01639344262295082,3.7799999713897705,4.440000057220459,-0.17460319863125018,-0.16,True,-0.0028623475185450852,-0.002622950819672131,0.00018505674653215636,-0.0028080075662042874,602.684327,2.6,0.7640449438202247,0.07868852459016394,0.9377049180327869,0.42134831460674155,,0.19101123595505617,0.2247191011235955,0.1544943820224719,0.03089887640449438
2023-06-26,PBH,POINTSBET HOLDINGS ORDINARY,-0.01639344262295082,0.34198376536369324,0.34722888469696045,-0.015337334296232186,-0.015337334296232186,False,-0.00025143170977429813,-0.00025143170977429813,0.00010308953341740226,-0.0003545212431917004,455.260486,4.25,0.8960674157303371,0.9475409836065574,0.9508196721311475,0.3595505617977528,,0.03089887640449438,0.09550561797752809,0.199438202247191,0.6601123595505618
2023-06-26,TLG,TALGA GROUP LTD ORDINARY,-0.01639344262295082,1.4049999713897705,1.3300000429153442,0.053380733097267874,0.053380733097267874,False,0.0008750939852011127,0.0008750939852011127,0.00010308953341740226,0.0007720044517837104,443.497647,3.21,0.8132022471910112,0.26885245901639343,0.7311475409836066,0.34831460674157305,,0.25842696629213485,0.05056179775280899,0.25842696629213485,0.9859550561797753
2023-06-26,SRL,SUNRISE ORDINARY,-0.01639344262295082,0.9900000095367432,1.2599999904632568,-0.27272725083392313,-0.16,True,-0.004470938538261035,-0.002622950819672131,0.00018505674653215636,-0.0028080075662042874,172.911127,2.02,0.7050561797752809,0.022950819672131147,0.7016393442622951,0.1544943820224719,,0.33707865168539325,0.12359550561797752,0.14606741573033707,0.3202247191011236
2023-06-26,TPW,TEMPLE & WEBSTER LTD ORDINARY,-0.01639344262295082,5.110000133514404,6.599999904632568,-0.2915850747920463,-0.16,True,-0.004780083193312235,-0.002622950819672131,0.00018505674653215636,-0.0028080075662042874,566.798126,7.62,0.9831460674157303,0.9704918032786886,0.3081967213114754,0.40168539325842695,0.92018779342723,0.5730337078651685,0.5280898876404494,0.4691011235955056,0.547752808988764
2023-06-26,PPK,PPK GROUP LIMITED ORDINARY,-0.01639344262295082,1.5199999809265137,1.3799999952316284,0.09210525490240362,0.09210525490240362,False,0.0015099222115148136,0.0015099222115148136,0.00010308953341740226,0.0014068326780974113,127.61892,0.34,0.28651685393258425,0.9770491803278688,0.6754098360655738,0.10112359550561797,,0.18258426966292135,0.21067415730337077,0.27808988764044945,0.028089887640449437
2023-06-26,PNR,PANTORO LIMITED ORDINARY,-0.01639344262295082,1.2070000171661377,1.3600000143051147,-0.12676055920711504,-0.12676055920711504,False,-0.002078041954215001,-0.002078041954215001,0.00010308953341740226,-0.0021811314876324034,2636.59509,0.52,0.35814606741573035,0.9147540983606557,0.7081967213114754,0.7275280898876404,,0.37359550561797755,0.10674157303370786,0.5617977528089888,0.8623595505617978
2023-06-26,PET,PHOSLOCK ENV TEC LTD ORDINARY,-0.01639344262295082,0.013000000268220901,0.026000000536441803,-1.0,-0.16,True,-0.01639344262295082,-0.002622950819672131,0.00018505674653215636,-0.0028080075662042874,22.478058,0.0,0.02949438202247191,0.003278688524590164,0.8491803278688524,0.016853932584269662,,0.0898876404494382,0.09269662921348315,0.28370786516853935,0.8595505617977528
2023-06-26,PEN,PENINSULA ENERGY LTD ORDINARY,-0.01639344262295082,3.3113040924072266,1.7920000553131104,0.45882347096355747,0.45882347096355747,False,0.007521696245304221,0.007521696245304221,0.00010308953341740226,0.007418606711886819,351.326487,0.2,0.21348314606741572,0.8754098360655738,0.9540983606557377,0.27808988764044945,,0.4157303370786517,0.2808988764044944,0.047752808988764044,0.8707865168539326
2023-06-26,PDN,PALADIN ENERGY LTD ORDINARY,-0.01639344262295082,6.900000095367432,7.349999904632568,-0.06521736276022083,-0.06521736276022083,False,-0.0010691370944298497,-0.0010691370944298497,0.00010308953341740226,-0.001172226627847252,1141.513646,4.38,0.9058988764044944,0.7442622950819672,0.6065573770491803,0.5702247191011236,,0.5168539325842697,0.3960674157303371,0.4438202247191011,0.007022471910112359
2023-06-26,REG,REGIS HEALTHCARE LTD ORDINARY,-0.01639344262295082,1.9110997915267944,2.0567076206207275,-0.07619059441035558,-0.07619059441035558,False,-0.0012490261378746818,-0.0012490261378746818,0.00010308953341740226,-0.001352115671292084,568.64997,0.18,0.20224719101123595,0.7737704918032787,0.4721311475409836,0.4044943820224719,,0.8876404494382022,0.056179775280898875,0.9269662921348315,0.46629213483146065
2023-07-31,BMN,BANNERMAN ENERGY LTD ORDINARY,-0.01639344262295082,1.5049999952316284,2.2899999618530273,-0.5215946638595057,-0.16,True,-0.008550732194418128,-0.002622950819672131,0.00018505674653215636,-0.0028080075662042874,248.34315,0.98,0.5446927374301676,0.7508196721311475,0.7475409836065574,0.23743016759776536,,0.2877094972067039,0.3240223463687151,0.05307262569832402,0.994413407821229
2023-07-31,BBN,BABY BUNTING GRP LTD ORDINARY,-0.01639344262295082,1.6088097095489502,2.126037120819092,-0.32149694783676597,-0.16,True,-0.005270441767815836,-0.002622950819672131,0.00018505674653215636,-0.0028080075662042874,186.170954,4.95,0.9245810055865922,0.07868852459016394,0.7508196721311475,0.18994413407821228,0.3619047619047619,0.9497206703910615,0.7262569832402235,0.8966480446927374,0.611731843575419
2023-07-31,ASM,AUSSTRATMATERIALS ORDINARY,-0.01639344262295082,1.4900000095367432,1.9500000476837158,-0.30872485584076714,-0.16,True,-0.00506106321050438,-0.002622950819672131,0.00018505674653215636,-0.0028080075662042874,183.375749,2.97,0.8100558659217877,0.9245901639344263,0.9475409836065574,0.18156424581005587,,0.09497206703910614,0.20949720670391062,0.3100558659217877,0.20391061452513967
2023-07-31,ARB,ARB CORPORATION. ORDINARY,-0.01639344262295082,28.91921615600586,31.44280242919922,-0.08726330131424631,-0.08726330131424631,False,-0.0014305459231843658,-0.0014305459231843658,0.00010308953341740226,-0.001533635456601768,2346.1438,5.55,0.946927374301676,0.39672131147540984,0.5901639344262295,0.6983240223463687,0.7,0.5279329608938548,0.7318435754189944,0.276536312849162,0.35195530726256985
2023-07-31,AQZ,ALLIANCE AVIATION ORDINARY,-0.01639344262295082,3.239000082015991,3.317999839782715,-0.024390168498406917,-0.024390168498406917,False,-0.0003998388278427364,-0.0003998388278427364,0.00010308953341740226,-0.0005029283612601387,462.915927,0.11,0.18016759776536312,0.6721311475409836,0.9278688524590164,0.3715083798882682,0.17142857142857143,0.17318435754189945,0.7905027932960894,0.7905027932960894,0.7681564245810056
2023-07-31,HUM,HUMM GROUP LIMITED ORDINARY,-0.01639344262295082,0.40304023027420044,0.4078308343887329,-0.011886168562560862,-0.011886168562560862,False,-0.0001948552223370633,-0.0001948552223370633,0.00010308953341740226,-0.0002979447557544656,234.303345,2.15,0.7248603351955307,0.7147540983606557,0.49836065573770494,0.22625698324022347,,0.002793296089385475,0.3659217877094972,0.9804469273743017,0.6871508379888268
2023-07-31,ANG,AUSTIN ENGINEERING ORDINARY,-0.01639344262295082,0.25734707713127136,0.2481561154127121,0.035714265034652026,0.035714265034652026,False,0.0005854797546664266,0.0005854797546664266,0.00010308953341740226,0.0004823902212490244,160.418385,0.1,0.1717877094972067,0.4262295081967213,0.7540983606557377,0.16201117318435754,0.680952380952381,0.21787709497206703,0.4972067039106145,0.6424581005586593,0.8687150837988827
2023-07-31,AMA,AMA GROUP LIMITED ORDINARY,-0.01639344262295082,1.142408013343811,0.9454410076141357,0.1724138866578464,0.1724138866578464,False,0.002826457158325351,0.002826457158325351,0.00010308953341740226,0.002723367624907949,108.48135,6.95,0.9748603351955307,0.43278688524590164,0.9180327868852459,0.10614525139664804,,0.9217877094972067,0.002793296089385475,0.9916201117318436,0.5949720670391061
2023-07-31,ALC,ALCIDION GROUP LTD ORDINARY,-0.01639344262295082,0.125,0.11999999731779099,0.04000002145767212,0.04000002145767212,False,0.0006557380566831495,0.0006557380566831495,0.00010308953341740226,0.0005526485232657472,120.46656,0.12,0.19134078212290503,0.9475409836065574,0.8459016393442623,0.12011173184357542,,0.729050279329609,0.36312849162011174,0.19273743016759776,0.7374301675977654
2023-07-31,AEF,AUSTRALIAN ETHICAL ORDINARY,-0.01639344262295082,3.8672120571136475,4.119421482086182,-0.06521737656165016,-0.06521737656165016,False,-0.0010691373206827897,-0.0010691373206827897,0.00010308953341740226,-0.001172226854100192,379.05504,0.09,0.16061452513966482,0.9311475409836065,0.839344262295082,0.3268156424581006,0.7857142857142857,0.6368715083798883,0.9273743016759777,0.3128491620111732,0.8268156424581006
2023-07-31,ADH,ADAIRS LIMITED ORDINARY,-0.01639344262295082,1.4839121103286743,1.2395029067993164,0.16470598347985943,0.16470598347985943,False,0.0027000980898337613,0.0027000980898337613,0.00010308953341740226,0.0025970085564163588,273.323594,2.82,0.7946927374301676,0.08196721311475409,0.25573770491803277,0.2569832402234637,0.18571428571428572,0.9385474860335196,0.7737430167597765,0.8743016759776536,0.26536312849162014
2023-07-31,BOQ,BANK OF QUEENSLAND. ORDINARY,-0.01639344262295082,5.065825939178467,4.914857387542725,0.029801369697322277,0.029801369697322277,False,0.000488547044218398,0.000488547044218398,0.00010308953341740226,0.00038545751080099576,4582.346535,6.12,0.9594972067039106,0.6786885245901639,0.3180327868852459,0.8016759776536313,1.0,0.8743016759776536,0.40502793296089384,0.9608938547486033,0.9720670391061452
2023-07-31,APX,APPEN LIMITED ORDINARY,-0.01639344262295082,2.064452886581421,1.4005539417266846,0.3215859025749448,0.3215859025749448,False,0.00527190004221221,0.00527190004221221,0.00010308953341740226,0.005168810508794808,220.491445,5.79,0.9497206703910615,0.09836065573770492,0.5377049180327869,0.21508379888268156,,0.329608938547486,0.0782122905027933,0.33519553072625696,0.09776536312849161
2023-07-31,BRN,BRAINCHIP LTD ORDINARY,-0.01639344262295082,0.36000001430511475,0.3149999976158142,0.12500004139211274,0.12500004139211274,False,0.002049181006428078,0.002049181006428078,0.00010308953341740226,0.0019460914730106756,445.677418,7.37,0.9804469273743017,0.1540983606557377,0.760655737704918,0.36312849162011174,,0.27932960893854747,0.025139664804469275,0.30726256983240224,0.05865921787709497
2023-07-31,DEV,DEVEX RESOURCES LTD ORDINARY,-0.01639344262295082,0.3199999928474426,0.3499999940395355,-0.09375000582076631,-0.09375000582076631,False,-0.001536885341324038,-0.001536885341324038,0.00010308953341740226,-0.0016399748747414403,109.379805,0.03,0.10893854748603352,0.7934426229508197,0.9606557377049181,0.10893854748603352,,0.2206703910614525,0.05307262569832402,0.2122905027932961,0.030726256983240222
2023-07-31,BUB,BUBS AUST LTD ORDINARY,-0.01639344262295082,0.19499999284744263,0.16500000655651093,0.1538460891862804,0.1538460891862804,False,0.0025220670358406623,0.0025220670358406623,0.00010308953341740226,0.0024189775024232602,135.244333,1.63,0.6703910614525139,0.5770491803278689,0.9672131147540983,0.1424581005586592,,0.05307262569832402,0.008379888268156424,0.3407821229050279,0.24581005586592178
2023-07-31,EML,EML PAYMENTS LTD ORDINARY,-0.01639344262295082,0.7549999952316284,1.2000000476837158,-0.5894040467054105,-0.16,True,-0.009662361421400173,-0.002622950819672131,0.00018505674653215636,-0.0028080075662042874,233.74008,4.36,0.9078212290502793,0.7639344262295082,0.9344262295081968,0.2206703910614525,,0.9972067039106145,0.01675977653631285,0.7150837988826816,0.8184357541899442
2023-07-31,ELD,ELDERS LIMITED ORDINARY,-0.01639344262295082,6.209704875946045,5.434556484222412,0.12482853971470576,0.12482853971470576,False,0.0020463695035197664,0.0020463695035197664,0.00010308953341740226,0.0019432799701023641,1330.0545,6.12,0.9594972067039106,0.2819672131147541,0.19672131147540983,0.5865921787709497,0.38571428571428573,0.12011173184357542,0.6731843575418994,0.770949720670391,0.19553072625698323
2023-07-31,DYL,DEEP YELLOW LIMITED ORDINARY,-0.01639344262295082,0.6449999809265137,0.9800000190734863,-0.5193799194625712,-0.16,True,-0.00851442490922248,-0.002622950819672131,0.00018505674653215636,-0.0028080075662042874,572.44553,4.56,0.9134078212290503,0.8426229508196721,0.6327868852459017,0.4106145251396648,,0.2709497206703911,0.33519553072625696,0.15083798882681565,0.6201117318435754
2023-07-31,DUB,DUBBER CORP LTD ORDINARY,-0.01639344262295082,0.17499999701976776,0.1599999964237213,0.08571429057997104,0.08571429057997104,False,0.0014051523045896892,0.0014051523045896892,0.00010308953341740226,0.001302062771172287,100.9376,1.62,0.664804469273743,0.3770491803278688,0.9016393442622951,0.1005586592178771,,0.04189944134078212,0.036312849162011177,0.41899441340782123,0.7988826815642458
2023-07-31,DMP,DOMINO PIZZA ENTERPR ORDINARY,-0.01639344262295082,45.11100387573242,50.867889404296875,-0.12761599241779198,-0.12761599241779198,False,-0.0020920654494719997,-0.0020920654494719997,0.00010308953341740226,-0.002195154982889402,4136.467364,5.96,0.9553072625698324,0.3639344262295082,0.6885245901639344,0.7877094972067039,,0.5139664804469274,0.23743016759776536,0.9581005586592178,0.5810055865921788
2023-07-31,EXR,ELIXIR ENERGY LTD ORDINARY,-0.01639344262295082,0.0860000029206276,0.05999999865889549,0.3023256206831576,0.3023256206831576,False,0.004956157716117338,0.004956157716117338,0.00010308953341740226,0.004853068182699936,72.994984,0.03,0.10893854748603352,0.04590163934426229,0.6426229508196721,0.07541899441340782,,0.16201117318435754,0.24860335195530725,0.0670391061452514,0.45670391061452514
2023-07-31,CUV,CLINUVEL PHARMACEUT. ORDINARY,-0.01639344262295082,18.151525497436523,17.95368766784668,0.0108992398252028,0.0108992398252028,False,0.00017867606270824263,0.00017867606270824263,0.00010308953341740226,7.558652929084037e-05,883.456843,3.04,0.8156424581005587,0.29508196721311475,0.4557377049180328,0.5083798882681564,0.580952380952381,0.5251396648044693,0.8379888268156425,0.11731843575418995,0.9329608938547486
2023-07-31,CTD,CORP TRAVEL LIMITED ORDINARY,-0.01639344262295082,20.119802474975586,17.946245193481445,0.10803074653429356,0.10803074653429356,False,0.0017709958448244847,0.0017709958448244847,0.00010308953341740226,0.0016679063114070824,2617.767595,1.73,0.6731843575418994,0.5180327868852459,0.13114754098360656,0.7178770949720671,0.5714285714285714,0.5726256983240223,0.6284916201117319,0.22625698324022347,0.840782122905028
2023-07-31,CHN,CHALICE MINING LTD ORDINARY,-0.01639344262295082,5.909999847412109,3.3499999046325684,0.4331641300973167,0.4331641300973167,False,0.007101051313070766,0.007101051313070766,0.00010308953341740226,0.006997961779653364,2370.39282,2.95,0.8072625698324022,0.08852459016393442,0.6262295081967213,0.7011173184357542,,0.3128491620111732,0.12569832402234637,0.13966480446927373,0.9413407821229051
2023-07-31,CCX,CITY CHIC COLLECTIVE ORDINARY,-0.01639344262295082,0.4449999928474426,0.42500001192092896,0.04494377808534078,0.04494377808534078,False,0.0007367832473006685,0.0007367832473006685,0.00010308953341740226,0.0006336937138832663,90.957082,1.04,0.5684357541899442,0.5081967213114754,0.9540983606557377,0.08659217877094973,,0.9860335195530726,0.0335195530726257,0.6955307262569832,0.1005586592178771
2023-07-31,CAT,CATAPULT GRP INT LTD ORDINARY,-0.01639344262295082,1.1799999475479126,1.090000033378601,0.07627111709312784,0.07627111709312784,False,0.0012503461818545547,0.0012503461818545547,0.00010308953341740226,0.0011472566484371524,243.41282,0.0,0.029329608938547486,0.9934426229508196,0.8131147540983606,0.23184357541899442,,0.6340782122905028,0.19273743016759776,0.44972067039106145,0.7877094972067039
2023-07-31,CXL,CALIX LIMITED ORDINARY,-0.01639344262295082,4.170000076293945,3.950000047683716,0.052757799660702376,0.052757799660702376,False,0.0008648819616508586,0.0008648819616508586,0.00010308953341740226,0.0007617924282334564,755.53381,3.46,0.8533519553072626,0.17704918032786884,0.2983606557377049,0.4748603351955307,,0.2905027932960894,0.14804469273743018,0.16201117318435754,0.7653631284916201
2023-07-31,ABY,ADORE BEAUTY ORDINARY,-0.01639344262295082,0.949999988079071,0.9350000023841858,0.015789458824326585,0.015789458824326585,False,0.0002588435872840424,0.0002588435872840424,0.00010308953341740226,0.00015575405386664013,75.125897,1.03,0.5628491620111732,0.3377049180327869,0.8327868852459016,0.0782122905027933,,0.2681564245810056,0.33798882681564246,0.17318435754189945,0.28212290502793297
2023-07-31,GLN,GALAN LITHIUM LTD ORDINARY,-0.01639344262295082,0.7749999761581421,0.7350000143051147,0.05161285559170803,0.05161285559170803,False,0.000846112386749312,0.000846112386749312,0.00010308953341740226,0.0007430228533319098,269.77502,1.26,0.6103351955307262,0.07540983606557378,0.42295081967213116,0.25139664804469275,,0.13128491620111732,0.2541899441340782,0.12569832402234637,0.45670391061452514
2023-07-31,SGR,THE STAR ENT GRP ORDINARY,-0.01639344262295082,0.9707540273666382,0.9060369729995728,0.06666678946738258,0.06666678946738258,False,0.0010928981879898784,0.0010928981879898784,0.00010308953341740226,0.000989808654572476,1806.798396,3.22,0.8268156424581006,0.1377049180327869,0.6622950819672131,0.6452513966480447,,0.08659217877094973,0.030726256983240222,0.61731843575419,0.18435754189944134
2023-07-31,IMU,IMUGENE LIMITED ORDINARY,-0.01639344262295082,3.4000000953674316,2.2100000381469727,0.35000000701231093,0.35000000701231093,False,0.005737705032988704,0.005737705032988704,0.00010308953341740226,0.005634615499571302,583.740904,6.67,0.9692737430167597,0.2,0.8426229508196721,0.41620111731843573,,0.3016759776536313,0.16759776536312848,0.0893854748603352,0.8910614525139665
2023-07-31,BRU,BURU ENERGY ORDINARY,-0.01639344262295082,0.10000000149011612,0.09399999678134918,0.060000046193599,0.060000046193599,False,0.000983607314649164,0.000983607314649164,0.00010308953341740226,0.0008805177812317617,50.067612,0.02,0.08659217877094973,0.5967213114754099,0.8491803278688524,0.04748603351955307,,0.0782122905027933,0.04748603351955307,0.441340782122905,0.030726256983240222
2023-07-31,MYS,MYSTATE LIMITED ORDINARY,-0.01639344262295082,3.0072083473205566,2.831493616104126,0.05843117965969791,0.05843117965969791,False,0.0009578881911425887,0.0009578881911425887,0.00010308953341740226,0.0008547986577251864,346.858825,0.1,0.1717877094972067,0.580327868852459,0.38688524590163936,0.30446927374301674,0.21428571428571427,0.276536312849162,0.5698324022346368,0.9720670391061452,0.8715083798882681
2023-07-31,MVP,MEDICAL DEVELOPMENTS ORDINARY,-0.01639344262295082,1.1050000190734863,0.8849999904632568,0.19909504507945053,0.19909504507945053,False,0.0032638531980237794,0.0032638531980237794,0.00010308953341740226,0.0031607636646063773,67.78882,0.64,0.4259776536312849,0.940983606557377,0.9967213114754099,0.0670391061452514,,0.055865921787709494,0.17039106145251395,0.2206703910614525,0.8743016759776536
2023-07-31,MMS,MCMILLAN SHAKESPEARE ORDINARY,-0.01639344262295082,15.299683570861816,14.070451736450195,0.08034361159943781,0.08034361159943781,False,0.00131710838687603,0.00131710838687603,0.00010308953341740226,0.0012140188534586276,1257.753013,0.24,0.24441340782122906,0.9344262295081968,0.46229508196721314,0.5810055865921788,,0.2346368715083799,0.3016759776536313,0.9301675977653632,0.05027932960893855
2023-07-31,MFG,MAGELLAN FIN GRP LTD ORDINARY,-0.01639344262295082,7.255062580108643,7.7274394035339355,-0.06510995848890655,-0.06510995848890655,False,-0.0010673763686705991,-0.0010673763686705991,0.00010308953341740226,-0.0011704659020880014,1723.63092,3.85,0.8784916201117319,0.7770491803278688,0.8229508196721311,0.6368715083798883,0.10476190476190476,0.7932960893854749,0.9162011173184358,0.15363128491620112,0.164804469273743
2023-07-31,IRI,INTEGRATED RESEARCH ORDINARY,-0.01639344262295082,0.4013664126396179,0.3690725862979889,0.08045971293224596,0.08045971293224596,False,0.0013190116874138684,0.0013190116874138684,0.00010308953341740226,0.0012159221539964661,66.56265,0.01,0.06564245810055866,0.6852459016393443,0.8065573770491803,0.06424581005586592,,0.9441340782122905,0.03910614525139665,0.2681564245810056,0.15921787709497207
2023-07-31,M7T,MACH7 TECH LIMITED ORDINARY,-0.01639344262295082,0.824999988079071,0.800000011920929,0.030303001841675226,0.030303001841675226,False,0.0004967705219946759,0.0004967705219946759,0.00010308953341740226,0.00039368098857727363,148.805816,0.12,0.19134078212290503,0.9573770491803278,0.9245901639344263,0.15363128491620112,,0.505586592178771,0.3268156424581006,0.17597765363128492,0.17597765363128492
2023-07-31,LOT,LOTUS RESOURCES LTD ORDINARY,-0.01639344262295082,2.4725000858306885,2.6449999809265137,-0.06976739701016843,-0.06976739701016843,False,-0.0011437278198388268,-0.0011437278198388268,0.00010308953341740226,-0.001246817353256229,248.928848,0.77,0.48044692737430167,0.8459016393442623,0.7213114754098361,0.24022346368715083,,0.24022346368715083,0.15083798882681565,0.03212290502793296,0.01675977653631285
2023-07-31,LKE,LAKE RESOURCES ORDINARY,-0.01639344262295082,0.22499999403953552,0.20000000298023224,0.11111107431811951,0.11111107431811951,False,0.0018214930216085166,0.0018214930216085166,0.00010308953341740226,0.0017184034881911143,421.419,7.23,0.9776536312849162,0.013114754098360656,0.7442622950819672,0.35195530726256985,,0.10893854748603352,0.08659217877094973,0.1424581005586592,0.9357541899441341
2023-07-31,KGN,KOGAN.COM LTD ORDINARY,-0.01639344262295082,5.6153669357299805,5.135106086730957,0.08552617388957695,0.08552617388957695,False,0.0014020684244192944,0.0014020684244192944,0.00010308953341740226,0.0012989788910018922,507.747484,1.79,0.6871508379888268,0.9672131147540983,0.6819672131147541,0.39106145251396646,,0.49162011173184356,0.3435754189944134,0.3324022346368715,0.13687150837988826
2023-07-31,IXR,IONIC RARE EARTHS ORDINARY,-0.01639344262295082,0.6600000262260437,0.5400000214576721,0.18181818181818177,0.18181818181818177,False,0.0029806259314456027,0.0029806259314456027,0.00010308953341740226,0.0028775363980282007,86.814308,0.11,0.18016759776536312,0.17049180327868851,0.7770491803278688,0.08379888268156424,,0.1564245810055866,0.16201117318435754,0.09217877094972067,1.0
2023-07-31,NXL,NUIX LIMITED ORDINARY,-0.01639344262295082,1.600000023841858,1.6100000143051147,-0.006249993946403354,-0.006249993946403354,False,-0.00010245891715415335,-0.00010245891715415335,0.00010308953341740226,-0.0002055484505715556,269.760022,0.38,0.30307262569832405,0.9901639344262295,0.9868852459016394,0.24860335195530725,,0.4273743016759777,0.29608938547486036,0.24581005586592178,0.6675977653631285
2023-07-31,MCP,MCPHERSON'S LTD ORDINARY,-0.01639344262295082,0.4922496974468231,0.44491803646087646,0.09615376348922955,0.09615376348922955,False,0.0015762912047414682,0.0015762912047414682,0.00010308953341740226,0.001473201671324066,56.859855,0.09,0.16061452513966482,0.2262295081967213,0.8754098360655738,0.05027932960893855,,0.9608938547486033,0.2346368715083799,0.4720670391061452,0.2122905027932961
2023-07-31,OCC,ORTHOCELL LIMITED ORDINARY,-0.01639344262295082,0.38999998569488525,0.3700000047683716,0.05128200425668883,0.05128200425668883,False,0.0008406885943719481,0.0008406885943719481,0.00010308953341740226,0.0007375990609545458,69.056074,0.06,0.13966480446927373,0.5475409836065573,0.8688524590163934,0.06983240223463687,,0.26256983240223464,0.061452513966480445,0.3268156424581006,0.9832402234636871
2023-07-31,NMT,NEOMETALS LTD ORDINARY,-0.01639344262295082,0.47693300247192383,0.5061330199241638,-0.061224568861658835,-0.061224568861658835,False,-0.0010036814567485055,-0.0010036814567485055,0.00010308953341740226,-0.0011067709901659078,276.804185,3.28,0.840782122905028,0.09508196721311475,0.43934426229508194,0.26256983240223464,,0.20670391061452514,0.09776536312849161,0.14804469273743018,0.45670391061452514
2023-07-31,PDN,PALADIN ENERGY LTD ORDINARY,-0.01639344262295082,7.349999904632568,9.350000381469727,-0.27210891194387576,-0.16,True,-0.004460801835145504,-0.002622950819672131,0.00018505674653215636,-0.0028080075662042874,1405.533068,3.79,0.8715083798882681,0.8295081967213115,0.39344262295081966,0.6033519553072626,,0.3770949720670391,0.39385474860335196,0.46368715083798884,0.45670391061452514
2023-07-31,WBT,WEEBIT NANO LTD ORDINARY,-0.01639344262295082,6.199999809265137,4.289999961853027,0.30806450099528226,0.30806450099528226,False,0.005050237721234136,0.005050237721234136,0.00010308953341740226,0.004947148187816734,909.36106,4.74,0.9189944134078212,0.19672131147540983,0.6983606557377049,0.5223463687150838,,0.29608938547486036,0.12011173184357542,0.09497206703910614,0.45670391061452514
2023-07-31,VUL,VULCAN ENERGY ORDINARY,-0.01639344262295082,4.440000057220459,3.4600000381469727,0.22072072217201466,0.22072072217201466,False,0.0036183724946231913,0.0036183724946231913,0.00010308953341740226,0.0035152829612057892,382.577341,3.44,0.8491620111731844,0.18360655737704917,0.8721311475409836,0.33519553072625696,,0.07262569832402235,0.22905027932960895,0.15921787709497207,0.9567039106145251
2023-07-31,SYR,SYRAH RESOURCES ORDINARY,-0.01639344262295082,0.699999988079071,0.6050000190734863,0.13571424374774943,0.13571424374774943,False,0.0022248236679958924,0.0022248236679958924,0.00010308953341740226,0.00212173413457849,414.963178,8.38,0.9916201117318436,0.06885245901639345,0.8360655737704918,0.3463687150837989,,0.04748603351955307,0.1787709497206704,0.6340782122905028,0.0446927374301676
2023-07-31,SRL,SUNRISE ORDINARY,-0.01639344262295082,1.2599999904632568,0.9100000262260437,0.27777775149706996,0.27777775149706996,False,0.004553733631099508,0.004553733631099508,0.00010308953341740226,0.004450644097682106,95.461351,1.97,0.7178770949720671,0.521311475409836,0.8819672131147541,0.09217877094972067,,0.2122905027932961,0.11452513966480447,0.1564245810055866,0.9189944134078212
2023-07-31,SPL,STARPHARMA HOLDINGS ORDINARY,-0.01639344262295082,0.2199999988079071,0.13500000536441803,0.3863636086548654,0.3863636086548654,False,0.006333829650079761,0.006333829650079761,0.00010308953341740226,0.006230740116662359,126.956952,1.51,0.6452513966480447,0.01639344262295082,0.9836065573770492,0.13128491620111732,,0.14804469273743018,0.10893854748603352,0.48044692737430167,0.9385474860335196
2023-07-31,SLX,SILEX SYSTEMS ORDINARY,-0.01639344262295082,3.609999895095825,3.430000066757202,0.04986144974218765,0.04986144974218765,False,0.0008174008154456992,0.0008174008154456992,0.00010308953341740226,0.0007143112820282969,896.55488,2.91,0.8016759776536313,0.6688524590163935,0.34098360655737703,0.5139664804469274,,0.3659217877094972,0.21787709497206703,0.10893854748603352,0.3715083798882682
2023-07-31,PAC,PACIFIC GRP LTD ORDINARY,-0.01639344262295082,9.103145599365234,9.851349830627441,-0.08219183392105478,-0.08219183392105478,False,-0.0013474071134599145,-0.0013474071134599145,0.00010308953341740226,-0.0014504966468773168,353.02722,0.02,0.08659217877094973,0.9868852459016394,0.9573770491803278,0.3100558659217877,,0.7569832402234636,0.34916201117318435,0.11452513966480447,0.37988826815642457
2023-07-31,REG,REGIS HEALTHCARE LTD ORDINARY,-0.01639344262295082,2.0567076206207275,2.2660181522369385,-0.1017697068448844,-0.1017697068448844,False,-0.0016683558499161377,-0.0016683558499161377,0.00010308953341740226,-0.00177144538333354,668.016035,0.24,0.24441340782122906,0.5508196721311476,0.2754098360655738,0.4441340782122905,,0.5027932960893855,0.20670391061452514,0.9050279329608939,0.6033519553072626
2023-07-31,RCR,RINCON ORDINARY,-0.01639344262295082,0.05400000140070915,0.032999999821186066,0.38888890805190435,0.38888890805190435,False,0.0063752280008508916,0.0063752280008508916,0.00010308953341740226,0.0062721384674334895,3.18482608,0.22,0.23184357541899442,0.16065573770491803,0.029508196721311476,0.002793296089385475,,0.030726256983240222,0.17318435754189945,0.164804469273743,0.45670391061452514
2023-07-31,PPK,PPK GROUP LIMITED ORDINARY,-0.01639344262295082,1.3799999952316284,1.1200000047683716,0.18840579084177222,0.18840579084177222,False,0.003088619521996266,0.003088619521996266,0.00010308953341740226,0.0029855299885788635,122.873819,0.33,0.2807262569832402,0.4131147540983607,0.8524590163934426,0.12849162011173185,,0.15083798882681565,0.2988826815642458,0.3659217877094972,0.9972067039106145
2023-07-31,PNV,POLYNOVO LIMITED ORDINARY,-0.01639344262295082,1.6200000047683716,1.3650000095367432,0.157407404000649,0.157407404000649,False,0.002580449245912279,0.002580449245912279,0.00010308953341740226,0.0024773597124948766,1069.86115,2.62,0.7681564245810056,0.819672131147541,0.8885245901639345,0.547486033519553,,0.3463687150837989,0.32122905027932963,0.4860335195530726,0.8296089385474861
2023-07-31,PET,PHOSLOCK ENV TEC LTD ORDINARY,-0.01639344262295082,0.026000000536441803,0.02500000037252903,0.03846154397232282,0.03846154397232282,False,0.0006305171143003741,0.0006305171143003741,0.00010308953341740226,0.0005274275808829718,10.578913,0.0,0.029329608938547486,0.3081967213114754,1.0,0.0111731843575419,,0.01675977653631285,0.04189944134078212,0.2709497206703911,0.08100558659217877
2023-07-31,SLC,SUPERLOOP LIMITED ORDINARY,-0.01639344262295082,0.6650000214576721,0.6949999928474426,-0.04511273747632516,-0.04511273747632516,False,-0.0007395530733823797,-0.0007395530733823797,0.00010308953341740226,-0.000842642606799782,275.825125,0.5,0.37011173184357543,0.4918032786885246,0.7049180327868853,0.25977653631284914,,0.7905027932960894,0.21508379888268156,0.39106145251396646,0.8016759776536313
2023-08-28,CDA,CODAN LIMITED ORDINARY,-0.01639344262295082,6.853198051452637,7.485646724700928,-0.0922851883894169,-0.0922851883894169,False,-0.0015128719408101132,-0.0015128719408101132,0.00010308953341740226,-0.0016159614742275155,1454.779794,0.26,0.2689075630252101,0.40327868852459015,0.6918032786885245,0.6106442577030813,0.5550239234449761,0.5854341736694678,0.7955182072829131,0.5462184873949579,0.7647058823529411
2023-08-28,CCX,CITY CHIC COLLECTIVE ORDINARY,-0.01639344262295082,0.47999998927116394,0.36500000953674316,0.23958329646848064,0.23958329646848064,False,0.003927595024073453,0.003927595024073453,0.00010308953341740226,0.003824505490656051,90.957082,1.5,0.6568627450980392,0.9377049180327869,0.9868852459016394,0.08683473389355742,,0.9831932773109243,0.03361344537815126,0.6918767507002801,0.10084033613445378
2023-08-28,BVS,BRAVURA SOLUTION LTD ORDINARY,-0.01639344262295082,0.5688992738723755,0.6142463088035583,-0.07971012974320613,-0.07971012974320613,False,-0.0013067234384132153,-0.0013067234384132153,0.00010308953341740226,-0.0014098129718306176,210.72638,0.88,0.5168067226890757,0.9836065573770492,0.9836065573770492,0.20728291316526612,,0.11204481792717087,0.028011204481792718,0.45938375350140054,0.7198879551820728
2023-08-28,BUB,BUBS AUST LTD ORDINARY,-0.01639344262295082,0.18000000715255737,0.1599999964237213,0.11111116630059481,0.11111116630059481,False,0.0018214945295179478,0.0018214945295179478,0.00010308953341740226,0.0017184049961005456,135.244333,1.79,0.6918767507002801,0.4065573770491803,0.6065573770491803,0.14565826330532214,,0.05322128851540616,0.008403361344537815,0.34173669467787116,0.24649859943977592
2023-08-28,BRN,BRAINCHIP LTD ORDINARY,-0.01639344262295082,0.28999999165534973,0.19499999284744263,0.3275862122120672,0.3275862122120672,False,0.005370265773968315,0.005370265773968315,0.00010308953341740226,0.005267176240550913,445.677418,7.73,0.9859943977591037,0.05573770491803279,0.8327868852459016,0.36694677871148457,,0.2773109243697479,0.025210084033613446,0.30532212885154064,0.058823529411764705
2023-08-28,BMN,BANNERMAN ENERGY LTD ORDINARY,-0.01639344262295082,1.9700000286102295,2.9600000381469727,-0.5025380686086365,-0.16,True,-0.008238328993584206,-0.002622950819672131,0.00018505674653215636,-0.0028080075662042874,248.34315,0.99,0.5490196078431373,0.9573770491803278,0.4,0.23809523809523808,,0.2857142857142857,0.32492997198879553,0.05322128851540616,0.9943977591036415
2023-08-28,APX,APPEN LIMITED ORDINARY,-0.01639344262295082,1.3823649883270264,1.182286024093628,0.14473671275162947,0.14473671275162947,False,0.002372732995928352,0.002372732995928352,0.00010308953341740226,0.0022696434625109497,220.491445,7.42,0.9831932773109243,0.01639344262295082,0.9311475409836065,0.21568627450980393,,0.33053221288515405,0.0784313725490196,0.33613445378151263,0.09803921568627451
2023-08-28,ASM,AUSSTRATMATERIALS ORDINARY,-0.01639344262295082,1.6150000095367432,1.5299999713897705,0.05263160225698982,0.05263160225698982,False,0.0008628131517539315,0.0008628131517539315,0.00010308953341740226,0.0007597236183365292,183.375749,3.46,0.8375350140056023,0.980327868852459,0.9967213114754099,0.18207282913165265,,0.09243697478991597,0.21008403361344538,0.3081232492997199,0.20448179271708683
2023-08-28,ANG,AUSTIN ENGINEERING ORDINARY,-0.01639344262295082,0.24356061220169067,0.23896513879299164,0.018867884126081758,0.018867884126081758,False,0.0003093095758374059,0.0003093095758374059,0.00010308953341740226,0.00020622004242000361,160.418385,0.1,0.19047619047619047,0.4934426229508197,0.6426229508196721,0.16246498599439776,0.6889952153110048,0.21568627450980393,0.49859943977591037,0.6414565826330533,0.8711484593837535
2023-08-28,AMA,AMA GROUP LIMITED ORDINARY,-0.01639344262295082,0.9454410076141357,0.35773399472236633,0.6216220876381016,0.6216220876381016,False,0.010190526026854125,0.010190526026854125,0.00010308953341740226,0.010087436493436722,108.48135,6.33,0.957983193277311,0.3704918032786885,0.4163934426229508,0.10644257703081232,,0.9159663865546218,0.0028011204481792717,0.9915966386554622,0.5966386554621849
2023-08-28,AGY,ARGOSY MINERALS LTD ORDINARY,-0.01639344262295082,0.23999999463558197,0.19499999284744263,0.1875000116415324,0.1875000116415324,False,0.003073770682648072,0.003073770682648072,0.00010308953341740226,0.0029706811492306697,547.71873,3.71,0.8585434173669467,0.03278688524590164,0.49836065573770494,0.40896358543417366,0.9856459330143541,0.3445378151260504,0.4677871148459384,0.08403361344537816,0.03081232492997199
2023-08-28,ABY,ADORE BEAUTY ORDINARY,-0.01639344262295082,1.0,0.7450000047683716,0.2549999952316284,0.2549999952316284,False,0.004180327790682433,0.004180327790682433,0.00010308953341740226,0.004077238257265031,75.125897,1.64,0.6722689075630253,0.5475409836065573,0.7836065573770492,0.0784313725490196,,0.2661064425770308,0.3389355742296919,0.17366946778711484,0.28291316526610644
2023-08-28,BBN,BABY BUNTING GRP LTD ORDINARY,-0.01639344262295082,1.9974859952926636,2.106260061264038,-0.054455483656814074,-0.054455483656814074,False,-0.0008927128468330177,-0.0008927128468330177,0.00010308953341740226,-0.00099580238025042,186.170954,5.43,0.9411764705882353,0.8229508196721311,0.9606557377049181,0.19047619047619047,0.3684210526315789,0.9439775910364145,0.7254901960784313,0.8935574229691877,0.6134453781512605
2023-08-28,IMU,IMUGENE LIMITED ORDINARY,-0.01639344262295082,2.2780001163482666,1.7000000476837158,0.2537313604667897,0.2537313604667897,False,0.004159530499455569,0.004159530499455569,0.00010308953341740226,0.004056440966038167,583.740904,4.49,0.9103641456582633,0.05901639344262295,0.7934426229508197,0.42016806722689076,,0.3025210084033613,0.16806722689075632,0.0896358543417367,0.8935574229691877
2023-08-28,EGR,ECOGRAF LIMITED ORDINARY,-0.01639344262295082,0.14000000059604645,0.11999999731779099,0.14285716566504258,0.14285716566504258,False,0.0023419207486072556,0.0023419207486072556,0.00010308953341740226,0.002238831215189853,63.046684,0.78,0.484593837535014,0.1377049180327869,0.5737704918032787,0.06162464985994398,,0.20728291316526612,0.21288515406162464,0.03221288515406162,0.45938375350140054
2023-08-28,FBR,FBR LTD ORDINARY,-0.01639344262295082,0.020999999716877937,0.027499999850988388,-0.3095238200830226,-0.16,True,-0.0050741609849675835,-0.002622950819672131,0.00018505674653215636,-0.0028080075662042874,95.391356,0.28,0.27450980392156865,0.07540983606557378,0.8426229508196721,0.0896358543417367,,0.06722689075630252,0.14565826330532214,0.3641456582633053,0.907563025210084
2023-08-28,EXR,ELIXIR ENERGY LTD ORDINARY,-0.01639344262295082,0.0820000022649765,0.06499999761581421,0.2073171241413888,0.2073171241413888,False,0.00339864137936703,0.00339864137936703,0.00010308953341740226,0.003295551845949628,72.994984,0.08,0.16666666666666666,0.2819672131147541,0.42295081967213116,0.07563025210084033,,0.15966386554621848,0.24929971988795518,0.06722689075630252,0.45938375350140054
2023-08-28,ELD,ELDERS LIMITED ORDINARY,-0.01639344262295082,5.536773204803467,4.8723602294921875,0.12000003444874052,0.12000003444874052,False,0.0019672136794875498,0.0019672136794875498,0.00010308953341740226,0.0018641241460701475,1330.0545,8.99,0.9915966386554622,0.46229508196721314,0.6786885245901639,0.5882352941176471,0.3923444976076555,0.11764705882352941,0.6722689075630253,0.7675070028011205,0.19607843137254902
2023-08-28,CLV,CLOVER CORPORATION ORDINARY,-0.01639344262295082,0.9599180817604065,0.9975619316101074,-0.03921568992706681,-0.03921568992706681,False,-0.0006428801627388002,-0.0006428801627388002,0.00010308953341740226,-0.0007459696961562024,182.02891,0.0,0.029411764705882353,0.21311475409836064,0.5901639344262295,0.1792717086834734,0.7894736842105263,0.6862745098039216,0.5518207282913166,0.4117647058823529,0.14285714285714285
2023-08-28,DYL,DEEP YELLOW LIMITED ORDINARY,-0.01639344262295082,0.925000011920929,1.3350000381469727,-0.4432432658834293,-0.16,True,-0.0072662830472693335,-0.002622950819672131,0.00018505674653215636,-0.0028080075662042874,572.44553,4.34,0.9047619047619048,0.9475409836065574,0.8754098360655738,0.41456582633053224,,0.2689075630252101,0.33613445378151263,0.15126050420168066,0.6218487394957983
2023-08-28,ADH,ADAIRS LIMITED ORDINARY,-0.01639344262295082,1.1784008741378784,1.217680811882019,-0.03333325577586477,-0.03333325577586477,False,-0.0005464468159977831,-0.0005464468159977831,0.00010308953341740226,-0.0006495363494151854,273.323594,2.39,0.7563025210084033,0.1737704918032787,0.8622950819672132,0.25770308123249297,0.19138755980861244,0.9327731092436975,0.7703081232492998,0.8711484593837535,0.2661064425770308
2023-08-28,DMP,DOMINO PIZZA ENTERPR ORDINARY,-0.01639344262295082,47.98682403564453,47.254981994628906,0.015250895547328058,0.015250895547328058,False,0.0002500146811037387,0.0002500146811037387,0.00010308953341740226,0.00014692514768633642,4136.467364,6.61,0.9663865546218487,0.7016393442622951,0.6852459016393443,0.7871148459383753,,0.5126050420168067,0.23809523809523808,0.957983193277311,0.5826330532212886
2023-08-28,DEV,DEVEX RESOURCES LTD ORDINARY,-0.01639344262295082,0.3400000035762787,0.375,-0.10294116486933835,-0.10294116486933835,False,-0.001687560079825219,-0.001687560079825219,0.00010308953341740226,-0.0017906496132426212,109.379805,0.09,0.18067226890756302,0.39672131147540984,0.9672131147540983,0.1092436974789916,,0.2184873949579832,0.05322128851540616,0.21288515406162464,0.03081232492997199
2023-08-28,CXL,CALIX LIMITED ORDINARY,-0.01639344262295082,4.059999942779541,2.869999885559082,0.29310346650048613,0.29310346650048613,False,0.004804974860663707,0.004804974860663707,0.00010308953341740226,0.004701885327246305,755.53381,3.55,0.8431372549019608,0.38688524590163936,0.7311475409836066,0.47619047619047616,,0.28851540616246496,0.1484593837535014,0.16246498599439776,0.7675070028011205
2023-08-28,CUV,CLINUVEL PHARMACEUT. ORDINARY,-0.01639344262295082,20.911348342895508,14.620848655700684,0.30081750751055614,0.30081750751055614,False,0.00493143454935338,0.00493143454935338,0.00010308953341740226,0.004828345015935978,883.456843,3.03,0.8151260504201681,0.760655737704918,0.7475409836065574,0.5098039215686274,0.5885167464114832,0.5238095238095238,0.834733893557423,0.11764705882352941,0.9355742296918768
2023-08-28,CST,CASTILE RESOURCES ORDINARY,-0.01639344262295082,0.06300000101327896,0.050999999046325684,0.19047621863409103,0.19047621863409103,False,0.0031225609612146074,0.0031225609612146074,0.00010308953341740226,0.003019471427797205,20.561706,0.01,0.06862745098039216,0.06557377049180328,0.9737704918032787,0.0196078431372549,,0.16246498599439776,0.33053221288515405,0.07282913165266107,0.7142857142857143
2023-08-28,COH,COCHLEAR LIMITED ORDINARY,-0.01639344262295082,253.9008331298828,244.46820068359375,0.03715085267744589,0.03715085267744589,False,0.0006090303717614081,0.0006090303717614081,0.00010308953341740226,0.0005059408383440058,15043.48504,1.14,0.5714285714285714,0.6918032786885245,0.8098360655737705,0.938375350140056,0.8564593301435407,0.49299719887955185,0.7983193277310925,0.3557422969187675,0.8095238095238095
2023-08-28,DUB,DUBBER CORP LTD ORDINARY,-0.01639344262295082,0.11500000208616257,0.14499999582767487,-0.2608695060634443,-0.16,True,-0.004276549279728595,-0.002622950819672131,0.00018505674653215636,-0.0028080075662042874,100.9376,1.23,0.5938375350140056,0.06229508196721312,0.32786885245901637,0.10084033613445378,,0.04201680672268908,0.036414565826330535,0.4173669467787115,0.8011204481792717
2023-08-28,GLN,GALAN LITHIUM LTD ORDINARY,-0.01639344262295082,0.6850000023841858,0.6299999952316284,0.080291980965148,0.080291980965148,False,0.0013162619830352131,0.0013162619830352131,0.00010308953341740226,0.0012131724496178109,269.77502,1.19,0.5896358543417367,0.07868852459016394,0.3639344262295082,0.25210084033613445,,0.12885154061624648,0.2549019607843137,0.12605042016806722,0.45938375350140054
2023-08-28,IEL,IDP EDUCATION LTD ORDINARY,-0.01639344262295082,24.231374740600586,20.350873947143555,0.16014364991661434,0.16014364991661434,False,0.00262530573633794,0.00262530573633794,0.00010308953341740226,0.002522216202920538,6141.936284,8.16,0.988795518207283,0.7868852459016393,0.8065573770491803,0.84593837535014,0.8421052631578947,0.5574229691876751,0.865546218487395,0.7478991596638656,0.3389355742296919
2023-08-28,SLX,SILEX SYSTEMS ORDINARY,-0.01639344262295082,3.309999942779541,3.2699999809265137,0.012084580829157865,0.012084580829157865,False,0.00019810788244521092,0.00019810788244521092,0.00010308953341740226,9.501834902780865e-05,896.55488,3.88,0.876750700280112,0.16065573770491803,0.5377049180327869,0.5154061624649859,,0.36694677871148457,0.2184873949579832,0.1092436974789916,0.37254901960784315
2023-08-28,IRE,IRESS LIMITED ORDINARY,-0.01639344262295082,6.098264694213867,5.53254508972168,0.09276730887541684,0.09276730887541684,False,0.0015207755553347025,0.0015207755553347025,0.00010308953341740226,0.0014176860219173003,1873.05425,3.64,0.8515406162464986,0.04918032786885246,0.9770491803278688,0.6554621848739496,,0.49859943977591037,0.04481792717086835,0.9047619047619048,0.5434173669467787
2023-08-28,OMH,OM HOLDINGS LIMITED ORDINARY,-0.01639344262295082,0.5136000514030457,0.45177778601646423,0.12037044236599315,0.12037044236599315,False,0.001973285940426117,0.001973285940426117,0.00010308953341740226,0.001870196407008715,372.02845,0.02,0.09103641456582633,0.3081967213114754,0.12131147540983607,0.32212885154061627,0.24880382775119617,0.12605042016806722,0.6078431372549019,0.7815126050420168,0.8123249299719888
2023-08-28,OCC,ORTHOCELL LIMITED ORDINARY,-0.01639344262295082,0.3700000047683716,0.3799999952316284,-0.02702700090373522,-0.02702700090373522,False,-0.00044306558858582334,-0.00044306558858582334,0.00010308953341740226,-0.0005461551220032257,69.056074,0.06,0.13725490196078433,0.4934426229508197,0.3737704918032787,0.0700280112044818,,0.2605042016806723,0.06162464985994398,0.3277310924369748,0.9831932773109243
2023-08-28,NVX,NOVONIX LIMITED ORDINARY,-0.01639344262295082,1.0449999570846558,0.8149999976158142,0.22009566403284475,0.22009566403284475,False,0.003608125639882701,0.003608125639882701,0.00010308953341740226,0.003505036106465299,479.541829,2.83,0.788515406162465,0.7540983606557377,0.940983606557377,0.38375350140056025,,0.24649859943977592,0.1092436974789916,0.6582633053221288,0.9635854341736695
2023-08-28,NMT,NEOMETALS LTD ORDINARY,-0.01639344262295082,0.4963989853858948,0.350398987531662,0.2941182438975658,0.2941182438975658,False,0.0048216105556978,0.0048216105556978,0.00010308953341740226,0.004718521022280398,276.804185,3.47,0.8403361344537815,0.2721311475409836,0.819672131147541,0.26330532212885155,,0.20448179271708683,0.09523809523809523,0.1484593837535014,0.45938375350140054
2023-08-28,MYS,MYSTATE LIMITED ORDINARY,-0.01639344262295082,2.8140690326690674,2.6746726036071777,0.04953553997560467,0.04953553997560467,False,0.0008120580323869619,0.0008120580323869619,0.00010308953341740226,0.0007089684989695596,346.858825,0.08,0.16666666666666666,0.5180327868852459,0.14754098360655737,0.30532212885154064,0.22009569377990432,0.27450980392156865,0.5686274509803921,0.9719887955182073,0.8739495798319328
2023-08-28,MFG,MAGELLAN FIN GRP LTD ORDINARY,-0.01639344262295082,7.835690021514893,7.577554702758789,0.032943533759927535,0.032943533759927535,False,0.0005400579304906154,0.0005400579304906154,0.00010308953341740226,0.0004369683970732131,1723.63092,0.78,0.484593837535014,0.9245901639344263,0.5508196721311476,0.6358543417366946,0.11004784688995216,0.7871148459383753,0.9131652661064426,0.15406162464985995,0.16526610644257703
2023-08-28,MMS,MCMILLAN SHAKESPEARE ORDINARY,-0.01639344262295082,14.194146156311035,12.837475776672363,0.09557956954215707,0.09557956954215707,False,0.0015668781892156898,0.0015668781892156898,0.00010308953341740226,0.0014637886557982876,1257.753013,0.19,0.23249299719887956,0.8721311475409836,0.18360655737704917,0.5826330532212886,,0.23249299719887956,0.3025210084033613,0.9299719887955182,0.05042016806722689
2023-08-28,LOT,LOTUS RESOURCES LTD ORDINARY,-0.01639344262295082,2.6449999809265137,3.1050000190734863,-0.1739130591546696,-0.16,True,-0.002851033756633928,-0.002622950819672131,0.00018505674653215636,-0.0028080075662042874,248.928848,0.7,0.4495798319327731,0.8655737704918033,0.2983606557377049,0.24089635854341737,,0.23809523809523808,0.15126050420168066,0.03221288515406162,0.01680672268907563
2023-08-28,LKE,LAKE RESOURCES ORDINARY,-0.01639344262295082,0.2150000035762787,0.18000000715255737,0.16279067833272787,0.16279067833272787,False,0.0026686996447988177,0.0026686996447988177,0.00010308953341740226,0.0025656101113814157,421.419,5.97,0.9551820728291317,0.013114754098360656,0.980327868852459,0.3557422969187675,,0.10644257703081232,0.08403361344537816,0.14285714285714285,0.938375350140056
2023-08-28,KGN,KOGAN.COM LTD ORDINARY,-0.01639344262295082,4.67331600189209,5.0242767333984375,-0.0750988658511973,-0.0750988658511973,False,-0.0012311289483802835,-0.0012311289483802835,0.00010308953341740226,-0.0013342184817976858,507.747484,1.59,0.6666666666666666,0.740983606557377,0.7114754098360656,0.3949579831932773,,0.49019607843137253,0.3445378151260504,0.3333333333333333,0.13725490196078433
2023-08-28,PDI,PREDICTIVE DISC LTD ORDINARY,-0.01639344262295082,0.1850000023841858,0.19499999284744263,-0.054054001807470664,-0.054054001807470664,False,-0.0008861311771716503,-0.0008861311771716503,0.00010308953341740226,-0.0009892207105890525,325.580805,0.31,0.2857142857142857,0.7704918032786885,0.7868852459016393,0.28291316526610644,,0.12044817927170869,0.30532212885154064,0.08123249299719888,0.0070028011204481795
2023-08-28,MVP,MEDICAL DEVELOPMENTS ORDINARY,-0.01639344262295082,1.0499999523162842,0.8500000238418579,0.1904761310067009,0.1904761310067009,False,0.0031225595247000152,0.0031225595247000152,0.00010308953341740226,0.0030194699912826127,67.78882,0.76,0.47478991596638653,0.9442622950819672,0.9377049180327869,0.06722689075630252,,0.056022408963585436,0.17086834733893558,0.22128851540616246,0.876750700280112
2023-08-28,PDN,PALADIN ENERGY LTD ORDINARY,-0.01639344262295082,8.449999809265137,11.0,-0.3017751773128887,-0.16,True,-0.004947134054309651,-0.002622950819672131,0.00018505674653215636,-0.0028080075662042874,1405.533068,4.22,0.9019607843137255,0.9278688524590164,0.4098360655737705,0.6022408963585434,,0.37815126050420167,0.3949579831932773,0.46218487394957986,0.45938375350140054
2023-08-28,PAC,PACIFIC GRP LTD ORDINARY,-0.01639344262295082,9.913700103759766,8.8706636428833,0.10521162128768591,0.10521162128768591,False,0.0017247806768473102,0.0017247806768473102,0.00010308953341740226,0.001621691143429908,353.02722,0.03,0.10364145658263306,0.9967213114754099,0.4065573770491803,0.31092436974789917,,0.7507002801120448,0.35014005602240894,0.11484593837535013,0.38095238095238093
2023-08-28,CHN,CHALICE MINING LTD ORDINARY,-0.01639344262295082,5.059999942779541,2.299999952316284,0.545454549738027,0.545454549738027,False,0.00894187786455782,0.00894187786455782,0.00010308953341740226,0.008838788331140417,2370.39282,4.02,0.8935574229691877,0.08524590163934426,0.639344262295082,0.7002801120448179,,0.3137254901960784,0.12605042016806722,0.1400560224089636,0.9439775910364145
2023-08-28,PNV,POLYNOVO LIMITED ORDINARY,-0.01639344262295082,1.5099999904632568,1.3300000429153442,0.11920526402963083,0.11920526402963083,False,0.0019541846562234565,0.0019541846562234565,0.00010308953341740226,0.0018510951228060543,1069.86115,3.07,0.8207282913165266,0.521311475409836,0.4557377049180328,0.5490196078431373,,0.3473389355742297,0.32212885154061627,0.484593837535014,0.834733893557423
2023-08-28,WBT,WEEBIT NANO LTD ORDINARY,-0.01639344262295082,4.570000171661377,3.359999895095825,0.2647702912723674,0.2647702912723674,False,0.004340496578235532,0.004340496578235532,0.00010308953341740226,0.00423740704481813,909.36106,4.86,0.9243697478991597,0.09508196721311475,0.5540983606557377,0.5238095238095238,,0.2969187675070028,0.11764705882352941,0.09523809523809523,0.45938375350140054
2023-08-28,VVA,VIVA LEISURE LIMITED ORDINARY,-0.01639344262295082,1.3849999904632568,1.5499999523162842,-0.11913354728460179,-0.11913354728460179,False,-0.001953008971878718,-0.001953008971878718,0.00010308953341740226,-0.00205609850529612,114.234229,0.0,0.029411764705882353,0.7311475409836066,0.6655737704918033,0.11484593837535013,0.722488038277512,0.9215686274509803,0.4733893557422969,0.9551820728291317,0.7030812324929971
2023-08-28,VUL,VULCAN ENERGY ORDINARY,-0.01639344262295082,3.259999990463257,2.9000000953674316,0.11042941599661416,0.11042941599661416,False,0.0018103182950264616,0.0018103182950264616,0.00010308953341740226,0.0017072287616090593,382.577341,4.98,0.9299719887955182,0.22950819672131148,0.5409836065573771,0.33613445378151263,,0.0700280112044818,0.22969187675070027,0.15966386554621848,0.9593837535014006
2023-08-28,PPK,PPK GROUP LIMITED ORDINARY,-0.01639344262295082,1.149999976158142,0.8100000023841858,0.29565215723726346,0.29565215723726346,False,0.004846756676020712,0.004846756676020712,0.00010308953341740226,0.00474366714260331,122.873819,0.34,0.3067226890756303,0.12131147540983607,0.760655737704918,0.12885154061624648,,0.1484593837535014,0.29971988795518206,0.36694677871148457,0.9971988795518207
2023-08-28,SYR,SYRAH RESOURCES ORDINARY,-0.01639344262295082,0.5450000166893005,0.550000011920929,-0.009174302896359121,-0.009174302896359121,False,-0.00015039840813703477,-0.00015039840813703477,0.00010308953341740226,-0.000253487941554437,414.963178,9.04,0.9943977591036415,0.03934426229508197,0.8,0.35014005602240894,,0.047619047619047616,0.1792717086834734,0.6330532212885154,0.04481792717086835
2023-08-28,TPG,TPG TELECOM LIMITED. ORDINARY,-0.01639344262295082,4.8563385009765625,4.953919410705566,-0.020093514838263715,-0.020093514838263715,False,-0.00032940188259448713,-0.00032940188259448713,0.00010308953341740226,-0.0004324914160118894,9042.432634,0.61,0.4019607843137255,0.5114754098360655,0.6295081967213115,0.8879551820728291,0.9473684210526315,0.32212885154061627,0.41456582633053224,0.6554621848739496,0.3557422969187675
2023-08-28,SPL,STARPHARMA HOLDINGS ORDINARY,-0.01639344262295082,0.13500000536441803,0.1599999964237213,-0.18518511159920692,-0.16,True,-0.003035821501626343,-0.002622950819672131,0.00018505674653215636,-0.0028080075662042874,126.956952,1.51,0.6610644257703081,0.006557377049180328,0.9344262295081968,0.13165266106442577,,0.14565826330532214,0.10644257703081232,0.4789915966386555,0.9411764705882353
2023-08-28,IXR,IONIC RARE EARTHS ORDINARY,-0.01639344262295082,0.5099999904632568,0.7200000286102295,-0.41176478838013275,-0.16,True,-0.006750242432461193,-0.002622950819672131,0.00018505674653215636,-0.0028080075662042874,86.814308,0.04,0.11064425770308123,0.11147540983606558,0.5672131147540984,0.08403361344537816,,0.15406162464985995,0.16246498599439776,0.09243697478991597,1.0
2023-08-28,SGR,THE STAR ENT GRP ORDINARY,-0.01639344262295082,0.873678982257843,0.6150000095367432,0.29608011406271606,0.29608011406271606,False,0.0048537723616838705,0.0048537723616838705,0.00010308953341740226,0.004750682828266468,1806.798396,1.77,0.6890756302521008,0.14754098360655737,0.9245901639344263,0.6442577030812325,,0.08403361344537816,0.03081232492997199,0.6162464985994398,0.18487394957983194
2023-08-28,RWC,RELIANCE WORLDWIDE ORDINARY,-0.01639344262295082,3.85579252243042,3.719909906387329,0.03524116384702147,0.03524116384702147,False,0.0005777239974921553,0.0005777239974921553,0.00010308953341740226,0.00047463446407475306,2140.646453,1.25,0.5994397759103641,0.3901639344262295,0.7344262295081967,0.680672268907563,0.24401913875598086,0.8711484593837535,0.7927170868347339,0.6246498599439776,0.9523809523809523
2023-08-28,RCR,RINCON ORDINARY,-0.01639344262295082,0.03099999949336052,0.03400000184774399,-0.09677427107784298,-0.09677427107784298,False,-0.0015864634602925079,-0.0015864634602925079,0.00010308953341740226,-0.0016895529937099101,3.18482608,0.21,0.24929971988795518,0.036065573770491806,0.9049180327868852,0.0028011204481792717,,0.03081232492997199,0.17366946778711484,0.16526610644257703,0.45938375350140054
2023-08-28,PWH,PWR HOLDINGS LIMITED ORDINARY,-0.01639344262295082,9.801826477050781,10.762432098388672,-0.0980027164923778,-0.0980027164923778,False,-0.0016066019097111114,-0.0016066019097111114,0.00010308953341740226,-0.0017096914431285136,870.297547,0.1,0.19047619047619047,0.8163934426229508,0.8295081967213115,0.5070028011204482,0.7368421052631579,0.48179271708683474,0.8991596638655462,0.44537815126050423,0.8543417366946778
2023-08-28,SRL,SUNRISE ORDINARY,-0.01639344262295082,1.0149999856948853,0.7699999809265137,0.24137931844466054,0.24137931844466054,False,0.0039570380072895175,0.0039570380072895175,0.00010308953341740226,0.0038539484738721154,95.461351,1.94,0.7170868347338936,0.23934426229508196,0.6262295081967213,0.09243697478991597,,0.21008403361344538,0.11204481792717087,0.1568627450980392,0.9215686274509803
2023-09-25,BRN,BRAINCHIP LTD ORDINARY,-0.01639344262295082,0.18000000715255737,0.16500000655651093,0.08333333333333337,0.08333333333333337,False,0.0013661202185792356,0.0013661202185792356,0.00010308953341740226,0.0012630306851618334,445.677418,6.08,0.9549295774647887,0.0297029702970297,0.976897689768977,0.36338028169014086,,0.27605633802816903,0.02535211267605634,0.30140845070422534,0.059154929577464786
2023-09-25,BMN,BANNERMAN ENERGY LTD ORDINARY,-0.01639344262295082,2.759999990463257,2.5899999141693115,0.06159423075411363,0.06159423075411363,False,0.0010097414877723546,0.0010097414877723546,0.00010308953341740226,0.0009066519543549523,248.34315,0.51,0.3619718309859155,0.9933993399339934,0.6501650165016502,0.23380281690140844,,0.28450704225352114,0.323943661971831,0.05070422535211268,0.9943661971830986
2023-09-25,BBN,BABY BUNTING GRP LTD ORDINARY,-0.01639344262295082,2.1458141803741455,1.6167770624160767,0.24654377009747674,0.24654377009747674,False,0.004041701149138963,0.004041701149138963,0.00010308953341740226,0.003938611615721561,186.170954,2.74,0.8,0.9801980198019802,0.8811881188118812,0.18591549295774648,0.36363636363636365,0.9464788732394366,0.7295774647887324,0.895774647887324,0.6084507042253521
2023-09-25,ASM,AUSSTRATMATERIALS ORDINARY,-0.01639344262295082,1.534999966621399,1.409999966621399,0.08143322652646723,0.08143322652646723,False,0.0013349709266633973,0.0013349709266633973,0.00010308953341740226,0.001231881393245995,183.375749,3.35,0.8422535211267606,0.9207920792079208,0.9636963696369637,0.17746478873239438,,0.09014084507042254,0.2084507042253521,0.30422535211267604,0.19718309859154928
2023-09-25,APX,APPEN LIMITED ORDINARY,-0.01639344262295082,1.1231720447540283,0.8276000022888184,0.263158296937438,0.263158296937438,False,0.004314070441597344,0.004314070441597344,0.00010308953341740226,0.004210980908179942,220.491445,7.7,0.9802816901408451,0.0429042904290429,0.6732673267326733,0.2112676056338028,,0.3267605633802817,0.07887323943661972,0.3323943661971831,0.09577464788732394
2023-09-25,FBR,FBR LTD ORDINARY,-0.01639344262295082,0.027000000700354576,0.024000000208616257,0.11111112644152343,0.11111112644152343,False,0.0018214938760905482,0.0018214938760905482,0.00010308953341740226,0.001718404342673146,95.391356,0.27,0.2577464788732394,0.49504950495049505,0.6831683168316832,0.08450704225352113,,0.0647887323943662,0.14647887323943662,0.36056338028169016,0.9098591549295775
2023-09-25,AMA,AMA GROUP LIMITED ORDINARY,-0.01639344262295082,0.35773399472236633,0.5723749995231628,-0.6000016994956747,-0.16,True,-0.009836093434355323,-0.002622950819672131,0.00018505674653215636,-0.0028080075662042874,108.48135,3.82,0.8816901408450705,0.0231023102310231,0.9867986798679867,0.10140845070422536,,0.9183098591549296,0.0028169014084507044,0.9915492957746479,0.5915492957746479
2023-09-25,ALC,ALCIDION GROUP LTD ORDINARY,-0.01639344262295082,0.11500000208616257,0.09700000286102295,0.15652172955312904,0.15652172955312904,False,0.002565929992674247,0.002565929992674247,0.00010308953341740226,0.0024628404592568444,120.46656,0.13,0.18169014084507043,0.8811881188118812,0.8415841584158416,0.11549295774647887,,0.7211267605633803,0.36338028169014086,0.18873239436619718,0.7352112676056338
2023-09-25,AGY,ARGOSY MINERALS LTD ORDINARY,-0.01639344262295082,0.17499999701976776,0.16500000655651093,0.057142803620318094,0.057142803620318094,False,0.0009367672724642311,0.0009367672724642311,0.00010308953341740226,0.0008336777390468288,547.71873,4.32,0.9042253521126761,0.019801980198019802,0.8910891089108911,0.4028169014084507,0.9904306220095693,0.3408450704225352,0.4676056338028169,0.08169014084507042,0.030985915492957747
2023-09-25,ADH,ADAIRS LIMITED ORDINARY,-0.01639344262295082,1.2133163213729858,1.0867472887039185,0.10431659942218707,0.10431659942218707,False,0.0017101081872489684,0.0017101081872489684,0.00010308953341740226,0.0016070186538315661,273.323594,2.97,0.8169014084507042,0.2739273927392739,0.6468646864686468,0.2535211267605634,0.19138755980861244,0.9352112676056338,0.7746478873239436,0.8732394366197183,0.2591549295774648
2023-09-25,ABY,ADORE BEAUTY ORDINARY,-0.01639344262295082,0.800000011920929,0.9950000047683716,-0.24374998742714538,-0.16,True,-0.003995901433231892,-0.002622950819672131,0.00018505674653215636,-0.0028080075662042874,75.125897,2.09,0.7267605633802817,0.4752475247524752,0.7194719471947195,0.07323943661971831,,0.2647887323943662,0.3380281690140845,0.16901408450704225,0.27605633802816903
2023-09-25,BUB,BUBS AUST LTD ORDINARY,-0.01639344262295082,0.1599999964237213,0.16500000655651093,-0.03125006402842834,-0.03125006402842834,False,-0.0005122961316135793,-0.0005122961316135793,0.00010308953341740226,-0.0006153856650309815,135.244333,1.83,0.6788732394366197,0.22772277227722773,0.735973597359736,0.14084507042253522,,0.05070422535211268,0.008450704225352112,0.3380281690140845,0.23943661971830985
2023-09-25,ANG,AUSTIN ENGINEERING ORDINARY,-0.01639344262295082,0.24356061220169067,0.22977416217327118,0.05660377473925482,0.05660377473925482,False,0.0009279307334304069,0.0009279307334304069,0.00010308953341740226,0.0008248412000130046,160.418385,0.12,0.1732394366197183,0.30363036303630364,0.10891089108910891,0.15774647887323945,0.6889952153110048,0.2140845070422535,0.49859154929577465,0.6394366197183099,0.8732394366197183
2023-09-25,BVS,BRAVURA SOLUTION LTD ORDINARY,-0.01639344262295082,0.5853890180587769,0.5482869744300842,0.06338014975362471,0.06338014975362471,False,0.0010390188484200773,0.0010390188484200773,0.00010308953341740226,0.000935929315002675,210.72638,0.67,0.4253521126760563,0.966996699669967,0.8448844884488449,0.2028169014084507,,0.10985915492957747,0.028169014084507043,0.4563380281690141,0.7183098591549296
2023-09-25,CXL,CALIX LIMITED ORDINARY,-0.01639344262295082,2.809999942779541,2.490000009536743,0.11387898212064251,0.11387898212064251,False,0.0018668685593547954,0.0018668685593547954,0.00010308953341740226,0.0017637790259373931,755.53381,3.54,0.8492957746478873,0.0891089108910891,0.5676567656765676,0.4704225352112676,,0.28732394366197184,0.14929577464788732,0.16056338028169015,0.7661971830985915
2023-09-25,CHN,CHALICE MINING LTD ORDINARY,-0.01639344262295082,2.4200000762939453,1.8450000286102295,0.23760331799835588,0.23760331799835588,False,0.003895136360628785,0.003895136360628785,0.00010308953341740226,0.003792046827211383,2370.39282,5.22,0.9253521126760563,0.0165016501650165,0.9306930693069307,0.6985915492957746,,0.3126760563380282,0.1267605633802817,0.13802816901408452,0.9464788732394366
2023-09-25,CDA,CODAN LIMITED ORDINARY,-0.01639344262295082,7.716864109039307,7.630157947540283,0.011235932144698313,0.011235932144698313,False,0.00018419560892948055,0.00018419560892948055,0.00010308953341740226,8.110607551207829e-05,1454.779794,0.56,0.38873239436619716,0.7029702970297029,0.6402640264026402,0.6056338028169014,0.5550239234449761,0.5830985915492958,0.8,0.543661971830986,0.7633802816901408
2023-09-25,ELD,ELDERS LIMITED ORDINARY,-0.01639344262295082,5.119386196136475,5.008650779724121,0.021630604172024337,0.021630604172024337,False,0.0003546000683938416,0.0003546000683938416,0.00010308953341740226,0.0002515105349764393,1330.0545,6.63,0.9690140845070423,0.27722772277227725,0.013201320132013201,0.5830985915492958,0.3875598086124402,0.11549295774647887,0.676056338028169,0.7690140845070422,0.18873239436619718
2023-09-25,EGR,ECOGRAF LIMITED ORDINARY,-0.01639344262295082,0.10999999940395355,0.20999999344348907,-0.9090908598308718,-0.16,True,-0.014903128849686424,-0.002622950819672131,0.00018505674653215636,-0.0028080075662042874,63.046684,0.77,0.4704225352112676,0.10891089108910891,0.8052805280528053,0.056338028169014086,,0.2056338028169014,0.2112676056338028,0.028169014084507043,0.4507042253521127
2023-09-25,DYL,DEEP YELLOW LIMITED ORDINARY,-0.01639344262295082,1.2050000429153442,1.274999976158142,-0.05809122883800222,-0.05809122883800222,False,-0.0009523152268524955,-0.0009523152268524955,0.00010308953341740226,-0.0010554047602698976,572.44553,3.51,0.8450704225352113,0.9900990099009901,0.7953795379537953,0.4084507042253521,,0.2676056338028169,0.3352112676056338,0.14929577464788732,0.6169014084507042
2023-09-25,DMP,DOMINO PIZZA ENTERPR ORDINARY,-0.01639344262295082,50.071197509765625,46.11552429199219,0.07900097090751512,0.07900097090751512,False,0.001295097883729756,0.001295097883729756,0.00010308953341740226,0.0011920083503123538,4136.467364,6.25,0.9577464788732394,0.8382838283828383,0.5115511551155115,0.7887323943661971,,0.5126760563380282,0.23661971830985915,0.9605633802816902,0.5774647887323944
2023-09-25,EML,EML PAYMENTS LTD ORDINARY,-0.01639344262295082,1.1649999618530273,1.090000033378601,0.06437762311608386,0.06437762311608386,False,0.001055370870755473,0.001055370870755473,0.00010308953341740226,0.0009522813373380708,233.74008,1.94,0.6901408450704225,0.9966996699669967,1.0,0.21690140845070421,,1.0,0.016901408450704224,0.7126760563380282,0.819718309859155
2023-09-25,CUV,CLINUVEL PHARMACEUT. ORDINARY,-0.01639344262295082,15.106886863708496,14.71012020111084,0.026263959356895406,0.026263959356895406,False,0.0004305567107687772,0.0004305567107687772,0.00010308953341740226,0.0003274671773513749,883.456843,3.6,0.8591549295774648,0.17491749174917492,0.5610561056105611,0.504225352112676,0.5885167464114832,0.523943661971831,0.8394366197183099,0.11549295774647887,0.9380281690140845
2023-09-25,CTM,CENTAURUS METALS LTD ORDINARY,-0.01639344262295082,0.6800000071525574,0.4749999940395355,0.3014706043481412,0.3014706043481412,False,0.004942141054887561,0.004942141054887561,0.00010308953341740226,0.004839051521470159,381.47447,0.22,0.2295774647887324,0.12211221122112212,0.8118811881188119,0.3295774647887324,,0.16619718309859155,0.01971830985915493,0.2028169014084507,0.4507042253521127
2023-09-25,CST,CASTILE RESOURCES ORDINARY,-0.01639344262295082,0.0560000017285347,0.06400000303983688,-0.14285716186372532,-0.14285716186372532,False,-0.002341920686290579,-0.002341920686290579,0.00010308953341740226,-0.002445010219707981,20.561706,0.01,0.0676056338028169,0.08250825082508251,0.2871287128712871,0.016901408450704224,,0.16056338028169015,0.3295774647887324,0.07042253521126761,0.7126760563380282
2023-09-25,CLV,CLOVER CORPORATION ORDINARY,-0.01639344262295082,1.0163840055465698,0.8015544414520264,0.2113665336351066,0.2113665336351066,False,0.0034650251415591247,0.0034650251415591247,0.00010308953341740226,0.0033619356081417227,182.02891,0.0,0.028169014084507043,0.25742574257425743,0.6204620462046204,0.17464788732394365,0.7894736842105263,0.6845070422535211,0.5549295774647888,0.4084507042253521,0.13802816901408452
2023-09-25,CIA,CHAMPION IRON LTD ORDINARY,-0.01639344262295082,5.6506452560424805,6.369487285614014,-0.12721414935804787,-0.12721414935804787,False,-0.002085477858328654,-0.002085477858328654,0.00010308953341740226,-0.0021885673917460564,2773.918728,2.26,0.7464788732394366,0.636963696369637,0.8844884488448845,0.7267605633802817,0.9282296650717703,0.352112676056338,0.447887323943662,0.6197183098591549,0.09014084507042254
2023-09-25,EXR,ELIXIR ENERGY LTD ORDINARY,-0.01639344262295082,0.05999999865889549,0.07000000029802322,-0.16666669771075315,-0.16,True,-0.002732240946077921,-0.002622950819672131,0.00018505674653215636,-0.0028080075662042874,72.994984,0.02,0.09014084507042254,0.1254125412541254,0.9504950495049505,0.07042253521126761,,0.15774647887323945,0.24788732394366197,0.0647887323943662,0.4507042253521127
2023-09-25,ASB,AUSTAL LIMITED ORDINARY,-0.01639344262295082,1.7999999523162842,1.659999966621399,0.07777777189089907,0.07777777189089907,False,0.0012750454408344111,0.0012750454408344111,0.00010308953341740226,0.0011719559074170089,855.53445,0.84,0.49014084507042255,0.1551155115511551,0.5544554455445545,0.49295774647887325,,0.3971830985915493,0.36901408450704226,0.49014084507042255,0.5943661971830986
2023-09-25,DUB,DUBBER CORP LTD ORDINARY,-0.01639344262295082,0.12999999523162842,0.17000000178813934,-0.30769236941309597,-0.16,True,-0.005044137203493376,-0.002622950819672131,0.00018505674653215636,-0.0028080075662042874,100.9376,0.77,0.4704225352112676,0.052805280528052806,0.9966996699669967,0.09577464788732394,,0.03943661971830986,0.036619718309859155,0.4140845070422535,0.8
2023-09-25,GLN,GALAN LITHIUM LTD ORDINARY,-0.01639344262295082,0.6000000238418579,0.6399999856948853,-0.06666660043928618,-0.06666660043928618,False,-0.001092895089168626,-0.001092895089168626,0.00010308953341740226,-0.0011959846225860283,269.77502,1.09,0.571830985915493,0.07590759075907591,0.7821782178217822,0.24788732394366197,,0.1267605633802817,0.2535211267605634,0.12394366197183099,0.4507042253521127
2023-09-25,OCC,ORTHOCELL LIMITED ORDINARY,-0.01639344262295082,0.3799999952316284,0.33000001311302185,0.1315789019632202,0.1315789019632202,False,0.0021570311797249214,0.0021570311797249214,0.00010308953341740226,0.002053941646307519,69.056074,0.05,0.1267605633802817,0.7227722772277227,0.16501650165016502,0.0647887323943662,,0.2591549295774648,0.061971830985915494,0.323943661971831,0.9830985915492958
2023-09-25,SLX,SILEX SYSTEMS ORDINARY,-0.01639344262295082,3.4800000190734863,3.1700000762939453,0.08908044283921446,0.08908044283921446,False,0.0014603351285117124,0.0014603351285117124,0.00010308953341740226,0.0013572455950943102,896.55488,5.22,0.9253521126760563,0.3102310231023102,0.8283828382838284,0.5098591549295775,,0.36338028169014086,0.21690140845070421,0.10704225352112676,0.36338028169014086
2023-09-25,MYX,MAYNE PHARMA LTD ORDINARY,-0.01639344262295082,3.4200000762939453,3.7699999809265137,-0.10233915111833647,-0.10233915111833647,False,-0.0016776910019399422,-0.0016776910019399422,0.00010308953341740226,-0.0017807805353573444,367.057301,2.67,0.7901408450704225,0.1353135313531353,0.900990099009901,0.3126760563380282,,0.6676056338028169,0.08169014084507042,0.29295774647887324,0.14366197183098592
2023-09-25,MYS,MYSTATE LIMITED ORDINARY,-0.01639344262295082,2.735658645629883,2.5265636444091797,0.07643314766435683,0.07643314766435683,False,0.0012530024207271612,0.0012530024207271612,0.00010308953341740226,0.001149912887309759,346.858825,0.02,0.09014084507042254,0.5313531353135313,0.08250825082508251,0.30422535211267604,0.215311004784689,0.27323943661971833,0.571830985915493,0.9746478873239437,0.8760563380281691
2023-09-25,MVP,MEDICAL DEVELOPMENTS ORDINARY,-0.01639344262295082,0.8399999737739563,0.8149999976158142,0.029761877307950435,0.029761877307950435,False,0.0004878996279991875,0.0004878996279991875,0.00010308953341740226,0.00038481009458178524,67.78882,0.69,0.43661971830985913,0.6105610561056105,0.9240924092409241,0.061971830985915494,,0.05352112676056338,0.17183098591549295,0.21690140845070421,0.8788732394366198
2023-09-25,MMS,MCMILLAN SHAKESPEARE ORDINARY,-0.01639344262295082,13.206551551818848,13.44725513458252,-0.018226073764920248,-0.018226073764920248,False,-0.0002987880945068893,-0.0002987880945068893,0.00010308953341740226,-0.0004018776279242916,1257.753013,0.28,0.26901408450704223,0.38613861386138615,0.49174917491749176,0.5774647887323944,,0.23098591549295774,0.30140845070422534,0.9323943661971831,0.05070422535211268
2023-09-25,M7T,MACH7 TECH LIMITED ORDINARY,-0.01639344262295082,0.699999988079071,0.6399999856948853,0.08571429057997104,0.08571429057997104,False,0.0014051523045896892,0.0014051523045896892,0.00010308953341740226,0.001302062771172287,148.805816,0.15,0.19295774647887323,0.4158415841584158,0.8085808580858086,0.14647887323943662,,0.504225352112676,0.3267605633802817,0.17183098591549295,0.16901408450704225
2023-09-25,IMU,IMUGENE LIMITED ORDINARY,-0.01639344262295082,1.8020000457763672,1.4279999732971191,0.2075472047605389,0.2075472047605389,False,0.00340241319279572,0.00340241319279572,0.00010308953341740226,0.0032993236593783174,583.740904,4.14,0.8929577464788733,0.056105610561056105,0.6039603960396039,0.4140845070422535,,0.30140845070422534,0.16901408450704225,0.08732394366197183,0.895774647887324
2023-09-25,LKE,LAKE RESOURCES ORDINARY,-0.01639344262295082,0.16500000655651093,0.17000000178813934,-0.030303000199675578,-0.030303000199675578,False,-0.0004967704950766488,-0.0004967704950766488,0.00010308953341740226,-0.0005998600284940511,421.419,4.13,0.8901408450704226,0.0462046204620462,0.6303630363036303,0.352112676056338,,0.10422535211267606,0.08450704225352113,0.14084507042253522,0.9408450704225352
2023-09-25,IXR,IONIC RARE EARTHS ORDINARY,-0.01639344262295082,0.6899999976158142,0.6899999976158142,-0.0,-0.0,False,-0.0,-0.0,0.00010308953341740226,-0.00010308953341740226,86.814308,0.05,0.1267605633802817,0.6435643564356436,0.9900990099009901,0.07887323943661972,,0.15211267605633802,0.16338028169014085,0.09014084507042254,1.0
2023-09-25,IRI,INTEGRATED RESEARCH ORDINARY,-0.01639344262295082,0.31371167302131653,0.3090982735157013,0.01470585860316953,0.01470585860316953,False,0.0002410796492322874,0.0002410796492322874,0.00010308953341740226,0.00013799011581488513,66.56265,0.06,0.13943661971830987,0.3564356435643564,0.8976897689768977,0.059154929577464786,,0.9408450704225352,0.03943661971830986,0.2647887323943662,0.15211267605633802
2023-09-25,IRE,IRESS LIMITED ORDINARY,-0.01639344262295082,5.791433334350586,4.7367024421691895,0.18211914586420208,0.18211914586420208,False,0.002985559768265608,0.002985559768265608,0.00010308953341740226,0.002882470234848206,1873.05425,3.55,0.8535211267605634,0.0627062706270627,0.35973597359735976,0.6535211267605634,,0.49859154929577465,0.04507042253521127,0.9070422535211268,0.5380281690140845
2023-09-25,NMT,NEOMETALS LTD ORDINARY,-0.01639344262295082,0.350398987531662,0.22386600077152252,0.36111116545023114,0.36111116545023114,False,0.005919855171315265,0.005919855171315265,0.00010308953341740226,0.005816765637897863,276.804185,3.54,0.8492957746478873,0.12871287128712872,0.933993399339934,0.2591549295774648,,0.2028169014084507,0.09577464788732394,0.14647887323943662,0.4507042253521127
2023-09-25,LOT,LOTUS RESOURCES LTD ORDINARY,-0.01639344262295082,2.759999990463257,2.5299999713897705,0.08333334053196195,0.08333334053196195,False,0.0013661203365895403,0.0013661203365895403,0.00010308953341740226,0.001263030803172138,248.928848,0.94,0.5309859154929577,0.9405940594059405,0.9108910891089109,0.23661971830985915,,0.23661971830985915,0.15211267605633802,0.028169014084507043,0.016901408450704224
2023-09-25,NXL,NUIX LIMITED ORDINARY,-0.01639344262295082,1.4550000429153442,1.399999976158142,0.03780073205152623,0.03780073205152623,False,0.0006196841319922333,0.0006196841319922333,0.00010308953341740226,0.0005165945985748311,269.760022,0.8,0.4802816901408451,0.9867986798679867,0.9141914191419142,0.24507042253521127,,0.4253521126760563,0.29577464788732394,0.24225352112676057,0.6647887323943662
2023-09-25,KGN,KOGAN.COM LTD ORDINARY,-0.01639344262295082,4.6640801429748535,4.100696086883545,0.12079210451387523,0.12079210451387523,False,0.0019801984346536922,0.0019801984346536922,0.00010308953341740226,0.00187710890123629,507.747484,1.37,0.6070422535211267,0.5676567656765676,0.7854785478547854,0.39154929577464787,,0.49014084507042255,0.3436619718309859,0.3295774647887324,0.1323943661971831
2023-09-25,PAC,PACIFIC GRP LTD ORDINARY,-0.01639344262295082,9.971534729003906,8.379364013671875,0.15967158101560153,0.15967158101560153,False,0.002617566901895107,0.002617566901895107,0.00010308953341740226,0.002514477368477705,353.02722,0.11,0.1647887323943662,0.9702970297029703,0.49504950495049505,0.30985915492957744,,0.7492957746478873,0.3492957746478873,0.11267605633802817,0.37183098591549296
2023-09-25,WBT,WEEBIT NANO LTD ORDINARY,-0.01639344262295082,3.380000114440918,3.609999895095825,-0.06804727007914657,-0.06804727007914657,False,-0.0011155290176909274,-0.0011155290176909274,0.00010308953341740226,-0.0012186185511083296,909.36106,5.7,0.9436619718309859,0.10231023102310231,0.37623762376237624,0.5183098591549296,,0.29577464788732394,0.11830985915492957,0.09295774647887324,0.4507042253521127
2023-09-25,VVA,VIVA LEISURE LIMITED ORDINARY,-0.01639344262295082,1.5499999523162842,1.399999976158142,0.09677418114367398,0.09677418114367398,False,0.0015864619859618685,0.0015864619859618685,0.00010308953341740226,0.0014833724525444663,114.234229,0.0,0.028169014084507043,0.8910891089108911,0.594059405940594,0.10985915492957747,0.722488038277512,0.923943661971831,0.4732394366197183,0.9577464788732394,0.7014084507042253
2023-09-25,VUL,VULCAN ENERGY ORDINARY,-0.01639344262295082,3.0899999141693115,2.1700000762939453,0.29773458363434646,0.29773458363434646,False,0.004880894813677811,0.004880894813677811,0.00010308953341740226,0.004777805280260409,382.577341,5.34,0.9323943661971831,0.11551155115511551,0.9075907590759076,0.3323943661971831,,0.0676056338028169,0.22816901408450704,0.15774647887323945,0.9619718309859155
2023-09-25,TPG,TPG TELECOM LIMITED. ORDINARY,-0.01639344262295082,5.0535407066345215,4.600714206695557,0.0896057885403937,0.0896057885403937,False,0.0014689473531212082,0.0014689473531212082,0.00010308953341740226,0.001365857819703806,9042.432634,0.72,0.45211267605633804,0.8316831683168316,0.23102310231023102,0.8873239436619719,0.9521531100478469,0.3211267605633803,0.4140845070422535,0.6535211267605634,0.3492957746478873
2023-09-25,TLG,TALGA GROUP LTD ORDINARY,-0.01639344262295082,1.1200000047683716,1.0700000524520874,0.04464281437804518,0.04464281437804518,False,0.0007318494160335276,0.0007318494160335276,0.00010308953341740226,0.0006287598826161254,629.613298,2.83,0.8042253521126761,0.1485148514851485,0.966996699669967,0.43380281690140843,,0.21971830985915494,0.059154929577464786,0.24507042253521127,0.9492957746478873
2023-09-25,SYR,SYRAH RESOURCES ORDINARY,-0.01639344262295082,0.4699999988079071,0.7200000286102295,-0.5319149583753497,-0.16,True,-0.00871991735041557,-0.002622950819672131,0.00018505674653215636,-0.0028080075662042874,414.963178,8.85,0.9915492957746479,0.036303630363036306,0.9207920792079208,0.3464788732394366,,0.04507042253521127,0.17746478873239438,0.6309859154929578,0.04507042253521127
2023-09-25,GPR,GEOPACIFIC RESOURCES ORDINARY,-0.01639344262295082,0.017999999225139618,0.014999999664723873,0.16666664941995157,0.16666664941995157,False,0.002732240154425436,0.002732240154425436,0.00010308953341740226,0.0026291506210080334,10.939424,0.0,0.028169014084507043,0.3069306930693069,0.9174917491749175,0.011267605633802818,,0.005633802816901409,0.2,0.05352112676056338,0.4507042253521127
2023-09-25,SPL,STARPHARMA HOLDINGS ORDINARY,-0.01639344262295082,0.1599999964237213,0.13500000536441803,0.15624994761310396,0.15624994761310396,False,0.0025614745510344913,0.0025614745510344913,0.00010308953341740226,0.0024583850176170888,126.956952,0.69,0.43661971830985913,0.039603960396039604,0.9537953795379538,0.1267605633802817,,0.14366197183098592,0.10704225352112676,0.476056338028169,0.9436619718309859
2023-09-25,SGR,THE STAR ENT GRP ORDINARY,-0.01639344262295082,0.6933959722518921,0.5450000166893005,0.21401329327116903,0.21401329327116903,False,0.003508414643789656,0.003508414643789656,0.00010308953341740226,0.0034053251103722537,1806.798396,5.29,0.9295774647887324,0.07920792079207921,0.7260726072607261,0.6422535211267606,,0.08169014084507042,0.030985915492957747,0.6140845070422535,0.17746478873239438
2023-09-25,PPK,PPK GROUP LIMITED ORDINARY,-0.01639344262295082,0.8550000190734863,0.9800000190734863,-0.1461988271479282,-0.1461988271479282,False,-0.002396702084392266,-0.002396702084392266,0.00010308953341740226,-0.0024997916178096683,122.873819,0.32,0.28450704225352114,0.066006600660066,0.8547854785478548,0.12394366197183099,,0.14647887323943662,0.29859154929577464,0.36338028169014086,0.9971830985915493
2023-09-25,PDN,PALADIN ENERGY LTD ORDINARY,-0.01639344262295082,10.449999809265137,9.449999809265137,0.09569378165092257,0.09569378165092257,False,0.0015687505188675833,0.0015687505188675833,0.00010308953341740226,0.001465660985450181,1405.533068,4.41,0.9098591549295775,0.9603960396039604,0.6765676567656765,0.5971830985915493,,0.37464788732394366,0.3971830985915493,0.4591549295774648,0.4507042253521127
2023-09-25,PDI,PREDICTIVE DISC LTD ORDINARY,-0.01639344262295082,0.2150000035762787,0.24500000476837158,-0.1395348869445454,-0.1395348869445454,False,-0.0022874571630253347,-0.0022874571630253347,0.00010308953341740226,-0.002390546696442737,325.580805,0.34,0.29295774647887324,0.9438943894389439,0.9570957095709571,0.28169014084507044,,0.11830985915492957,0.30422535211267604,0.07887323943661972,0.007042253521126761
2023-09-25,SRL,SUNRISE ORDINARY,-0.01639344262295082,0.7799999713897705,0.7149999737739563,0.08333333333333337,0.08333333333333337,False,0.0013661202185792356,0.0013661202185792356,0.00010308953341740226,0.0012630306851618334,95.461351,1.85,0.6816901408450704,0.0924092409240924,0.4389438943894389,0.08732394366197183,,0.2084507042253521,0.11267605633802817,0.15492957746478872,0.923943661971831
2023-10-30,BUB,BUBS AUST LTD ORDINARY,-0.016666666666666666,0.16500000655651093,0.11999999731779099,0.27272731788230486,0.27272731788230486,False,0.004545455298038415,0.004545455298038415,0.0001048076923076923,0.004440647605730722,135.244333,1.92,0.6782608695652174,0.45302013422818793,0.62751677852349,0.13043478260869565,,0.043478260869565216,0.008695652173913044,0.34202898550724636,0.24057971014492754
2023-10-30,BMN,BANNERMAN ENERGY LTD ORDINARY,-0.016666666666666666,2.5899999141693115,2.799999952316284,-0.08108109849660972,-0.08108109849660972,False,-0.001351351641610162,-0.001351351641610162,0.0001048076923076923,-0.0014561593339178541,248.34315,0.5,0.336231884057971,0.9966442953020134,0.7953020134228188,0.21159420289855072,,0.2608695652173913,0.3159420289855073,0.05217391304347826,0.9942028985507246
2023-10-30,BGA,BEGA CHEESE LTD ORDINARY,-0.016666666666666666,2.653759479522705,2.948621988296509,-0.11111124088262758,-0.11111124088262758,False,-0.0018518540147104596,-0.0018518540147104596,0.0001048076923076923,-0.001956661707018152,867.1068,3.6,0.8608695652173913,0.36577181208053694,0.8221476510067114,0.4927536231884058,,0.22318840579710145,0.08695652173913043,0.6347826086956522,0.5304347826086957
2023-10-30,BBN,BABY BUNTING GRP LTD ORDINARY,-0.016666666666666666,1.6167770624160767,1.779937982559204,-0.10091738925297666,-0.10091738925297666,False,-0.001681956487549611,-0.001681956487549611,0.0001048076923076923,-0.0017867641798573032,186.170954,2.33,0.7304347826086957,0.37583892617449666,0.7449664429530202,0.16521739130434782,0.3382352941176471,0.9478260869565217,0.7333333333333333,0.8956521739130435,0.6144927536231884
2023-10-30,ASM,AUSSTRATMATERIALS ORDINARY,-0.016666666666666666,1.409999966621399,1.3200000524520874,0.06382972787224006,0.06382972787224006,False,0.0010638287978706677,0.0010638287978706677,0.0001048076923076923,0.0009590211055629755,183.375749,3.19,0.8246376811594203,0.1040268456375839,0.8557046979865772,0.15942028985507245,,0.08115942028985507,0.19710144927536233,0.3130434782608696,0.2
2023-10-30,APX,APPEN LIMITED ORDINARY,-0.016666666666666666,0.8276000022888184,0.6000000238418579,0.27501205632854975,0.27501205632854975,False,0.004583534272142495,0.004583534272142495,0.0001048076923076923,0.004478726579834803,220.491445,10.14,0.991304347826087,0.006711409395973154,0.8859060402684564,0.19130434782608696,,0.3101449275362319,0.07536231884057971,0.336231884057971,0.08985507246376812
2023-10-30,AGY,ARGOSY MINERALS LTD ORDINARY,-0.016666666666666666,0.16500000655651093,0.1599999964237213,0.030303090509739783,0.030303090509739783,False,0.0005050515084956631,0.0005050515084956631,0.0001048076923076923,0.0004002438161879708,547.71873,6.77,0.9652173913043478,0.0436241610738255,0.8758389261744967,0.39420289855072466,0.9901960784313726,0.32753623188405795,0.45507246376811594,0.08695652173913043,0.02753623188405797
2023-10-30,AMA,AMA GROUP LIMITED ORDINARY,-0.016666666666666666,0.5723749995231628,0.6260349750518799,-0.09374968433879949,-0.09374968433879949,False,-0.0015624947389799916,-0.0015624947389799916,0.0001048076923076923,-0.0016673024312876838,108.48135,1.46,0.6014492753623188,0.040268456375838924,0.9865771812080537,0.0927536231884058,,0.9188405797101449,0.002898550724637681,0.991304347826087,0.591304347826087
2023-10-30,ADH,ADAIRS LIMITED ORDINARY,-0.016666666666666666,1.0867472887039185,1.3791654109954834,-0.2690764682194975,-0.16,True,-0.004484607803658292,-0.0026666666666666666,0.0001881410256410256,-0.002854807692307692,273.323594,2.93,0.7884057971014493,0.15100671140939598,0.5134228187919463,0.23478260869565218,0.1715686274509804,0.9333333333333333,0.7768115942028986,0.8724637681159421,0.2579710144927536
2023-10-30,ABY,ADORE BEAUTY ORDINARY,-0.016666666666666666,0.9950000047683716,1.149999976158142,-0.15577886497181814,-0.16,True,-0.002596314416196969,-0.0026666666666666666,0.0001881410256410256,-0.002854807692307692,75.125897,2.11,0.7,0.6946308724832215,0.9765100671140939,0.06376811594202898,,0.24347826086956523,0.33043478260869563,0.17391304347826086,0.2753623188405797
2023-10-30,A2M,THE A2 MILK COMPANY ORDINARY,-0.016666666666666666,3.770169734954834,3.8675901889801025,-0.025839805863922427,-0.025839805863922427,False,-0.0004306634310653738,-0.0004306634310653738,0.0001048076923076923,-0.0005354711233730661,3296.38108,5.08,0.9217391304347826,0.18791946308724833,0.40604026845637586,0.7478260869565218,0.8137254901960784,0.42028985507246375,0.5304347826086957,0.26666666666666666,0.057971014492753624
2023-10-30,CAT,CATAPULT GRP INT LTD ORDINARY,-0.016666666666666666,0.949999988079071,1.3300000429153442,-0.40000006274173217,-0.16,True,-0.0066666677123622025,-0.0026666666666666666,0.0001881410256410256,-0.002854807692307692,261.76052,0.0,0.028985507246376812,0.4563758389261745,0.6510067114093959,0.22318840579710145,,0.5333333333333333,0.17681159420289855,0.4463768115942029,0.0927536231884058
2023-10-30,ANG,AUSTIN ENGINEERING ORDINARY,-0.016666666666666666,0.22977416217327118,0.2895154356956482,-0.2599999623862257,-0.16,True,-0.004333332706437095,-0.0026666666666666666,0.0001881410256410256,-0.002854807692307692,160.418385,0.12,0.17246376811594202,0.5134228187919463,0.41946308724832215,0.14492753623188406,0.696078431372549,0.19710144927536233,0.48695652173913045,0.6463768115942029,0.8782608695652174
2023-10-30,IRI,INTEGRATED RESEARCH ORDINARY,-0.016666666666666666,0.3090982735157013,0.2952580451965332,0.04477614242793582,0.04477614242793582,False,0.0007462690404655969,0.0007462690404655969,0.0001048076923076923,0.0006414613481579047,66.56265,0.08,0.14492753623188406,0.3087248322147651,0.6342281879194631,0.04927536231884058,,0.9391304347826087,0.03768115942028986,0.27246376811594203,0.15942028985507245
2023-10-30,IRE,IRESS LIMITED ORDINARY,-0.016666666666666666,4.7367024421691895,7.392707824707031,-0.5607287801936562,-0.16,True,-0.00934547966989427,-0.0026666666666666666,0.0001881410256410256,-0.002854807692307692,1873.05425,3.33,0.8391304347826087,0.026845637583892617,0.6946308724832215,0.6492753623188405,,0.48985507246376814,0.043478260869565216,0.9101449275362319,0.5362318840579711
2023-10-30,CHN,CHALICE MINING LTD ORDINARY,-0.016666666666666666,1.8450000286102295,1.5549999475479126,0.15718161331453384,0.15718161331453384,False,0.002619693555242231,0.002619693555242231,0.0001048076923076923,0.0025148858629345386,2370.39282,5.45,0.9304347826086956,0.003355704697986577,0.6442953020134228,0.6898550724637681,,0.2927536231884058,0.11884057971014493,0.14202898550724638,0.9449275362318841
2023-10-30,HFR,HIGHFIELD RES LTD ORDINARY,-0.016666666666666666,0.3499999940395355,0.3100000023841858,0.11428569239013009,0.11428569239013009,False,0.0019047615398355014,0.0019047615398355014,0.0001048076923076923,0.0017999538475278092,211.787672,0.74,0.4405797101449275,0.17114093959731544,0.9362416107382551,0.1855072463768116,,0.1681159420289855,0.2985507246376812,0.4028985507246377,0.45217391304347826
2023-10-30,GLN,GALAN LITHIUM LTD ORDINARY,-0.016666666666666666,0.6399999856948853,0.6000000238418579,0.062499941792337754,0.062499941792337754,False,0.0010416656965389626,0.0010416656965389626,0.0001048076923076923,0.0009368580042312703,269.77502,1.18,0.5478260869565217,0.2684563758389262,0.9496644295302014,0.2289855072463768,,0.11304347826086956,0.24347826086956523,0.12753623188405797,0.45217391304347826
2023-10-30,EXR,ELIXIR ENERGY LTD ORDINARY,-0.016666666666666666,0.07000000029802322,0.09000000357627869,-0.28571433133008517,-0.16,True,-0.004761905522168086,-0.0026666666666666666,0.0001881410256410256,-0.002854807692307692,72.994984,0.02,0.08695652173913043,0.2181208053691275,0.825503355704698,0.06086956521739131,,0.14202898550724638,0.23768115942028986,0.06956521739130435,0.45217391304347826
2023-10-30,EGR,ECOGRAF LIMITED ORDINARY,-0.016666666666666666,0.20999999344348907,0.1599999964237213,0.23809523133734167,0.23809523133734167,False,0.003968253855622361,0.003968253855622361,0.0001048076923076923,0.0038634461633146686,63.046684,0.52,0.34492753623188405,0.9731543624161074,0.9932885906040269,0.0463768115942029,,0.18840579710144928,0.2,0.03188405797101449,0.45217391304347826
2023-10-30,DUB,DUBBER CORP LTD ORDINARY,-0.016666666666666666,0.17000000178813934,0.14499999582767487,0.1470588570441338,0.1470588570441338,False,0.0024509809507355634,0.0024509809507355634,0.0001048076923076923,0.002346173258427871,100.9376,0.81,0.4666666666666667,0.9161073825503355,0.8657718120805369,0.08695652173913043,,0.034782608695652174,0.034782608695652174,0.41739130434782606,0.8057971014492754
2023-10-30,IMU,IMUGENE LIMITED ORDINARY,-0.016666666666666666,1.4279999732971191,3.2639999389648438,-1.2857142857142856,-0.16,True,-0.021428571428571425,-0.0026666666666666666,0.0001881410256410256,-0.002854807692307692,583.740904,4.9,0.9159420289855073,0.02348993288590604,0.6644295302013423,0.4028985507246377,,0.2811594202898551,0.1565217391304348,0.0927536231884058,0.9014492753623189
2023-10-30,CXL,CALIX LIMITED ORDINARY,-0.016666666666666666,2.490000009536743,3.5399999618530273,-0.4216867262227977,-0.16,True,-0.0070281121037132945,-0.0026666666666666666,0.0001881410256410256,-0.002854807692307692,755.53381,4.22,0.8898550724637682,0.050335570469798654,0.9530201342281879,0.4579710144927536,,0.26666666666666666,0.1391304347826087,0.16521739130434782,0.7739130434782608
2023-10-30,CUV,CLINUVEL PHARMACEUT. ORDINARY,-0.016666666666666666,14.71012020111084,17.437891006469727,-0.1854349772854269,-0.16,True,-0.003090582954757115,-0.0026666666666666666,0.0001881410256410256,-0.002854807692307692,883.456843,4.25,0.8927536231884058,0.3221476510067114,0.6476510067114094,0.4985507246376812,0.5882352941176471,0.5159420289855072,0.8318840579710145,0.11884057971014493,0.936231884057971
2023-10-30,CTM,CENTAURUS METALS LTD ORDINARY,-0.016666666666666666,0.4749999940395355,0.49000000953674316,-0.031578980390385425,-0.031578980390385425,False,-0.0005263163398397571,-0.0005263163398397571,0.0001048076923076923,-0.0006311240321474495,381.47447,0.13,0.18115942028985507,0.07718120805369127,0.714765100671141,0.3130434782608696,,0.15072463768115943,0.017391304347826087,0.20869565217391303,0.45217391304347826
2023-10-30,CTD,CORP TRAVEL LIMITED ORDINARY,-0.016666666666666666,15.91220760345459,18.22848129272461,-0.14556582889021308,-0.14556582889021308,False,-0.0024260971481702177,-0.0024260971481702177,0.0001048076923076923,-0.00253090484047791,2617.767595,2.45,0.7405797101449275,0.2550335570469799,0.31543624161073824,0.7101449275362319,0.5735294117647058,0.5710144927536231,0.6405797101449275,0.2289855072463768,0.855072463768116
2023-10-30,DMP,DOMINO PIZZA ENTERPR ORDINARY,-0.016666666666666666,46.11552429199219,49.09849166870117,-0.06468466796173811,-0.06468466796173811,False,-0.0010780777993623018,-0.0010780777993623018,0.0001048076923076923,-0.001182885491669994,4136.467364,6.14,0.9478260869565217,0.7080536912751678,0.5,0.7855072463768116,,0.5043478260869565,0.2289855072463768,0.9594202898550724,0.5739130434782609
2023-10-30,CST,CASTILE RESOURCES ORDINARY,-0.016666666666666666,0.06400000303983688,0.06599999964237213,-0.031249945430320558,-0.031249945430320558,False,-0.000520832423838676,-0.000520832423838676,0.0001048076923076923,-0.0006256401161463684,20.561706,0.01,0.06811594202898551,0.9630872483221476,0.9731543624161074,0.017391304347826087,,0.14492753623188406,0.3217391304347826,0.07536231884057971,0.7159420289855073
2023-10-30,CIA,CHAMPION IRON LTD ORDINARY,-0.016666666666666666,6.369487285614014,7.190446853637695,-0.12888942723504337,-0.12888942723504337,False,-0.002148157120584056,-0.002148157120584056,0.0001048076923076923,-0.0022529648128917484,2844.248116,2.82,0.7797101449275362,0.9463087248322147,0.7785234899328859,0.7275362318840579,0.5784313725490197,0.5826086956521739,0.6289855072463768,0.6231884057971014,0.8840579710144928
2023-10-30,BRN,BRAINCHIP LTD ORDINARY,-0.016666666666666666,0.16500000655651093,0.1850000023841858,-0.1212120911087664,-0.1212120911087664,False,-0.00202020151847944,-0.00202020151847944,0.0001048076923076923,-0.0021250092107871323,445.677418,5.8,0.936231884057971,0.016778523489932886,0.8959731543624161,0.34492753623188405,,0.25507246376811593,0.02318840579710145,0.3101449275362319,0.04927536231884058
2023-10-30,OCC,ORTHOCELL LIMITED ORDINARY,-0.016666666666666666,0.33000001311302185,0.38999998569488525,-0.18181809150811756,-0.16,True,-0.003030301525135293,-0.0026666666666666666,0.0001881410256410256,-0.002854807692307692,69.056074,0.05,0.11594202898550725,0.39093959731543626,0.47315436241610737,0.05507246376811594,,0.23768115942028986,0.06086956521739131,0.32753623188405795,0.9826086956521739
2023-10-30,PDN,PALADIN ENERGY LTD ORDINARY,-0.016666666666666666,9.449999809265137,10.550000190734863,-0.11640215911869589,-0.11640215911869589,False,-0.0019400359853115983,-0.0019400359853115983,0.0001048076923076923,-0.0020448436776192907,1405.533068,3.91,0.8753623188405797,0.9496644295302014,0.4865771812080537,0.5884057971014492,,0.3565217391304348,0.3884057971014493,0.4608695652173913,0.45217391304347826
2023-10-30,NVX,NOVONIX LIMITED ORDINARY,-0.016666666666666666,0.6899999976158142,0.699999988079071,-0.014492739851898806,-0.014492739851898806,False,-0.00024154566419831342,-0.00024154566419831342,0.0001048076923076923,-0.0003463533565060057,479.541829,4.83,0.9130434782608695,0.15771812080536912,0.9832214765100671,0.3681159420289855,,0.2289855072463768,0.10144927536231885,0.6608695652173913,0.9652173913043478
2023-10-30,NMT,NEOMETALS LTD ORDINARY,-0.016666666666666666,0.22386600077152252,0.19499999284744263,0.12894324204924945,0.12894324204924945,False,0.0021490540341541574,0.0021490540341541574,0.0001048076923076923,0.002044246341846465,276.804185,3.62,0.863768115942029,0.020134228187919462,0.87248322147651,0.24057971014492754,,0.1855072463768116,0.08985507246376812,0.15072463768115943,0.45217391304347826
2023-10-30,MYX,MAYNE PHARMA LTD ORDINARY,-0.016666666666666666,3.7699999809265137,5.429999828338623,-0.44031826414071973,-0.16,True,-0.007338637735678662,-0.0026666666666666666,0.0001881410256410256,-0.002854807692307692,367.057301,2.26,0.7246376811594203,0.3187919463087248,0.9630872483221476,0.2956521739130435,,0.6550724637681159,0.0782608695652174,0.30144927536231886,0.15072463768115943
2023-10-30,MYS,MYSTATE LIMITED ORDINARY,-0.016666666666666666,2.5265636444091797,2.6485354900360107,-0.048275785926363834,-0.048275785926363834,False,-0.0008045964321060639,-0.0008045964321060639,0.0001048076923076923,-0.0009094041244137561,346.858825,0.04,0.10579710144927536,0.3053691275167785,0.17114093959731544,0.28695652173913044,0.19607843137254902,0.25217391304347825,0.5594202898550724,0.9681159420289855,0.881159420289855
2023-10-30,MVP,MEDICAL DEVELOPMENTS ORDINARY,-0.016666666666666666,0.8149999976158142,0.7549999952316284,0.07361963504258728,0.07361963504258728,False,0.0012269939173764548,0.0012269939173764548,0.0001048076923076923,0.0011221862250687625,67.78882,0.76,0.4463768115942029,0.33557046979865773,0.32550335570469796,0.05217391304347826,,0.0463768115942029,0.15942028985507245,0.22318840579710145,0.8869565217391304
2023-10-30,MMS,MCMILLAN SHAKESPEARE ORDINARY,-0.016666666666666666,13.44725513458252,14.530418395996094,-0.08054902287292709,-0.08054902287292709,False,-0.0013424837145487847,-0.0013424837145487847,0.0001048076923076923,-0.001447291406856477,1257.753013,0.57,0.3652173913043478,0.412751677852349,0.761744966442953,0.5710144927536231,,0.2144927536231884,0.2898550724637681,0.936231884057971,0.043478260869565216
2023-10-30,M7T,MACH7 TECH LIMITED ORDINARY,-0.016666666666666666,0.6399999856948853,0.7549999952316284,-0.17968751891749024,-0.16,True,-0.0029947919819581707,-0.0026666666666666666,0.0001881410256410256,-0.002854807692307692,148.805816,0.13,0.18115942028985507,0.2483221476510067,0.7281879194630873,0.13623188405797101,,0.4956521739130435,0.3188405797101449,0.17681159420289855,0.17681159420289855
2023-10-30,MCP,MCPHERSON'S LTD ORDINARY,-0.016666666666666666,0.37721309065818787,0.44491803646087646,-0.17948726457120623,-0.16,True,-0.0029914544095201038,-0.0026666666666666666,0.0001881410256410256,-0.002854807692307692,56.859855,0.08,0.14492753623188406,0.25838926174496646,0.8456375838926175,0.03768115942028986,,0.9594202898550724,0.22318840579710145,0.4666666666666667,0.20869565217391303
2023-10-30,LYC,LYNAS RARE EARTHS ORDINARY,-0.016666666666666666,7.070000171661377,6.440000057220459,0.0891089249143362,0.0891089249143362,False,0.0014851487485722699,0.0014851487485722699,0.0001048076923076923,0.0013803410562645776,6304.74685,5.36,0.927536231884058,0.7718120805369127,0.912751677852349,0.8463768115942029,0.5294117647058824,0.2579710144927536,0.7652173913043478,0.3188405797101449,0.4144927536231884
2023-10-30,LOT,LOTUS RESOURCES LTD ORDINARY,-0.016666666666666666,2.5299999713897705,3.565000057220459,-0.40909094764224285,-0.16,True,-0.006818182460704048,-0.0026666666666666666,0.0001881410256410256,-0.002854807692307692,248.928848,1.13,0.5391304347826087,0.8120805369127517,0.8825503355704698,0.2144927536231884,,0.22028985507246376,0.14202898550724638,0.03188405797101449,0.014492753623188406
2023-10-30,LKE,LAKE RESOURCES ORDINARY,-0.016666666666666666,0.17000000178813934,0.125,0.26470589008710776,0.26470589008710776,False,0.004411764834785129,0.004411764834785129,0.0001048076923076923,0.004306957142477437,421.419,3.37,0.8434782608695652,0.6644295302013423,0.7919463087248322,0.3333333333333333,,0.09565217391304348,0.08115942028985507,0.14492753623188406,0.9391304347826087
2023-10-30,MFG,MAGELLAN FIN GRP LTD ORDINARY,-0.016666666666666666,5.329268455505371,6.386795520782471,-0.1984375668267615,-0.16,True,-0.003307292780446025,-0.0026666666666666666,0.0001881410256410256,-0.002854807692307692,1723.63092,2.11,0.7,0.16778523489932887,0.9328859060402684,0.6260869565217392,0.09803921568627451,0.7855072463768116,0.9130434782608695,0.1565217391304348,0.16521739130434782
2023-10-30,OMH,OM HOLDINGS LIMITED ORDINARY,-0.016666666666666666,0.44226667284965515,0.43275555968284607,0.021505380691532072,0.021505380691532072,False,0.0003584230115255345,0.0003584230115255345,0.0001048076923076923,0.0002536153192178422,372.02845,0.01,0.06811594202898551,0.3724832214765101,0.2214765100671141,0.30434782608695654,0.21568627450980393,0.11014492753623188,0.6144927536231884,0.782608695652174,0.8202898550724638
2023-10-30,IXR,IONIC RARE EARTHS ORDINARY,-0.016666666666666666,0.6899999976158142,0.6600000262260437,0.04347821955569664,0.04347821955569664,False,0.000724636992594944,0.000724636992594944,0.0001048076923076923,0.0006198293002872518,86.814308,0.06,0.1318840579710145,0.9328859060402684,0.7651006711409396,0.06956521739130435,,0.13623188405797101,0.15072463768115943,0.09565217391304348,1.0
2023-10-30,PNV,POLYNOVO LIMITED ORDINARY,-0.016666666666666666,1.149999976158142,1.399999976158142,-0.21739130885479363,-0.16,True,-0.003623188480913227,-0.0026666666666666666,0.0001881410256410256,-0.002854807692307692,1069.86115,4.47,0.9014492753623189,0.15436241610738255,0.40939597315436244,0.5333333333333333,,0.33043478260869563,0.3101449275362319,0.48405797101449277,0.8434782608695652
2023-10-30,KGN,KOGAN.COM LTD ORDINARY,-0.016666666666666666,4.100696086883545,4.950390338897705,-0.20720732139403975,-0.16,True,-0.003453455356567329,-0.0026666666666666666,0.0001881410256410256,-0.002854807692307692,507.747484,1.41,0.5898550724637681,0.1174496644295302,0.7818791946308725,0.37971014492753624,,0.4782608695652174,0.336231884057971,0.3333333333333333,0.13333333333333333
2023-10-30,VVA,VIVA LEISURE LIMITED ORDINARY,-0.016666666666666666,1.399999976158142,1.399999976158142,-0.0,-0.0,False,-0.0,-0.0,0.0001048076923076923,-0.0001048076923076923,114.234229,0.0,0.028985507246376812,0.8389261744966443,0.6912751677852349,0.10144927536231885,0.7254901960784313,0.9246376811594202,0.4608695652173913,0.9565217391304348,0.7072463768115942
2023-10-30,VUL,VULCAN ENERGY ORDINARY,-0.016666666666666666,2.1700000762939453,2.3299999237060547,-0.07373264598467966,-0.07373264598467966,False,-0.0012288774330779942,-0.0012288774330779942,0.0001048076923076923,-0.0013336851253856865,382.577341,4.41,0.8985507246376812,0.03355704697986577,0.6006711409395973,0.3159420289855073,,0.06086956521739131,0.21739130434782608,0.16231884057971013,0.9608695652173913
2023-10-30,TPG,TPG TELECOM LIMITED. ORDINARY,-0.016666666666666666,4.600714206695557,4.283736228942871,0.06889755883801219,0.06889755883801219,False,0.001148292647300203,0.001148292647300203,0.0001048076923076923,0.0010434849549925108,9042.432634,0.59,0.3753623188405797,0.6040268456375839,0.2684563758389262,0.8840579710144928,0.9509803921568627,0.30144927536231886,0.4057971014492754,0.6579710144927536,0.3507246376811594
2023-10-30,TLG,TALGA GROUP LTD ORDINARY,-0.016666666666666666,1.0700000524520874,0.9399999976158142,0.12149537239587593,0.12149537239587593,False,0.002024922873264599,0.002024922873264599,0.0001048076923076923,0.0019201151809569066,629.613298,3.96,0.881159420289855,0.3422818791946309,0.6375838926174496,0.42318840579710143,,0.2028985507246377,0.057971014492753624,0.2492753623188406,0.9478260869565217
2023-10-30,SYR,SYRAH RESOURCES ORDINARY,-0.016666666666666666,0.7200000286102295,0.574999988079071,0.2013889371796871,0.2013889371796871,False,0.003356482286328118,0.003356482286328118,0.0001048076923076923,0.0032516745940204257,414.963178,15.54,0.9971014492753624,0.8791946308724832,1.0,0.32753623188405795,,0.03768115942028986,0.1681159420289855,0.6376811594202898,0.04057971014492753
2023-10-30,WBT,WEEBIT NANO LTD ORDINARY,-0.016666666666666666,3.609999895095825,3.509999990463257,0.027700805412326446,0.027700805412326446,False,0.00046168009020544073,0.00046168009020544073,0.0001048076923076923,0.00035687239789774844,909.36106,7.5,0.9710144927536232,0.09060402684563758,0.9966442953020134,0.5130434782608696,,0.2753623188405797,0.11014492753623188,0.09855072463768116,0.45217391304347826
2023-10-30,SPL,STARPHARMA HOLDINGS ORDINARY,-0.016666666666666666,0.13500000536441803,0.13500000536441803,-0.0,-0.0,False,-0.0,-0.0,0.0001048076923076923,-0.0001048076923076923,126.956952,0.72,0.43478260869565216,0.26174496644295303,0.9161073825503355,0.11884057971014493,,0.12753623188405797,0.09855072463768116,0.4782608695652174,0.9420289855072463
2023-10-30,SLX,SILEX SYSTEMS ORDINARY,-0.016666666666666666,3.1700000762939453,3.240000009536743,-0.02208199733693217,-0.02208199733693217,False,-0.0003680332889488695,-0.0003680332889488695,0.0001048076923076923,-0.00047284098125656177,896.55488,5.51,0.9333333333333333,0.6409395973154363,0.33221476510067116,0.5043478260869565,,0.34782608695652173,0.20579710144927535,0.11014492753623188,0.3652173913043478
2023-10-30,SHV,SELECT HARVESTS ORDINARY,-0.016666666666666666,3.8299999237060547,3.3399999141693115,0.12793734185315608,0.12793734185315608,False,0.0021322890308859348,0.0021322890308859348,0.0001048076923076923,0.0020274813385782425,485.58535,7.74,0.9768115942028985,0.49328859060402686,0.6711409395973155,0.3710144927536232,,0.4260869565217391,0.22608695652173913,0.8289855072463768,0.9681159420289855
2023-10-30,SGR,THE STAR ENT GRP ORDINARY,-0.016666666666666666,0.5450000166893005,0.5450000166893005,-0.0,-0.0,False,-0.0,-0.0,0.0001048076923076923,-0.0001048076923076923,1806.798396,1.08,0.527536231884058,0.053691275167785234,0.6879194630872483,0.6347826086956522,,0.07246376811594203,0.028985507246376812,0.6260869565217392,0.1826086956521739
2023-10-30,SRL,SUNRISE ORDINARY,-0.016666666666666666,0.7149999737739563,0.6100000143051147,0.1468530955527514,0.1468530955527514,False,0.0024475515925458566,0.0024475515925458566,0.0001048076923076923,0.0023427439002381644,95.461351,1.76,0.6521739130434783,0.08389261744966443,0.10738255033557047,0.08115942028985507,,0.19130434782608696,0.10434782608695652,0.15942028985507245,0.9246376811594202
2023-10-30,PPK,PPK GROUP LIMITED ORDINARY,-0.016666666666666666,0.9800000190734863,0.9800000190734863,-0.0,-0.0,False,-0.0,-0.0,0.0001048076923076923,-0.0001048076923076923,122.873819,0.29,0.25072463768115943,0.17785234899328858,0.8624161073825504,0.11594202898550725,,0.13043478260869565,0.28695652173913044,0.3681159420289855,0.9971014492753624
2023-11-27,BGA,BEGA CHEESE LTD ORDINARY,-0.016666666666666666,2.939110279083252,3.367135763168335,-0.14563097109054035,-0.14563097109054035,False,-0.0024271828515090056,-0.0024271828515090056,0.0001048076923076923,-0.002531990543816698,867.1068,3.44,0.8801775147928994,0.8417508417508418,0.2727272727272727,0.4881656804733728,,0.22485207100591717,0.08875739644970414,0.6331360946745562,0.5236686390532544
2023-11-27,BET,BETMAKERS TECH GROUP ORDINARY,-0.016666666666666666,0.09000000357627869,0.08299999684095383,0.0777778495241066,0.0777778495241066,False,0.0012962974920684434,0.0012962974920684434,0.0001048076923076923,0.0011914897997607511,122.565443,1.34,0.6153846153846154,0.3872053872053872,0.7037037037037037,0.11242603550295859,,0.08875739644970414,0.15088757396449703,0.21893491124260356,0.5562130177514792
2023-11-27,BBN,BABY BUNTING GRP LTD ORDINARY,-0.016666666666666666,1.7354395389556885,1.9777089357376099,-0.13960117384885007,-0.13960117384885007,False,-0.002326686230814168,-0.002326686230814168,0.0001048076923076923,-0.00243149392312186,186.170954,1.92,0.7100591715976331,0.18855218855218855,0.8249158249158249,0.16863905325443787,0.3316582914572864,0.9467455621301775,0.7337278106508875,0.8994082840236687,0.6094674556213018
2023-11-27,ASM,AUSSTRATMATERIALS ORDINARY,-0.016666666666666666,1.4600000381469727,1.2699999809265137,0.13013702209323663,0.13013702209323663,False,0.0021689503682206105,0.0021689503682206105,0.0001048076923076923,0.0020641426759129182,183.375749,2.9,0.8387573964497042,0.11447811447811448,0.9326599326599326,0.15976331360946747,,0.07988165680473373,0.19822485207100593,0.3165680473372781,0.19822485207100593
2023-11-27,ASB,AUSTAL LIMITED ORDINARY,-0.016666666666666666,1.840000033378601,2.0299999713897705,-0.10326083400242791,-0.10326083400242791,False,-0.0017210139000404653,-0.0017210139000404653,0.0001048076923076923,-0.0018258215923481575,855.53445,0.38,0.3254437869822485,0.6902356902356902,0.7676767676767676,0.4822485207100592,,0.3757396449704142,0.3609467455621302,0.48520710059171596,0.591715976331361
2023-11-27,AMA,AMA GROUP LIMITED ORDINARY,-0.016666666666666666,0.6975820064544678,0.6260349750518799,0.10256433041648116,0.10256433041648116,False,0.0017094055069413526,0.0017094055069413526,0.0001048076923076923,0.0016045978146336604,108.48135,0.55,0.40384615384615385,0.10437710437710437,0.9461279461279462,0.08875739644970414,,0.9171597633136095,0.0029585798816568047,0.9911242603550295,0.5857988165680473
2023-11-27,AGY,ARGOSY MINERALS LTD ORDINARY,-0.016666666666666666,0.17499999701976776,0.13500000536441803,0.2285713847802603,0.2285713847802603,False,0.0038095230796710046,0.0038095230796710046,0.0001048076923076923,0.0037047153873633124,547.71873,3.0,0.849112426035503,0.08417508417508418,0.9528619528619529,0.3905325443786982,0.9949748743718593,0.32840236686390534,0.4556213017751479,0.08284023668639054,0.028106508875739646
2023-11-27,ADH,ADAIRS LIMITED ORDINARY,-0.016666666666666666,1.34861421585083,1.5799298286437988,-0.17152096579898024,-0.16,True,-0.002858682763316337,-0.0026666666666666666,0.0001881410256410256,-0.002854807692307692,273.323594,2.48,0.7928994082840237,0.8888888888888888,0.9292929292929293,0.23668639053254437,0.16080402010050251,0.9319526627218935,0.7781065088757396,0.878698224852071,0.25443786982248523
2023-11-27,ABY,ADORE BEAUTY ORDINARY,-0.016666666666666666,1.1150000095367432,1.399999976158142,-0.2556053490437278,-0.16,True,-0.0042600891507287965,-0.0026666666666666666,0.0001881410256410256,-0.002854807692307692,75.125897,2.16,0.7485207100591716,0.936026936026936,0.8821548821548821,0.0621301775147929,,0.2485207100591716,0.33136094674556216,0.17159763313609466,0.2692307692307692
2023-11-27,BMN,BANNERMAN ENERGY LTD ORDINARY,-0.016666666666666666,2.7799999713897705,2.690000057220459,0.03237407017825222,0.03237407017825222,False,0.0005395678363042038,0.0005395678363042038,0.0001048076923076923,0.00043476014399651146,248.34315,0.52,0.3727810650887574,0.9595959595959596,0.5959595959595959,0.21597633136094674,,0.26627218934911245,0.3165680473372781,0.05325443786982249,0.9940828402366864
2023-11-27,A2M,THE A2 MILK COMPANY ORDINARY,-0.016666666666666666,3.8286221027374268,4.150109767913818,-0.08396954741146456,-0.08396954741146456,False,-0.0013994924568577426,-0.0013994924568577426,0.0001048076923076923,-0.0015043001491654349,3296.38108,3.97,0.9068047337278107,0.3569023569023569,0.7744107744107744,0.7455621301775148,0.8190954773869347,0.4230769230769231,0.5355029585798816,0.2692307692307692,0.05917159763313609
2023-11-27,APX,APPEN LIMITED ORDINARY,-0.016666666666666666,0.6150000095367432,0.6299999952316284,-0.024390220263873053,-0.024390220263873053,False,-0.0004065036710645509,-0.0004065036710645509,0.0001048076923076923,-0.0005113113633722432,220.491445,2.29,0.7603550295857988,0.003367003367003367,0.9831649831649831,0.1952662721893491,,0.3106508875739645,0.07396449704142012,0.34023668639053256,0.08875739644970414
2023-11-27,IMU,IMUGENE LIMITED ORDINARY,-0.016666666666666666,3.0940001010894775,3.740000009536743,-0.2087911723790159,-0.16,True,-0.0034798528729835985,-0.0026666666666666666,0.0001881410256410256,-0.002854807692307692,583.740904,5.42,0.9644970414201184,0.9966329966329966,1.0,0.3994082840236686,,0.28106508875739644,0.15976331360946747,0.08875739644970414,0.8994082840236687
2023-11-27,DMP,DOMINO PIZZA ENTERPR ORDINARY,-0.016666666666666666,47.329097747802734,54.601226806640625,-0.1536502786845435,-0.16,True,-0.0025608379780757253,-0.0026666666666666666,0.0001881410256410256,-0.002854807692307692,4136.467364,4.31,0.9171597633136095,0.45791245791245794,0.5993265993265994,0.7840236686390533,,0.5088757396449705,0.23372781065088757,0.9585798816568047,0.5680473372781065
2023-11-27,BRN,BRAINCHIP LTD ORDINARY,-0.016666666666666666,0.19499999284744263,0.17000000178813934,0.12820508705793598,0.12820508705793598,False,0.0021367514509655996,0.0021367514509655996,0.0001048076923076923,0.0020319437586579074,445.677418,1.47,0.6464497041420119,0.04377104377104377,0.734006734006734,0.3431952662721893,,0.2603550295857988,0.023668639053254437,0.3136094674556213,0.05029585798816568
2023-11-27,HGO,HILLGROVE RES LTD ORDINARY,-0.016666666666666666,0.06599999964237213,0.09399999678134918,-0.42424238319239316,-0.16,True,-0.0070707063865398856,-0.0026666666666666666,0.0001881410256410256,-0.002854807692307692,110.894318,0.0,0.023668639053254437,0.9494949494949495,0.9225589225589226,0.09467455621301775,,0.13609467455621302,0.20710059171597633,0.23964497041420119,0.44970414201183434
2023-11-27,GLN,GALAN LITHIUM LTD ORDINARY,-0.016666666666666666,0.6200000047683716,0.6899999976158142,-0.11290321340173892,-0.11290321340173892,False,-0.0018817202233623153,-0.0018817202233623153,0.0001048076923076923,-0.001986527915670008,269.77502,1.2,0.6005917159763313,0.2255892255892256,0.9427609427609428,0.23076923076923078,,0.11242603550295859,0.2455621301775148,0.1242603550295858,0.44970414201183434
2023-11-27,GLL,GALILEE ENERGY LTD ORDINARY,-0.016666666666666666,0.07199999690055847,0.06300000101327896,0.12499994825985472,0.12499994825985472,False,0.002083332470997579,0.002083332470997579,0.0001048076923076923,0.0019785247786898866,36.345575,0.12,0.17307692307692307,0.5555555555555556,0.835016835016835,0.023668639053254437,,0.7159763313609467,0.21301775147928995,0.2869822485207101,0.0073964497041420114
2023-11-27,4DX,4DMEDICAL LIMITED ORDINARY,-0.016666666666666666,0.8849999904632568,0.7149999737739563,0.19209041640815538,0.19209041640815538,False,0.003201506940135923,0.003201506940135923,0.0001048076923076923,0.0030966992478282307,204.902617,0.01,0.05621301775147929,1.0,0.9966329966329966,0.17751479289940827,,0.09171597633136094,0.09763313609467456,0.2988165680473373,0.9881656804733728
2023-11-27,CXL,CALIX LIMITED ORDINARY,-0.016666666666666666,3.309999942779541,3.430000066757202,-0.036253814517257066,-0.036253814517257066,False,-0.0006042302419542844,-0.0006042302419542844,0.0001048076923076923,-0.0007090379342619766,755.53381,4.2,0.9127218934911243,0.21212121212121213,0.9393939393939394,0.4556213017751479,,0.27218934911242604,0.14201183431952663,0.16272189349112426,0.772189349112426
2023-11-27,DUB,DUBBER CORP LTD ORDINARY,-0.016666666666666666,0.1550000011920929,0.1550000011920929,-0.0,-0.0,False,-0.0,-0.0,0.0001048076923076923,-0.0001048076923076923,100.9376,0.82,0.5118343195266272,0.5892255892255892,0.8787878787878788,0.08579881656804733,,0.03550295857988166,0.03550295857988166,0.41420118343195267,0.8017751479289941
2023-11-27,CTM,CENTAURUS METALS LTD ORDINARY,-0.016666666666666666,0.5,0.5350000262260437,-0.0700000524520874,-0.0700000524520874,False,-0.0011666675408681234,-0.0011666675408681234,0.0001048076923076923,-0.0012714752331758157,381.47447,0.14,0.1908284023668639,0.05387205387205387,0.8552188552188552,0.3165680473372781,,0.15088757396449703,0.01775147928994083,0.20710059171597633,0.44970414201183434
2023-11-27,CTD,CORP TRAVEL LIMITED ORDINARY,-0.016666666666666666,18.277143478393555,19.036256790161133,-0.04153347664338081,-0.04153347664338081,False,-0.0006922246107230135,-0.0006922246107230135,0.0001048076923076923,-0.0007970323030307058,2617.767595,2.4,0.7781065088757396,0.7845117845117845,0.6632996632996633,0.7071005917159763,0.5778894472361809,0.5680473372781065,0.6449704142011834,0.22781065088757396,0.849112426035503
2023-11-27,CSL,CSL LIMITED ORDINARY,-0.016666666666666666,244.78871154785156,273.7969970703125,-0.1185033629166774,-0.1185033629166774,False,-0.00197505604861129,-0.00197505604861129,0.0001048076923076923,-0.0020798637409189824,134415.85158,0.76,0.48372781065088755,0.5656565656565656,0.3434343434343434,0.9940828402366864,0.9748743718592965,0.41124260355029585,0.5384615384615384,0.7958579881656804,0.9289940828402367
2023-11-27,CHN,CHALICE MINING LTD ORDINARY,-0.016666666666666666,1.475000023841858,1.6950000524520874,-0.1491525593587495,-0.1491525593587495,False,-0.0024858759893124915,-0.0024858759893124915,0.0001048076923076923,-0.0025906836816201838,2370.39282,5.1,0.9556213017751479,0.006734006734006734,0.8585858585858586,0.6863905325443787,,0.29289940828402367,0.12130177514792899,0.1390532544378698,0.9437869822485208
2023-11-27,CCX,CITY CHIC COLLECTIVE ORDINARY,-0.016666666666666666,0.36000001430511475,0.5350000262260437,-0.48611112490848196,-0.16,True,-0.008101852081808032,-0.0026666666666666666,0.0001881410256410256,-0.002854807692307692,90.957082,0.82,0.5118343195266272,0.23232323232323232,0.9629629629629629,0.07100591715976332,,0.9881656804733728,0.03254437869822485,0.6982248520710059,0.09171597633136094
2023-11-27,CUV,CLINUVEL PHARMACEUT. ORDINARY,-0.016666666666666666,17.170074462890625,15.8706636428833,0.07567881099267904,0.07567881099267904,False,0.0012613135165446506,0.0012613135165446506,0.0001048076923076923,0.0011565058242369584,883.456843,2.92,0.8431952662721893,0.5420875420875421,0.11784511784511785,0.4940828402366864,0.592964824120603,0.5177514792899408,0.8284023668639053,0.11538461538461539,0.9349112426035503
2023-11-27,BUB,BUBS AUST LTD ORDINARY,-0.016666666666666666,0.125,0.12999999523162842,-0.039999961853027344,-0.039999961853027344,False,-0.000666666030883789,-0.000666666030883789,0.0001048076923076923,-0.0007714737231914813,135.244333,1.69,0.6715976331360947,0.12794612794612795,0.9259259259259259,0.1301775147928994,,0.04437869822485207,0.008875739644970414,0.34615384615384615,0.23964497041420119
2023-11-27,HUM,HUMM GROUP LIMITED ORDINARY,-0.016666666666666666,0.3986661434173584,0.45365455746650696,-0.13793098550528748,-0.13793098550528748,False,-0.002298849758421458,-0.002298849758421458,0.0001048076923076923,-0.00240365745072915,234.303345,2.13,0.7381656804733728,0.6262626262626263,0.6902356902356902,0.20710059171597633,,0.0029585798816568047,0.35798816568047337,0.9822485207100592,0.6834319526627219
2023-11-27,ANG,AUSTIN ENGINEERING ORDINARY,-0.016666666666666666,0.2481561154127121,0.3033019006252289,-0.2222221488307996,-0.16,True,-0.0037037024805133267,-0.0026666666666666666,0.0001881410256410256,-0.002854807692307692,160.418385,0.13,0.1819526627218935,0.7356902356902357,0.7474747474747475,0.14497041420118342,0.7035175879396985,0.19822485207100593,0.4881656804733728,0.6449704142011834,0.8727810650887574
2023-11-27,IRE,IRESS LIMITED ORDINARY,-0.016666666666666666,5.705137252807617,7.814599514007568,-0.3697478549112627,-0.16,True,-0.006162464248521045,-0.0026666666666666666,0.0001881410256410256,-0.002854807692307692,1873.05425,3.44,0.8801775147928994,0.48484848484848486,0.8215488215488216,0.6449704142011834,,0.4940828402366864,0.04437869822485207,0.9142011834319527,0.5295857988165681
2023-11-27,PAC,PACIFIC GRP LTD ORDINARY,-0.016666666666666666,7.369473934173584,7.997243404388428,-0.08518511305179644,-0.08518511305179644,False,-0.0014197518841966073,-0.0014197518841966073,0.0001048076923076923,-0.0015245595765042996,353.02722,0.09,0.15532544378698224,0.1111111111111111,0.7845117845117845,0.29289940828402367,,0.742603550295858,0.3431952662721893,0.11242603550295859,0.3727810650887574
2023-11-27,OMH,OM HOLDINGS LIMITED ORDINARY,-0.016666666666666666,0.44226667284965515,0.423244446516037,0.04301076138306403,0.04301076138306403,False,0.0007168460230510672,0.0007168460230510672,0.0001048076923076923,0.0006120383307433748,372.02845,0.02,0.07396449704142012,0.2996632996632997,0.16835016835016836,0.3047337278106509,0.20603015075376885,0.10946745562130178,0.6183431952662722,0.7840236686390533,0.8165680473372781
2023-11-27,OCC,ORTHOCELL LIMITED ORDINARY,-0.016666666666666666,0.38999998569488525,0.4099999964237213,-0.05128208067290285,-0.05128208067290285,False,-0.0008547013445483808,-0.0008547013445483808,0.0001048076923076923,-0.0009595090368560732,69.056074,0.05,0.10059171597633136,0.835016835016835,0.8956228956228957,0.05621301775147929,,0.24260355029585798,0.05917159763313609,0.33136094674556216,0.9822485207100592
2023-11-27,NVX,NOVONIX LIMITED ORDINARY,-0.016666666666666666,0.6949999928474426,0.7350000143051147,-0.057553988301194625,-0.057553988301194625,False,-0.0009592331383532438,-0.0009592331383532438,0.0001048076923076923,-0.0010640408306609361,479.541829,4.35,0.9230769230769231,0.13804713804713806,0.8922558922558923,0.363905325443787,,0.23076923076923078,0.10355029585798817,0.6597633136094675,0.9644970414201184
2023-11-27,NMT,NEOMETALS LTD ORDINARY,-0.016666666666666666,0.22499999403953552,0.20999999344348907,0.06666667108182567,0.06666667108182567,False,0.0011111111846970946,0.0011111111846970946,0.0001048076923076923,0.0010063034923894023,276.804185,0.71,0.46597633136094674,0.010101010101010102,0.7373737373737373,0.24260355029585798,,0.1863905325443787,0.09171597633136094,0.14792899408284024,0.44970414201183434
2023-11-27,MMS,MCMILLAN SHAKESPEARE ORDINARY,-0.016666666666666666,13.888545036315918,12.805381774902344,0.07798968564247066,0.07798968564247066,False,0.0012998280940411777,0.0012998280940411777,0.0001048076923076923,0.0011950204017334854,1257.753013,0.64,0.4467455621301775,0.6666666666666666,0.2255892255892256,0.5680473372781065,,0.21597633136094674,0.28994082840236685,0.9378698224852071,0.04437869822485207
2023-11-27,MFG,MAGELLAN FIN GRP LTD ORDINARY,-0.016666666666666666,6.12033224105835,7.7274394035339355,-0.2625849544072594,-0.16,True,-0.004376415906787656,-0.0026666666666666666,0.0001881410256410256,-0.002854807692307692,1723.63092,1.79,0.6893491124260355,0.14814814814814814,0.3569023569023569,0.6242603550295858,0.09547738693467336,0.7840236686390533,0.9112426035502958,0.15384615384615385,0.16272189349112426
2023-11-27,LOT,LOTUS RESOURCES LTD ORDINARY,-0.016666666666666666,3.2200000286102295,3.2774999141693115,-0.01785710715782174,-0.01785710715782174,False,-0.0002976184526303623,-0.0002976184526303623,0.0001048076923076923,-0.0004024261449380546,248.928848,0.62,0.4408284023668639,0.9663299663299664,0.9124579124579124,0.21893491124260356,,0.22189349112426035,0.14497041420118342,0.03254437869822485,0.014792899408284023
2023-11-27,KGN,KOGAN.COM LTD ORDINARY,-0.016666666666666666,4.405477046966553,4.830324172973633,-0.09643612291649872,-0.09643612291649872,False,-0.0016072687152749786,-0.0016072687152749786,0.0001048076923076923,-0.0017120764075826708,507.747484,0.36,0.3091715976331361,0.26262626262626265,0.5218855218855218,0.3757396449704142,,0.4822485207100592,0.33727810650887574,0.33727810650887574,0.1301775147928994
2023-11-27,PDN,PALADIN ENERGY LTD ORDINARY,-0.016666666666666666,10.100000381469727,9.850000381469727,0.024752474312641604,0.024752474312641604,False,0.0004125412385440267,0.0004125412385440267,0.0001048076923076923,0.0003077335462363344,1405.533068,2.69,0.8180473372781065,0.8686868686868687,0.5117845117845118,0.5857988165680473,,0.35798816568047337,0.3905325443786982,0.4526627218934911,0.44970414201183434
2023-11-27,IXR,IONIC RARE EARTHS ORDINARY,-0.016666666666666666,0.6000000238418579,0.7799999713897705,-0.29999990065892934,-0.16,True,-0.004999998344315489,-0.0026666666666666666,0.0001881410256410256,-0.002854807692307692,86.814308,0.05,0.10059171597633136,0.9023569023569024,0.9865319865319865,0.06804733727810651,,0.1390532544378698,0.15384615384615385,0.09171597633136094,1.0
2023-11-27,MYS,MYSTATE LIMITED ORDINARY,-0.016666666666666666,2.5527005195617676,2.735658645629883,-0.07167238172518742,-0.07167238172518742,False,-0.0011945396954197902,-0.0011945396954197902,0.0001048076923076923,-0.0012993473877274825,346.858825,0.08,0.13757396449704143,0.37037037037037035,0.14814814814814814,0.2869822485207101,0.18592964824120603,0.257396449704142,0.5650887573964497,0.9674556213017751,0.8757396449704142
2023-11-27,PEN,PENINSULA ENERGY LTD ORDINARY,-0.016666666666666666,2.0452170372009277,2.0452170372009277,-0.0,-0.0,False,-0.0,-0.0,0.0001048076923076923,-0.0001048076923076923,449.577101,5.88,0.9792899408284024,0.9259259259259259,0.98989898989899,0.34911242603550297,,0.3136094674556213,0.363905325443787,0.05029585798816568,0.9733727810650887
2023-11-27,SPL,STARPHARMA HOLDINGS ORDINARY,-0.016666666666666666,0.14000000059604645,0.17000000178813934,-0.2142857218883476,-0.16,True,-0.0035714286981391266,-0.0026666666666666666,0.0001881410256410256,-0.002854807692307692,126.956952,0.6,0.4289940828402367,0.8148148148148148,0.3468013468013468,0.11834319526627218,,0.12721893491124261,0.10059171597633136,0.47041420118343197,0.9408284023668639
2023-11-27,MVP,MEDICAL DEVELOPMENTS ORDINARY,-0.016666666666666666,0.7850000262260437,0.7599999904632568,0.031847178251670494,0.031847178251670494,False,0.0005307863041945082,0.0005307863041945082,0.0001048076923076923,0.00042597861188681593,67.78882,0.67,0.45710059171597633,0.30976430976430974,0.38047138047138046,0.05325443786982249,,0.047337278106508875,0.16272189349112426,0.22189349112426035,0.8816568047337278
2023-11-27,SGR,THE STAR ENT GRP ORDINARY,-0.016666666666666666,0.5049999952316284,0.5149999856948853,-0.019801961500356402,-0.019801961500356402,False,-0.0003300326916726067,-0.0003300326916726067,0.0001048076923076923,-0.000434840383980299,1806.798396,0.97,0.5591715976331361,0.020202020202020204,0.6397306397306397,0.6331360946745562,,0.07100591715976332,0.029585798816568046,0.6242603550295858,0.1804733727810651
2023-11-27,PPK,PPK GROUP LIMITED ORDINARY,-0.016666666666666666,0.8899999856948853,0.9100000262260437,-0.022471956014182393,-0.022471956014182393,False,-0.0003745326002363732,-0.0003745326002363732,0.0001048076923076923,-0.0004793402925440655,122.873819,0.25,0.2455621301775148,0.15151515151515152,0.9797979797979798,0.11538461538461539,,0.1301775147928994,0.2869822485207101,0.3698224852071006,0.9970414201183432
2023-11-27,PNV,POLYNOVO LIMITED ORDINARY,-0.016666666666666666,1.340000033378601,1.6549999713897705,-0.23507457474978288,-0.16,True,-0.003917909579163048,-0.0026666666666666666,0.0001881410256410256,-0.002854807692307692,1069.86115,4.58,0.9319526627218935,0.6430976430976431,0.8148148148148148,0.5295857988165681,,0.33136094674556216,0.3106508875739645,0.47633136094674555,0.8372781065088757
2023-11-27,WBT,WEEBIT NANO LTD ORDINARY,-0.016666666666666666,3.700000047683716,4.269999980926514,-0.1540540340261971,-0.16,True,-0.002567567233769952,-0.0026666666666666666,0.0001881410256410256,-0.002854807692307692,909.36106,5.55,0.9733727810650887,0.26936026936026936,0.7272727272727273,0.5088757396449705,,0.2781065088757396,0.11242603550295859,0.09467455621301775,0.44970414201183434
2023-11-27,WBC,WESTPAC BANKING CORP ORDINARY,-0.016666666666666666,18.71510887145996,20.311656951904297,-0.0853079771755445,-0.0853079771755445,False,-0.0014217996195924083,-0.0014217996195924083,0.0001048076923076923,-0.0015266073119001005,77234.938143,1.82,0.6952662721893491,0.7239057239057239,0.41414141414141414,0.985207100591716,0.2864321608040201,0.014792899408284023,0.591715976331361,0.9112426035502958,0.3698224852071006
2023-11-27,VVA,VIVA LEISURE LIMITED ORDINARY,-0.016666666666666666,1.4049999713897705,1.524999976158142,-0.08540925780209974,-0.08540925780209974,False,-0.0014234876300349955,-0.0014234876300349955,0.0001048076923076923,-0.0015282953223426877,114.234229,0.0,0.023668639053254437,0.6195286195286195,0.1414141414141414,0.10059171597633136,0.7336683417085427,0.9230769230769231,0.46153846153846156,0.9556213017751479,0.7041420118343196
2023-11-27,VUL,VULCAN ENERGY ORDINARY,-0.016666666666666666,2.3499999046325684,2.8499999046325684,-0.21276596608125264,-0.16,True,-0.003546099434687544,-0.0026666666666666666,0.0001881410256410256,-0.002854807692307692,382.577341,3.27,0.8698224852071006,0.07744107744107744,0.8855218855218855,0.31952662721893493,,0.05917159763313609,0.22189349112426035,0.15976331360946747,0.9600591715976331
2023-11-27,WAF,WEST AFRICAN RES LTD ORDINARY,-0.016666666666666666,0.8399999737739563,0.9449999928474426,-0.12500002660921727,-0.12500002660921727,False,-0.002083333776820288,-0.002083333776820288,0.0001048076923076923,-0.00218814146912798,797.83318,1.44,0.636094674556213,0.6464646464646465,0.5757575757575758,0.46745562130177515,0.23618090452261306,0.2869822485207101,0.5828402366863905,0.40828402366863903,0.07988165680473373
2023-11-27,TLG,TALGA GROUP LTD ORDINARY,-0.016666666666666666,0.9850000143051147,0.7850000262260437,0.20304567022789788,0.20304567022789788,False,0.003384094503798298,0.003384094503798298,0.0001048076923076923,0.003279286811490606,629.613298,1.39,0.6257396449704142,0.08080808080808081,0.8754208754208754,0.42011834319526625,,0.20414201183431951,0.05621301775147929,0.2514792899408284,0.9467455621301775
2023-11-27,SYR,SYRAH RESOURCES ORDINARY,-0.016666666666666666,0.6200000047683716,0.6449999809265137,-0.04032254188043427,-0.04032254188043427,False,-0.0006720423646739045,-0.0006720423646739045,0.0001048076923076923,-0.0007768500569815969,414.963178,14.3,0.9970414201183432,0.797979797979798,0.7643097643097643,0.32840236686390534,,0.038461538461538464,0.17159763313609466,0.636094674556213,0.04142011834319527
2023-11-27,IRI,INTEGRATED RESEARCH ORDINARY,-0.016666666666666666,0.28603124618530273,0.33216530084609985,-0.16129026208175024,-0.16,True,-0.0026881710346958374,-0.0026666666666666666,0.0001881410256410256,-0.002854807692307692,66.56265,0.07,0.1257396449704142,0.1414141414141414,0.46464646464646464,0.05029585798816568,,0.9378698224852071,0.038461538461538464,0.27514792899408286,0.15680473372781065
2023-11-27,SLX,SILEX SYSTEMS ORDINARY,-0.016666666666666666,3.3499999046325684,4.349999904632568,-0.2985074711844451,-0.16,True,-0.004975124519740751,-0.0026666666666666666,0.0001881410256410256,-0.002854807692307692,896.55488,5.34,0.9615384615384616,0.622895622895623,0.632996632996633,0.5,,0.34911242603550297,0.21005917159763313,0.10650887573964497,0.3609467455621302
2023-11-27,SHV,SELECT HARVESTS ORDINARY,-0.016666666666666666,3.690000057220459,2.9000000953674316,0.21409212726357119,0.21409212726357119,False,0.0035682021210595195,0.0035682021210595195,0.0001048076923076923,0.0034633944287518273,485.58535,5.64,0.9763313609467456,0.3434343434343434,0.8686868686868687,0.3668639053254438,,0.4289940828402367,0.23076923076923078,0.8284023668639053,0.9674556213017751
2023-11-27,TPG,TPG TELECOM LIMITED. ORDINARY,-0.016666666666666666,4.265623569488525,4.691279888153076,-0.09978759534929837,-0.09978759534929837,False,-0.0016631265891549729,-0.0016631265891549729,0.0001048076923076923,-0.0017679342814626651,9042.432634,0.86,0.5281065088757396,0.2356902356902357,0.7104377104377104,0.8846153846153846,0.9547738693467337,0.30177514792899407,0.40828402366863903,0.6568047337278107,0.34615384615384615
2023-12-25,APX,APPEN LIMITED ORDINARY,-0.01694915254237288,0.6349999904632568,0.33000001311302185,0.4803149321746065,0.4803149321746065,False,0.00814093105380689,0.00814093105380689,0.00010658409387222948,0.00803434695993466,220.491445,1.57,0.6646706586826348,0.006825938566552901,0.9726962457337884,0.18862275449101795,,0.31137724550898205,0.0718562874251497,0.33532934131736525,0.08982035928143713
2023-12-25,BBN,BABY BUNTING GRP LTD ORDINARY,-0.01694915254237288,1.8541021347045898,1.6068885326385498,0.1333333247606816,0.1333333247606816,False,0.0022598868603505356,0.0022598868603505356,0.00010658409387222948,0.0021533027664783063,186.170954,0.78,0.47005988023952094,0.19112627986348124,0.13651877133105803,0.16467065868263472,0.33668341708542715,0.9550898203592815,0.7305389221556886,0.8982035928143712,0.6077844311377245
2023-12-25,ASM,AUSSTRATMATERIALS ORDINARY,-0.01694915254237288,1.184999942779541,1.0,0.15611810271113125,0.15611810271113125,False,0.002646069537476801,0.002646069537476801,0.00010658409387222948,0.0025394854436045717,183.375749,2.52,0.7844311377245509,0.10921501706484642,0.5221843003412969,0.15568862275449102,,0.08083832335329341,0.19461077844311378,0.31736526946107785,0.20359281437125748
2023-12-25,ASB,AUSTAL LIMITED ORDINARY,-0.01694915254237288,1.8600000143051147,1.934999942779541,-0.04032254188043427,-0.04032254188043427,False,-0.0006834329132276995,-0.0006834329132276995,0.00010658409387222948,-0.000790017007099929,855.53445,0.51,0.3727544910179641,0.40273037542662116,0.5631399317406144,0.47904191616766467,,0.37425149700598803,0.3532934131736527,0.4880239520958084,0.5898203592814372
2023-12-25,ANG,AUSTIN ENGINEERING ORDINARY,-0.01694915254237288,0.3033019006252289,0.35385221242904663,-0.16666665029006733,-0.16,True,-0.0028248584794926665,-0.002711864406779661,0.0001913298565840939,-0.0029031942633637553,160.418385,0.13,0.18263473053892215,0.8907849829351536,0.7815699658703071,0.1377245508982036,0.6934673366834171,0.19760479041916168,0.4820359281437126,0.6437125748502994,0.874251497005988
2023-12-25,A2M,THE A2 MILK COMPANY ORDINARY,-0.01694915254237288,4.169593811035156,4.56901741027832,-0.09579436687239373,-0.09579436687239373,False,-0.0016236333368202327,-0.0016236333368202327,0.00010658409387222948,-0.0017302174306924622,3296.38108,4.44,0.9191616766467066,0.40955631399317405,0.22866894197952217,0.7425149700598802,0.8140703517587939,0.4221556886227545,0.5269461077844312,0.2694610778443114,0.059880239520958084
2023-12-25,AGY,ARGOSY MINERALS LTD ORDINARY,-0.01694915254237288,0.12999999523162842,0.10000000149011612,0.23076919109158112,0.23076919109158112,False,0.003911342221891205,0.003911342221891205,0.00010658409387222948,0.0038047581280189757,547.71873,3.94,0.8982035928143712,0.05460750853242321,0.764505119453925,0.38922155688622756,0.9949748743718593,0.32934131736526945,0.4491017964071856,0.08383233532934131,0.02844311377245509
2023-12-25,AGL,AGL ENERGY LIMITED. ORDINARY,-0.01694915254237288,8.160929679870605,7.65523099899292,0.06196581770885978,0.06196581770885978,False,0.0010502680967603352,0.0010502680967603352,0.00010658409387222948,0.0009436840028881057,7272.397588,2.84,0.8098802395209581,0.18430034129692832,0.689419795221843,0.8652694610778443,,0.8473053892215568,0.24550898203592814,0.718562874251497,0.1497005988023952
2023-12-25,ADH,ADAIRS LIMITED ORDINARY,-0.01694915254237288,1.5712010860443115,1.4839121103286743,0.05555557241587561,0.05555557241587561,False,0.0009416198714555188,0.0009416198714555188,0.00010658409387222948,0.0008350357775832893,273.323594,2.16,0.7335329341317365,0.9078498293515358,0.7235494880546075,0.2275449101796407,0.1658291457286432,0.9401197604790419,0.7724550898203593,0.8772455089820359,0.25748502994011974
2023-12-25,ABY,ADORE BEAUTY ORDINARY,-0.01694915254237288,1.3799999952316284,1.0449999570846558,0.24275365166993645,0.24275365166993645,False,0.0041144686723718045,0.0041144686723718045,0.00010658409387222948,0.004007884578499575,75.125897,2.05,0.718562874251497,0.9863481228668942,0.863481228668942,0.05688622754491018,,0.24550898203592814,0.32335329341317365,0.17365269461077845,0.2754491017964072
2023-12-25,BGA,BEGA CHEESE LTD ORDINARY,-0.01694915254237288,3.2910423278808594,3.547858238220215,-0.07803482445779486,-0.07803482445779486,False,-0.0013226241433524552,-0.0013226241433524552,0.00010658409387222948,-0.0014292082372246847,867.1068,2.8,0.7964071856287425,0.9488054607508533,0.3310580204778157,0.48502994011976047,,0.2245508982035928,0.08383233532934131,0.6317365269461078,0.5209580838323353
2023-12-25,AMA,AMA GROUP LIMITED ORDINARY,-0.01694915254237288,0.6528649926185608,0.6260349750518799,0.04109581287100261,0.04109581287100261,False,0.0006965392012034342,0.0006965392012034342,0.00010658409387222948,0.0005899551073312047,108.48135,0.62,0.4116766467065868,0.9829351535836177,0.7474402730375427,0.08383233532934131,,0.9251497005988024,0.0029940119760479044,0.9910179640718563,0.5838323353293413
2023-12-25,BMN,BANNERMAN ENERGY LTD ORDINARY,-0.01694915254237288,2.7300000190734863,3.390000104904175,-0.2417582715089801,-0.16,True,-0.004097597822186104,-0.002711864406779661,0.0001913298565840939,-0.0029031942633637553,248.34315,0.19,0.22005988023952097,0.24573378839590443,0.6006825938566553,0.20658682634730538,,0.2634730538922156,0.3083832335329341,0.05389221556886228,0.9940119760479041
2023-12-25,DMP,DOMINO PIZZA ENTERPR ORDINARY,-0.01694915254237288,53.202388763427734,36.99061965942383,0.30471881960210334,0.30471881960210334,False,0.005164725755967854,0.005164725755967854,0.00010658409387222948,0.005058141662095624,4136.467364,4.16,0.9131736526946108,0.7064846416382252,0.14675767918088736,0.781437125748503,,0.5089820359281437,0.2275449101796407,0.9610778443113772,0.5658682634730539
2023-12-25,BUB,BUBS AUST LTD ORDINARY,-0.01694915254237288,0.12999999523162842,0.10999999940395355,0.1538461273943874,0.1538461273943874,False,0.0026075614812608038,0.0026075614812608038,0.00010658409387222948,0.0025009773873885745,135.244333,1.25,0.5958083832335329,0.1296928327645051,0.4880546075085324,0.12275449101796407,,0.04491017964071856,0.008982035928143712,0.3413173652694611,0.24251497005988024
2023-12-25,BRN,BRAINCHIP LTD ORDINARY,-0.01694915254237288,0.18000000715255737,0.1550000011920929,0.13888891648363078,0.13888891648363078,False,0.0023540494319259455,0.0023540494319259455,0.00010658409387222948,0.0022474653380537162,445.677418,3.76,0.8802395209580839,0.24914675767918087,0.2935153583617747,0.3413173652694611,,0.25748502994011974,0.023952095808383235,0.3143712574850299,0.05089820359281437
2023-12-25,GLN,GALAN LITHIUM LTD ORDINARY,-0.01694915254237288,0.550000011920929,0.5400000214576721,0.018181800448205276,0.018181800448205276,False,0.00030816610929161484,0.00030816610929161484,0.00010658409387222948,0.00020158201541938534,269.77502,1.14,0.5658682634730539,0.17747440273037543,0.2525597269624573,0.2215568862275449,,0.11377245508982035,0.23952095808383234,0.12574850299401197,0.4505988023952096
2023-12-25,FBR,FBR LTD ORDINARY,-0.01694915254237288,0.026000000536441803,0.02199999988079071,0.15384617588929128,0.15384617588929128,False,0.002607562303208327,0.002607562303208327,0.00010658409387222948,0.0025009782093360976,95.391356,0.24,0.24550898203592814,0.29692832764505117,0.7064846416382252,0.0718562874251497,,0.05688622754491018,0.1347305389221557,0.36227544910179643,0.9101796407185628
2023-12-25,DYL,DEEP YELLOW LIMITED ORDINARY,-0.01694915254237288,1.125,1.340000033378601,-0.19111114078097868,-0.16,True,-0.0032391718776437063,-0.002711864406779661,0.0001913298565840939,-0.0029031942633637553,572.44553,10.5,0.9910179640718563,0.16040955631399317,0.8156996587030717,0.39221556886227543,,0.24850299401197604,0.3203592814371258,0.15269461077844312,0.6167664670658682
2023-12-25,CXL,CALIX LIMITED ORDINARY,-0.01694915254237288,3.4000000953674316,1.8250000476837158,0.4632352951488693,0.4632352951488693,False,0.00785144568048931,0.00785144568048931,0.00010658409387222948,0.00774486158661708,755.53381,3.93,0.8952095808383234,0.8020477815699659,0.6245733788395904,0.4550898203592814,,0.2694610778443114,0.1377245508982036,0.16467065868263472,0.7694610778443114
2023-12-25,DUB,DUBBER CORP LTD ORDINARY,-0.01694915254237288,0.15000000596046448,0.14000000059604645,0.06666669978035689,0.06666669978035689,False,0.0011299440640738455,0.0011299440640738455,0.00010658409387222948,0.001023359970201616,100.9376,0.99,0.5344311377245509,0.47440273037542663,0.6723549488054608,0.08083832335329341,,0.03293413173652695,0.03592814371257485,0.4161676646706587,0.7994011976047904
2023-12-25,CTD,CORP TRAVEL LIMITED ORDINARY,-0.01694915254237288,18.666433334350586,20.49609375,-0.09801874749593509,-0.09801874749593509,False,-0.0016613347033209336,-0.0016613347033209336,0.00010658409387222948,-0.001767918797193163,2617.767595,2.41,0.7754491017964071,0.7781569965870307,0.21160409556313994,0.7035928143712575,0.5728643216080402,0.5658682634730539,0.6377245508982036,0.23053892215568864,0.8502994011976048
2023-12-25,CST,CASTILE RESOURCES ORDINARY,-0.01694915254237288,0.0820000022649765,0.08799999952316284,-0.0731706962494687,-0.0731706962494687,False,-0.0012401812923638763,-0.0012401812923638763,0.00010658409387222948,-0.0013467653862361058,20.561706,0.0,0.020958083832335328,0.9795221843003413,0.8703071672354948,0.017964071856287425,,0.1437125748502994,0.3143712574850299,0.0718562874251497,0.7035928143712575
2023-12-25,CLV,CLOVER CORPORATION ORDINARY,-0.01694915254237288,0.7636110186576843,0.7683539390563965,-0.006211173336719833,-0.006211173336719833,False,-0.00010527412435118362,-0.00010527412435118362,0.00010658409387222948,-0.0002118582182234131,182.02891,0.01,0.05389221556886228,0.11945392491467577,0.7030716723549488,0.15269461077844312,0.7889447236180904,0.6736526946107785,0.5419161676646707,0.41317365269461076,0.1407185628742515
2023-12-25,CHN,CHALICE MINING LTD ORDINARY,-0.01694915254237288,1.659999966621399,1.0099999904632568,0.39156625857113014,0.39156625857113014,False,0.006636716246968308,0.006636716246968308,0.00010658409387222948,0.0065301321530960785,2370.39282,5.73,0.9610778443113772,0.08191126279863481,0.6450511945392492,0.6826347305389222,,0.2934131736526946,0.11676646706586827,0.1407185628742515,0.9461077844311377
2023-12-25,CCX,CITY CHIC COLLECTIVE ORDINARY,-0.01694915254237288,0.5,0.4350000023841858,0.12999999523162842,0.12999999523162842,False,0.0022033897496886172,0.0022033897496886172,0.00010658409387222948,0.002096805655816388,90.957082,0.94,0.5119760479041916,0.9419795221843004,0.7781569965870307,0.0658682634730539,,0.9880239520958084,0.03293413173652695,0.7005988023952096,0.09281437125748503
2023-12-25,HLS,HEALIUS ORDINARY,-0.01694915254237288,1.1269999742507935,1.0025908946990967,0.1103896028341983,0.1103896028341983,False,0.0018710102175287847,0.0018710102175287847,0.00010658409387222948,0.0017644261236565552,1809.04374,2.83,0.8038922155688623,0.08532423208191127,0.7849829351535836,0.6347305389221557,,0.8203592814371258,0.08982035928143713,0.844311377245509,0.3562874251497006
2023-12-25,IGO,IGO LIMITED ORDINARY,-0.01694915254237288,8.37882137298584,7.091207504272461,0.1536748202873468,0.1536748202873468,False,0.0026046579709719797,0.0026046579709719797,0.00010658409387222948,0.0024980738770997504,11494.917236,3.63,0.8712574850299402,0.07508532423208192,0.7337883959044369,0.9011976047904192,,0.7844311377245509,0.3383233532934132,0.3562874251497006,0.2844311377245509
2023-12-25,CUV,CLINUVEL PHARMACEUT. ORDINARY,-0.01694915254237288,15.910341262817383,15.225918769836426,0.04301746151608066,0.04301746151608066,False,0.000729109517221706,0.000729109517221706,0.00010658409387222948,0.0006225254233494765,883.456843,4.61,0.9341317365269461,0.6006825938566553,0.5119453924914675,0.49101796407185627,0.5879396984924623,0.5179640718562875,0.8263473053892215,0.11676646706586827,0.937125748502994
2023-12-25,WBT,WEEBIT NANO LTD ORDINARY,-0.01694915254237288,4.199999809265137,3.7300000190734863,0.11190471703232885,0.11190471703232885,False,0.0018966901191920145,0.0018966901191920145,0.00010658409387222948,0.001790106025319785,909.36106,7.51,0.9760479041916168,0.8771331058020477,0.89419795221843,0.5059880239520959,,0.27844311377245506,0.10778443113772455,0.09580838323353294,0.4505988023952096
2023-12-25,PDN,PALADIN ENERGY LTD ORDINARY,-0.01694915254237288,10.0,12.300000190734863,-0.23000001907348633,-0.16,True,-0.003898305408025192,-0.002711864406779661,0.0001913298565840939,-0.0029031942633637553,1405.533068,2.27,0.7514970059880239,0.22866894197952217,0.726962457337884,0.5778443113772455,,0.3592814371257485,0.38323353293413176,0.4550898203592814,0.4505988023952096
2023-12-25,MMS,MCMILLAN SHAKESPEARE ORDINARY,-0.01694915254237288,12.861546516418457,13.864473342895508,-0.07797871159558922,-0.07797871159558922,False,-0.0013216730778913427,-0.0013216730778913427,0.00010658409387222948,-0.0014282571717635722,1257.753013,0.46,0.33532934131736525,0.3993174061433447,0.6791808873720137,0.5598802395209581,,0.2155688622754491,0.2844311377245509,0.9401197604790419,0.04491017964071856
2023-12-25,MYX,MAYNE PHARMA LTD ORDINARY,-0.01694915254237288,6.289999961853027,5.329999923706055,0.15262321843705662,0.15262321843705662,False,0.0025868342107975696,0.0025868342107975696,0.00010658409387222948,0.0024802501169253403,367.057301,1.57,0.6646706586826348,0.9897610921501706,0.4197952218430034,0.2904191616766467,,0.6526946107784432,0.0748502994011976,0.30538922155688625,0.15269461077844312
2023-12-25,MYS,MYSTATE LIMITED ORDINARY,-0.01694915254237288,2.6659603118896484,2.8489181995391846,-0.06862738609932806,-0.06862738609932806,False,-0.0011631760355818315,-0.0011631760355818315,0.00010658409387222948,-0.001269760129454061,346.858825,0.04,0.10179640718562874,0.37542662116040953,0.22525597269624573,0.281437125748503,0.19095477386934673,0.25449101796407186,0.5598802395209581,0.9670658682634731,0.8772455089820359
2023-12-25,MVP,MEDICAL DEVELOPMENTS ORDINARY,-0.01694915254237288,0.7450000047683716,0.8799999952316284,-0.18120803973045585,-0.16,True,-0.0030713227072958617,-0.002711864406779661,0.0001913298565840939,-0.0029031942633637553,67.78882,0.51,0.3727544910179641,0.18771331058020477,0.5085324232081911,0.05089820359281437,,0.04790419161676647,0.15868263473053892,0.2245508982035928,0.8832335329341318
2023-12-25,MCP,MCPHERSON'S LTD ORDINARY,-0.01694915254237288,0.4932786822319031,0.5561475157737732,-0.12745094366821608,-0.12745094366821608,False,-0.0021601854859019673,-0.0021601854859019673,0.00010658409387222948,-0.0022667695797741966,56.859855,0.03,0.08832335329341318,0.7440273037542662,0.9385665529010239,0.03592814371257485,,0.9610778443113772,0.2215568862275449,0.46107784431137727,0.2125748502994012
2023-12-25,IRE,IRESS LIMITED ORDINARY,-0.01694915254237288,7.661184787750244,7.824188232421875,-0.02127653217975678,-0.02127653217975678,False,-0.00036061918948740305,-0.00036061918948740305,0.00010658409387222948,-0.00046720328335963254,1873.05425,2.07,0.7215568862275449,0.9453924914675768,0.9556313993174061,0.6407185628742516,,0.4940119760479042,0.04491017964071856,0.9131736526946108,0.5269461077844312
2023-12-25,LOT,LOTUS RESOURCES LTD ORDINARY,-0.01694915254237288,3.565000057220459,3.8524999618530273,-0.08064513324488543,-0.08064513324488543,False,-0.0013668666651675495,-0.0013668666651675495,0.00010658409387222948,-0.001473450759039779,248.928848,0.64,0.4296407185628742,0.7474402730375427,0.8395904436860068,0.20958083832335328,,0.2215568862275449,0.1407185628742515,0.03293413173652695,0.014970059880239521
2023-12-25,KGN,KOGAN.COM LTD ORDINARY,-0.01694915254237288,4.811852931976318,5.042747497558594,-0.04798454334460356,-0.04798454334460356,False,-0.0008132973448237891,-0.0008132973448237891,0.00010658409387222948,-0.0009198814386960186,507.747484,1.48,0.6482035928143712,0.3242320819112628,0.7508532423208191,0.3712574850299401,,0.4820359281437126,0.32934131736526945,0.3323353293413174,0.1317365269461078
2023-12-25,IXR,IONIC RARE EARTHS ORDINARY,-0.01694915254237288,0.6600000262260437,0.6000000238418579,0.09090909090909094,0.09090909090909094,False,0.001540832049306626,0.001540832049306626,0.00010658409387222948,0.0014342479554343966,86.814308,0.13,0.18263473053892215,0.2354948805460751,0.8225255972696246,0.06287425149700598,,0.1377245508982036,0.1497005988023952,0.09281437125748503,1.0
2023-12-25,IRI,INTEGRATED RESEARCH ORDINARY,-0.01694915254237288,0.3090982735157013,0.2814178168773651,0.08955228485587152,0.08955228485587152,False,0.0015178353365401954,0.0015178353365401954,0.00010658409387222948,0.0014112512426679659,66.56265,0.07,0.1347305389221557,0.43686006825938567,0.6416382252559727,0.04790419161676647,,0.9461077844311377,0.038922155688622756,0.2754491017964072,0.16167664670658682
2023-12-25,NMT,NEOMETALS LTD ORDINARY,-0.01694915254237288,0.19499999284744263,0.15000000596046448,0.23076917198752767,0.23076917198752767,False,0.003911341898093689,0.003911341898093689,0.00010658409387222948,0.00380475780422146,276.804185,1.35,0.6167664670658682,0.010238907849829351,0.7747440273037542,0.23353293413173654,,0.18562874251497005,0.08682634730538923,0.1497005988023952,0.4505988023952096
2023-12-25,M7T,MACH7 TECH LIMITED ORDINARY,-0.01694915254237288,0.8050000071525574,0.675000011920929,0.16149067587149946,0.16149067587149946,False,0.0027371300995169398,0.0027371300995169398,0.00010658409387222948,0.0026305460056447105,148.805816,0.08,0.14820359281437126,0.46757679180887374,0.9010238907849829,0.12874251497005987,,0.5,0.31137724550898205,0.17664670658682635,0.17964071856287425
2023-12-25,PAC,PACIFIC GRP LTD ORDINARY,-0.01694915254237288,7.8971638679504395,8.615915298461914,-0.09101386808350642,-0.09101386808350642,False,-0.001542607933618753,-0.001542607933618753,0.00010658409387222948,-0.0016491920274909824,353.02722,0.07,0.1347305389221557,0.21160409556313994,0.24914675767918087,0.2874251497005988,,0.7485029940119761,0.33532934131736525,0.11377245508982035,0.3772455089820359
2023-12-25,HUM,HUMM GROUP LIMITED ORDINARY,-0.01694915254237288,0.44448980689048767,0.6186197996139526,-0.39175249921167854,-0.16,True,-0.006639872867994552,-0.002711864406779661,0.0001913298565840939,-0.0029031942633637553,234.303345,1.86,0.7005988023952096,0.6757679180887372,0.6518771331058021,0.20059880239520958,,0.0029940119760479044,0.3502994011976048,0.9820359281437125,0.6766467065868264
2023-12-25,PNV,POLYNOVO LIMITED ORDINARY,-0.01694915254237288,1.600000023841858,1.8300000429153442,-0.14375000977888686,-0.14375000977888686,False,-0.0024364408437099467,-0.0024364408437099467,0.00010658409387222948,-0.002543024937582176,1069.86115,4.45,0.9236526946107785,0.8361774744027304,0.5494880546075085,0.5209580838323353,,0.3323353293413174,0.3023952095808383,0.47904191616766467,0.8383233532934131
2023-12-25,SPL,STARPHARMA HOLDINGS ORDINARY,-0.01694915254237288,0.17499999701976776,0.1599999964237213,0.08571429057997104,0.08571429057997104,False,0.0014527845861012042,0.0014527845861012042,0.00010658409387222948,0.0013462004922289747,126.956952,0.58,0.39520958083832336,0.6245733788395904,0.8737201365187713,0.11077844311377245,,0.12874251497005987,0.09580838323353294,0.47305389221556887,0.9431137724550899
2023-12-25,IMU,IMUGENE LIMITED ORDINARY,-0.01694915254237288,3.569999933242798,3.4000000953674316,0.047619003096436296,0.047619003096436296,False,0.0008071017473972253,0.0008071017473972253,0.00010658409387222948,0.0007005176535249958,583.740904,5.52,0.9550898203592815,0.9931740614334471,0.6757679180887372,0.39820359281437123,,0.281437125748503,0.15568862275449102,0.08982035928143713,0.8982035928143712
2023-12-25,WAF,WEST AFRICAN RES LTD ORDINARY,-0.01694915254237288,0.9649999737739563,0.9300000071525574,0.03626939644829197,0.03626939644829197,False,0.0006147355330218978,0.0006147355330218978,0.00010658409387222948,0.0005081514391496683,797.83318,1.01,0.5404191616766467,0.8737201365187713,0.9044368600682594,0.46407185628742514,0.24120603015075376,0.2874251497005988,0.5748502994011976,0.40718562874251496,0.08083832335329341
2023-12-25,VVA,VIVA LEISURE LIMITED ORDINARY,-0.01694915254237288,1.4700000286102295,1.4550000429153442,0.010204071702683226,0.010204071702683226,False,0.00017295036784208858,0.00017295036784208858,0.00010658409387222948,6.63662739698591e-05,114.234229,0.01,0.05389221556886228,0.30716723549488056,0.6655290102389079,0.09281437125748503,0.7236180904522613,0.9311377245508982,0.4550898203592814,0.9580838323353293,0.6946107784431138
2023-12-25,TPG,TPG TELECOM LIMITED. ORDINARY,-0.01694915254237288,4.573544979095459,4.718449592590332,-0.03168321600797541,-0.03168321600797541,False,-0.0005370036611521256,-0.0005370036611521256,0.00010658409387222948,-0.0006435877550243551,9042.432634,0.97,0.5239520958083832,0.2525597269624573,0.08191126279863481,0.8832335329341318,0.9547738693467337,0.3023952095808383,0.40119760479041916,0.6586826347305389,0.3502994011976048
2023-12-25,TOE,TORO ENERGY LIMITED ORDINARY,-0.01694915254237288,0.5099999904632568,0.47999998927116394,0.05882353284917219,0.05882353284917219,False,0.0009970090313419016,0.0009970090313419016,0.00010658409387222948,0.0008904249374696721,43.588876,0.07,0.1347305389221557,0.44368600682593856,0.9590443686006825,0.03293413173652695,,0.15568862275449102,0.15269461077844312,0.03293413173652695,0.4505988023952096
2023-12-25,VUL,VULCAN ENERGY ORDINARY,-0.01694915254237288,2.569999933242798,2.1600000858306885,0.1595330187012013,0.1595330187012013,False,0.002703949469511886,0.002703949469511886,0.00010658409387222948,0.002597365375639657,382.577341,3.45,0.8562874251497006,0.19795221843003413,0.856655290102389,0.31137724550898205,,0.059880239520958084,0.2155688622754491,0.16167664670658682,0.9625748502994012
2023-12-25,SRL,SUNRISE ORDINARY,-0.01694915254237288,0.44999998807907104,0.4000000059604645,0.11111107431811951,0.11111107431811951,False,0.0018832385477647374,0.0018832385477647374,0.00010658409387222948,0.001776654453892508,95.461351,1.59,0.6751497005988024,0.017064846416382253,0.9283276450511946,0.0748502994011976,,0.19161676646706588,0.10179640718562874,0.15868263473053892,0.9251497005988024
2023-12-25,SLX,SILEX SYSTEMS ORDINARY,-0.01694915254237288,4.139999866485596,4.96999979019165,-0.20048307982450098,-0.16,True,-0.003398018302110186,-0.002711864406779661,0.0001913298565840939,-0.0029031942633637553,896.55488,4.55,0.9311377245508982,0.8873720136518771,0.8668941979522184,0.49700598802395207,,0.3502994011976048,0.20359281437125748,0.10778443113772455,0.3652694610778443
2023-12-25,SHV,SELECT HARVESTS ORDINARY,-0.01694915254237288,2.8499999046325684,3.1600000858306885,-0.10877199704260576,-0.10877199704260576,False,-0.001843593170213657,-0.001843593170213657,0.00010658409387222948,-0.0019501772640858864,485.58535,5.4,0.9520958083832335,0.07849829351535836,0.4402730375426621,0.36227544910179643,,0.4281437125748503,0.2245508982035928,0.8263473053892215,0.9700598802395209
2023-12-25,SGR,THE STAR ENT GRP ORDINARY,-0.01694915254237288,0.5099999904632568,0.5149999856948853,-0.00980391240220757,-0.00980391240220757,False,-0.00016616800681707746,-0.00016616800681707746,0.00010658409387222948,-0.00027275210068930696,1806.798396,0.96,0.5179640718562875,0.14334470989761092,0.9146757679180887,0.6287425149700598,,0.0718562874251497,0.029940119760479042,0.6227544910179641,0.18562874251497005
2023-12-25,PPK,PPK GROUP LIMITED ORDINARY,-0.01694915254237288,0.9800000190734863,0.8399999737739563,0.1428571863007606,0.1428571863007606,False,0.002421308242385773,0.002421308242385773,0.00010658409387222948,0.0023147241485135437,122.873819,0.19,0.22005988023952097,0.8464163822525598,0.9215017064846417,0.10778443113772455,,0.1317365269461078,0.281437125748503,0.3652694610778443,0.9970059880239521
2023-12-25,SYR,SYRAH RESOURCES ORDINARY,-0.01694915254237288,0.6100000143051147,0.44999998807907104,0.2622951188096425,0.2622951188096425,False,0.004445679979824449,0.004445679979824449,0.00010658409387222948,0.00433909588595222,414.963178,14.46,0.9970059880239521,0.6655290102389079,0.9078498293515358,0.32335329341317365,,0.03592814371257485,0.16766467065868262,0.6347305389221557,0.041916167664670656
2024-01-29,CHN,CHALICE MINING LTD ORDINARY,-0.01694915254237288,1.0099999904632568,1.2200000286102295,-0.2079208318117427,-0.16,True,-0.003524081895114283,-0.002711864406779661,0.0001913298565840939,-0.0029031942633637553,644.3323,9.27,0.987987987987988,0.017006802721088437,0.8401360544217688,0.4114114114114114,,0.2132132132132132,0.11711711711711711,0.12012012012012012,0.018018018018018018
2024-01-29,CXL,CALIX LIMITED ORDINARY,-0.01694915254237288,1.8250000476837158,1.9500000476837158,-0.0684931488953382,-0.0684931488953382,False,-0.0011609008287345457,-0.0011609008287345457,0.00010658409387222948,-0.0012674849226067752,618.338794,4.55,0.9159159159159159,0.034013605442176874,0.9013605442176871,0.40540540540540543,,0.22822822822822822,0.14114114114114115,0.1891891891891892,0.8498498498498499
2024-01-29,CTM,CENTAURUS METALS LTD ORDINARY,-0.01694915254237288,0.30000001192092896,0.2800000011920929,0.06666669978035689,0.06666669978035689,False,0.0011299440640738455,0.0011299440640738455,0.00010658409387222948,0.001023359970201616,252.06853,0.17,0.2057057057057057,0.023809523809523808,0.8707482993197279,0.2222222222222222,,0.42342342342342343,0.06606606606606606,0.1111111111111111,0.34684684684684686
2024-01-29,CST,CASTILE RESOURCES ORDINARY,-0.01694915254237288,0.08799999952316284,0.07500000298023224,0.1477272342428686,0.1477272342428686,False,0.0025038514278452307,0.0025038514278452307,0.00010658409387222948,0.0023972673339730014,19.840278,0.01,0.06456456456456457,0.9523809523809523,0.9931972789115646,0.018018018018018018,,0.15015015015015015,0.3213213213213213,0.06006006006006006,0.8888888888888888
2024-01-29,CCX,CITY CHIC COLLECTIVE ORDINARY,-0.01694915254237288,0.4350000023841858,0.4050000011920929,0.06896551960383057,0.06896551960383057,False,0.0011689071119293318,0.0011689071119293318,0.00010658409387222948,0.0010623230180571023,123.741308,0.85,0.4894894894894895,0.9897959183673469,0.46598639455782315,0.13513513513513514,,0.10810810810810811,0.07807807807807808,0.7417417417417418,0.09309309309309309
2024-01-29,KGN,KOGAN.COM LTD ORDINARY,-0.01694915254237288,5.042747497558594,7.314755916595459,-0.4505497092878119,-0.16,True,-0.00763643575064088,-0.002711864406779661,0.0001913298565840939,-0.0029031942633637553,541.869688,2.3,0.7567567567567568,0.7278911564625851,0.9489795918367347,0.3843843843843844,0.7096774193548387,0.9279279279279279,0.6396396396396397,0.36036036036036034,0.7717717717717718
2024-01-29,BRN,BRAINCHIP LTD ORDINARY,-0.01694915254237288,0.1550000011920929,0.4350000023841858,-1.8064516067008696,-0.16,True,-0.03061782384238762,-0.002711864406779661,0.0001913298565840939,-0.0029031942633637553,208.052823,4.32,0.8948948948948949,0.17346938775510204,0.6258503401360545,0.2012012012012012,,0.25225225225225223,0.024024024024024024,0.32732732732732733,0.4984984984984985
2024-01-29,ASM,AUSSTRATMATERIALS ORDINARY,-0.01694915254237288,1.0,0.9700000286102295,0.029999971389770508,0.029999971389770508,False,0.0005084740913520425,0.0005084740913520425,0.00010658409387222948,0.00040188999747981305,218.3892,2.93,0.8168168168168168,0.047619047619047616,0.5782312925170068,0.2042042042042042,,0.1921921921921922,0.24024024024024024,0.3183183183183183,0.6066066066066066
2024-01-29,ADH,ADAIRS LIMITED ORDINARY,-0.01694915254237288,1.4839121103286743,2.0163748264312744,-0.3588236206150133,-0.16,True,-0.0060817562816103945,-0.002711864406779661,0.0001913298565840939,-0.0029031942633637553,313.22231,2.62,0.7927927927927928,0.6870748299319728,0.7993197278911565,0.25825825825825827,0.17050691244239632,0.972972972972973,0.7597597597597597,0.8498498498498499,0.4174174174174174
2024-01-29,ABY,ADORE BEAUTY ORDINARY,-0.01694915254237288,1.0449999570846558,1.2799999713897705,-0.2248804056994591,-0.16,True,-0.0038115322999908324,-0.002711864406779661,0.0001913298565840939,-0.0029031942633637553,131.47032,1.49,0.6516516516516516,0.4523809523809524,0.7959183673469388,0.14714714714714713,0.9032258064516129,0.7747747747747747,0.45645645645645644,0.26126126126126126,0.7597597597597597
2024-01-29,CXO,CORE LITHIUM ORDINARY,-0.01694915254237288,0.1899999976158142,0.24500000476837158,-0.28947372548798156,-0.16,True,-0.004906334330304772,-0.002711864406779661,0.0001913298565840939,-0.0029031942633637553,513.541666,12.62,0.993993993993994,0.01020408163265306,0.9523809523809523,0.36936936936936937,,0.04504504504504504,0.03303303303303303,0.15615615615615616,0.978978978978979
2024-01-29,CCP,CREDIT CORP GROUP ORDINARY,-0.01694915254237288,15.821069717407227,17.226375579833984,-0.08882495858548434,-0.08882495858548434,False,-0.0015055077726353278,-0.0015055077726353278,0.00010658409387222948,-0.0016120918665075573,1103.36607,2.96,0.8198198198198198,0.95578231292517,0.7346938775510204,0.5135135135135135,,0.2882882882882883,0.2882882882882883,0.6246246246246246,0.3003003003003003
2024-01-29,DEV,DEVEX RESOURCES LTD ORDINARY,-0.01694915254237288,0.25,0.32499998807907104,-0.2999999523162842,-0.16,True,-0.005084744954513291,-0.002711864406779661,0.0001913298565840939,-0.0029031942633637553,94.848,0.11,0.16666666666666666,0.22789115646258504,0.9659863945578231,0.09309309309309309,,0.13213213213213212,0.12912912912912913,0.12912912912912913,0.34684684684684686
2024-01-29,IFL,INSIGNIA FINANCIAL ORDINARY,-0.01694915254237288,2.0311925411224365,2.3584940433502197,-0.16113760542214095,-0.16,True,-0.0027311458546125586,-0.002711864406779661,0.0001913298565840939,-0.0029031942633637553,1554.696,5.34,0.9429429429429429,0.282312925170068,0.6292517006802721,0.5825825825825826,,0.17417417417417416,0.2672672672672673,0.6036036036036037,0.40540540540540543
2024-01-29,DYL,DEEP YELLOW LIMITED ORDINARY,-0.01694915254237288,1.340000033378601,1.3200000524520874,0.014925358528601551,0.014925358528601551,False,0.0002529721784508737,0.0002529721784508737,0.00010658409387222948,0.00014638808457864423,823.14947,8.88,0.984984984984985,0.6632653061224489,0.9795918367346939,0.44744744744744747,,0.3183183183183183,0.2852852852852853,0.12612612612612611,0.10810810810810811
2024-01-29,DUB,DUBBER CORP LTD ORDINARY,-0.01694915254237288,0.14000000059604645,0.2199999988079071,-0.571428556223305,-0.16,True,-0.009685229766496696,-0.002711864406779661,0.0001913298565840939,-0.0029031942633637553,92.63513,0.98,0.5255255255255256,0.08843537414965986,0.8095238095238095,0.09009009009009009,,0.1111111111111111,0.015015015015015015,0.6576576576576577,0.7807807807807807
2024-01-29,IXR,IONIC RARE EARTHS ORDINARY,-0.01694915254237288,0.6000000238418579,0.5099999904632568,0.15000004967053537,0.15000004967053537,False,0.002542373723229413,0.002542373723229413,0.00010658409387222948,0.002435789629357184,102.382605,0.15,0.1981981981981982,0.34183673469387754,0.8639455782312925,0.10510510510510511,,0.1021021021021021,0.04504504504504504,0.15915915915915915,0.021021021021021023
2024-01-29,IMU,IMUGENE LIMITED ORDINARY,-0.01694915254237288,3.4000000953674316,3.9100000858306885,-0.14999999298768896,-0.14999999298768896,False,-0.0025423727625032027,-0.0025423727625032027,0.00010658409387222948,-0.002648956856375432,757.020449,5.77,0.9579579579579579,0.9965986394557823,0.8367346938775511,0.4264264264264264,,0.15915915915915915,0.05405405405405406,0.17117117117117117,0.7657657657657657
2024-01-29,ILU,ILUKA RESOURCES ORDINARY,-0.01694915254237288,7.059025764465332,6.903669357299805,0.022008193814446964,0.022008193814446964,False,0.0003730202341431689,0.0003730202341431689,0.00010658409387222948,0.0002664361402709394,2811.1578,2.2,0.7387387387387387,0.30612244897959184,0.8299319727891157,0.6876876876876877,0.20276497695852536,0.24324324324324326,0.6966966966966966,0.3033033033033033,0.0990990990990991
2024-01-29,IDX,INTEGRAL DIAGNOSTICS ORDINARY,-0.01694915254237288,1.8651983737945557,2.089261293411255,-0.1201281980322908,-0.1201281980322908,False,-0.0020360711530896746,-0.0020360711530896746,0.00010658409387222948,-0.002142655246961904,450.171486,4.44,0.9039039039039038,0.3843537414965986,0.36054421768707484,0.3483483483483483,,0.5105105105105106,0.09009009009009009,0.8348348348348348,0.4594594594594595
2024-01-29,JMS,JUPITER MINES. ORDINARY,-0.01694915254237288,0.14692862331867218,0.15112660825252533,-0.02857159373737672,-0.02857159373737672,False,-0.00048426430063350375,-0.00048426430063350375,0.00010658409387222948,-0.0005908483945057332,323.23352,0.0,0.02702702702702703,0.22108843537414966,0.47278911564625853,0.26426426426426425,0.22580645161290322,0.3993993993993994,0.46546546546546547,0.05105105105105105,0.34684684684684686
2024-01-29,HUM,HUMM GROUP LIMITED ORDINARY,-0.01694915254237288,0.6186197996139526,0.46959227323532104,0.24090325992092665,0.24090325992092665,False,0.004083106100354689,0.004083106100354689,0.00010658409387222948,0.00397652200648246,245.022261,1.81,0.6966966966966966,0.9863945578231292,0.7312925170068028,0.21621621621621623,,0.003003003003003003,0.2972972972972973,0.984984984984985,0.7147147147147147
2024-01-29,GRR,GRANGE RESOURCES. ORDINARY,-0.01694915254237288,0.44081631302833557,0.4220581650733948,0.042553207312305275,0.042553207312305275,False,0.0007212408019034792,0.0007212408019034792,0.00010658409387222948,0.0006146567080312497,538.162635,0.48,0.3408408408408408,0.3707482993197279,0.8333333333333334,0.3783783783783784,0.059907834101382486,0.9069069069069069,0.7447447447447447,0.06906906906906907,0.8258258258258259
2024-01-29,GPR,GEOPACIFIC RESOURCES ORDINARY,-0.01694915254237288,0.014999999664723873,0.014000000432133675,0.06666661699612819,0.06666661699612819,False,0.0011299426609513252,0.0011299426609513252,0.00010658409387222948,0.0010233585670790957,16.737366,0.0,0.02702702702702703,0.1836734693877551,0.7448979591836735,0.015015015015015015,,0.4144144144144144,0.34534534534534533,0.26426426426426425,0.34684684684684686
2024-01-29,EVN,EVOLUTION MINING LTD ORDINARY,-0.01694915254237288,2.9702255725860596,2.942678451538086,0.009274420536346528,0.009274420536346528,False,0.00015719356841265302,0.00015719356841265302,0.00010658409387222948,5.0609474540423534e-05,7334.631738,0.81,0.481981981981982,0.15306122448979592,0.8843537414965986,0.8588588588588588,0.7741935483870968,0.4804804804804805,0.44744744744744747,0.6366366366366366,0.8528528528528528
2024-01-29,EGR,ECOGRAF LIMITED ORDINARY,-0.01694915254237288,0.14000000059604645,0.17499999701976776,-0.24999997339078361,-0.16,True,-0.004237287684589553,-0.002711864406779661,0.0001913298565840939,-0.0029031942633637553,63.2744,0.6,0.3843843843843844,0.11564625850340136,0.3163265306122449,0.05405405405405406,,0.08708708708708708,0.23723723723723725,0.08708708708708708,0.34684684684684686
2024-01-29,KCN,KINGSGATE CONSOLID. ORDINARY,-0.01694915254237288,1.426307201385498,1.259084939956665,0.11724140582505316,0.11724140582505316,False,0.0019871424716110704,0.0019871424716110704,0.00010658409387222948,0.001880558377738841,355.56804,0.77,0.45345345345345345,0.8843537414965986,0.9319727891156463,0.2912912912912913,,0.27927927927927926,0.042042042042042045,0.8648648648648649,0.963963963963964
2024-01-29,CLV,CLOVER CORPORATION ORDINARY,-0.01694915254237288,0.7683539390563965,0.7825826406478882,-0.018518420832156712,-0.018518420832156712,False,-0.0003138715395280799,-0.0003138715395280799,0.00010658409387222948,-0.0004204556334003094,182.02891,0.01,0.06456456456456457,0.10884353741496598,0.40476190476190477,0.17117117117117117,0.7373271889400922,0.7597597597597597,0.5525525525525525,0.38738738738738737,0.11711711711711711
2024-01-29,HVN,HARVEY NORMAN ORDINARY,-0.01694915254237288,3.903860330581665,4.472988128662109,-0.1457859016169376,-0.1457859016169376,False,-0.002470947485032841,-0.002470947485032841,0.00010658409387222948,-0.0025775315789050702,5233.2294,6.09,0.960960960960961,0.7687074829931972,0.4557823129251701,0.7957957957957958,0.3317972350230415,0.9099099099099099,0.6096096096096096,0.6186186186186187,0.7177177177177178
2024-01-29,LIC,LIFESTYLE COMMUNIT. ORDINARY,-0.01694915254237288,17.424596786499023,15.335624694824219,0.11988639492039144,0.11988639492039144,False,0.002031972795260872,0.002031972795260872,0.00010658409387222948,0.0019253887013886424,1924.11575,5.54,0.954954954954955,0.47619047619047616,0.6020408163265306,0.6216216216216216,0.18433179723502305,0.21021021021021022,0.9309309309309309,0.7897897897897898,0.09009009009009009
2024-01-29,PPS,PRAEMIUM LIMITED ORDINARY,-0.01694915254237288,0.3509868383407593,0.38374558091163635,-0.09333325068751686,-0.09333325068751686,False,-0.0015819195031782519,-0.0015819195031782519,0.00010658409387222948,-0.0016885035970504814,195.151758,0.71,0.44294294294294295,0.05782312925170068,0.6632653061224489,0.19519519519519518,0.6221198156682027,0.5885885885885885,0.5405405405405406,0.15315315315315314,0.2882882882882883
2024-01-29,WHC,WHITEHAVEN COAL ORDINARY,-0.01694915254237288,7.880746364593506,6.620034694671631,0.15997363848505275,0.15997363848505275,False,0.002711417601441572,0.002711417601441572,0.00010658409387222948,0.002604833507569343,6432.428297,1.89,0.7027027027027027,0.8095238095238095,0.391156462585034,0.8318318318318318,0.29493087557603687,0.14414414414414414,0.6216216216216216,0.1981981981981982,0.08708708708708708
2024-01-29,PAR,PARADIGM BIO. ORDINARY,-0.01694915254237288,0.4050000011920929,0.33500000834465027,0.1728394880034615,0.1728394880034615,False,0.0029294828475162965,0.0029294828475162965,0.00010658409387222948,0.002822898753644067,127.41075,1.76,0.6876876876876877,0.2687074829931973,0.9047619047619048,0.13813813813813813,,0.024024024024024024,0.012012012012012012,0.10810810810810811,0.010510510510510511
2024-01-29,PNR,PANTORO LIMITED ORDINARY,-0.01694915254237288,0.7139999866485596,0.7649999856948853,-0.0714285714285714,-0.0714285714285714,False,-0.0012106537530266338,-0.0012106537530266338,0.00010658409387222948,-0.0013172378468988633,4937.919348,0.17,0.2057057057057057,0.5612244897959183,0.6428571428571429,0.7867867867867868,,0.34234234234234234,0.22822822822822822,0.45345345345345345,0.9309309309309309
2024-01-29,PLS,PILBARA MIN LTD ORDINARY,-0.01694915254237288,3.5999999046325684,4.409999847412109,-0.22499999006589233,-0.16,True,-0.003813559153659192,-0.002711864406779661,0.0001913298565840939,-0.0029031942633637553,11879.894808,20.46,1.0,0.24489795918367346,0.5136054421768708,0.8978978978978979,0.6543778801843319,0.1891891891891892,0.7207207207207207,0.3963963963963964,0.02702702702702703
2024-01-29,PEN,PENINSULA ENERGY LTD ORDINARY,-0.01694915254237288,2.1426079273223877,2.240000009536743,-0.04545492480094859,-0.04545492480094859,False,-0.000770422454253366,-0.000770422454253366,0.00010658409387222948,-0.0008770065481255955,283.426438,0.57,0.3738738738738739,0.21428571428571427,0.9965986394557823,0.23423423423423423,,0.3333333333333333,0.15915915915915915,0.03903903903903904,0.03003003003003003
2024-01-29,NVA,NOVA MINERALS LTD ORDINARY,-0.01694915254237288,0.36500000953674316,0.2849999964237213,0.21917811239116847,0.21917811239116847,False,0.0037148832608672622,0.0037148832608672622,0.00010658409387222948,0.003608299166995033,75.8448,0.32,0.27177177177177175,0.9421768707482994,0.7755102040816326,0.06906906906906907,,0.07807807807807808,0.17117117117117117,0.29429429429429427,0.010510510510510511
2024-01-29,LTR,LIONTOWN RESOURCES ORDINARY,-0.01694915254237288,0.9549999833106995,1.3300000429153442,-0.39267022634349336,-0.16,True,-0.006655427565143955,-0.002711864406779661,0.0001913298565840939,-0.0029031942633637553,3655.81095,6.25,0.963963963963964,0.03741496598639456,0.8163265306122449,0.7477477477477478,,0.14114114114114115,0.24624624624624625,0.5645645645645646,0.34684684684684686
2024-01-29,MYS,MYSTATE LIMITED ORDINARY,-0.01694915254237288,2.8489181995391846,2.955291271209717,-0.03733805754329422,-0.03733805754329422,False,-0.0006328484329371902,-0.0006328484329371902,0.00010658409387222948,-0.0007394325268094197,345.356699,0.04,0.1021021021021021,0.6156462585034014,0.2925170068027211,0.27927927927927926,0.19815668202764977,0.9369369369369369,0.5435435435435435,0.993993993993994,0.7567567567567568
2024-01-29,MME,MONEYME LIMITED ORDINARY,-0.01694915254237288,0.08799999952316284,0.08100000023841858,0.07954544684857368,0.07954544684857368,False,0.0013482279126876893,0.0013482279126876893,0.00010658409387222948,0.0012416438188154598,65.991513,0.0,0.02702702702702703,0.9387755102040817,0.9251700680272109,0.06006006006006006,0.0967741935483871,0.984984984984985,0.5225225225225225,0.975975975975976,0.17117117117117117
2024-01-29,MIN,MINERAL RESOURCES. ORDINARY,-0.01694915254237288,59.66054153442383,66.4000015258789,-0.11296343978987267,-0.11296343978987267,False,-0.0019146345727097062,-0.0019146345727097062,0.00010658409387222948,-0.0020212186665819355,13600.85286,5.52,0.9519519519519519,0.3197278911564626,0.6190476190476191,0.9159159159159159,0.30414746543778803,0.12912912912912913,0.8738738738738738,0.8408408408408409,0.4894894894894895
2024-01-29,PNV,POLYNOVO LIMITED ORDINARY,-0.01694915254237288,1.8300000429153442,2.2100000381469727,-0.20765026574876821,-0.16,True,-0.0035194960296401393,-0.002711864406779661,0.0001913298565840939,-0.0029031942633637553,1145.78678,3.77,0.8543543543543544,0.9489795918367347,0.8979591836734694,0.5285285285285285,0.9815668202764977,0.43243243243243246,0.5555555555555556,0.44144144144144143,0.8738738738738738
2024-01-29,NMT,NEOMETALS LTD ORDINARY,-0.01694915254237288,0.15000000596046448,0.15000000596046448,-0.0,-0.0,False,-0.0,-0.0,0.00010658409387222948,-0.00010658409387222948,117.529202,2.49,0.7777777777777778,0.05102040816326531,0.9183673469387755,0.11711711711711711,,0.42042042042042044,0.08408408408408409,0.11711711711711711,0.34684684684684686
2024-01-29,PPK,PPK GROUP LIMITED ORDINARY,-0.01694915254237288,0.8399999737739563,0.6349999904632568,0.24404760679893178,0.24404760679893178,False,0.0041364001152361315,0.0041364001152361315,0.00010658409387222948,0.004029816021363902,81.02549,0.19,0.21171171171171171,0.1598639455782313,0.3945578231292517,0.07507507507507508,,0.09309309309309309,0.15615615615615616,0.37537537537537535,0.987987987987988
2024-01-29,MVP,MEDICAL DEVELOPMENTS ORDINARY,-0.01694915254237288,0.8799999952316284,0.7799999713897705,0.11363639134513459,0.11363639134513459,False,0.0019260405312734677,0.0019260405312734677,0.00010658409387222948,0.0018194564374012382,66.476646,0.46,0.3303303303303303,0.5510204081632653,0.9863945578231292,0.06306306306306306,,0.11711711711711711,0.13513513513513514,0.21921921921921922,0.13213213213213212
2024-01-29,PWH,PWR HOLDINGS LIMITED ORDINARY,-0.01694915254237288,10.146598815917969,11.954998970031738,-0.17822722539071467,-0.16,True,-0.003020800430351096,-0.002711864406779661,0.0001913298565840939,-0.0029031942633637553,980.108413,0.19,0.21171171171171171,0.391156462585034,0.6768707482993197,0.4864864864864865,0.8433179723502304,0.5225225225225225,0.8258258258258259,0.3933933933933934,0.2552552552552553
2024-01-29,SVL,SILVER MINES LIMITED ORDINARY,-0.01694915254237288,0.18000000715255737,0.15000000596046448,0.16666666666666663,0.16666666666666663,False,0.0028248587570621464,0.0028248587570621464,0.00010658409387222948,0.002718274663189917,225.037281,1.77,0.6921921921921922,0.42517006802721086,0.8741496598639455,0.2072072072072072,,0.32732732732732733,0.32432432432432434,0.021021021021021023,0.996996996996997
2024-01-29,WBT,WEEBIT NANO LTD ORDINARY,-0.01694915254237288,3.7300000190734863,4.349999904632568,-0.16621980761090915,-0.16,True,-0.002817284874761172,-0.002711864406779661,0.0001913298565840939,-0.0029031942633637553,803.078388,8.78,0.9819819819819819,0.23809523809523808,0.826530612244898,0.44144144144144143,,0.3033033033033033,0.05105105105105105,0.07507507507507508,0.34684684684684686
2024-01-29,VUL,VULCAN ENERGY ORDINARY,-0.01694915254237288,2.1600000858306885,2.5399999618530273,-0.1759258615381949,-0.16,True,-0.0029817942633592353,-0.002711864406779661,0.0001913298565840939,-0.0029031942633637553,289.159989,4.85,0.9309309309309309,0.16326530612244897,0.8571428571428571,0.24324324324324326,,0.05105105105105105,0.23423423423423423,0.14414414414414414,0.08408408408408409
2024-01-29,TTT,TITOMIC LIMITED ORDINARY,-0.01694915254237288,0.03500000014901161,0.029999999329447746,0.14285716566504258,0.14285716566504258,False,0.0024213078926278403,0.0024213078926278403,0.00010658409387222948,0.002314723798755611,4599.127317,0.09,0.15765765765765766,1.0,0.9727891156462585,0.7837837837837838,,0.4084084084084084,0.003003003003003003,0.933933933933934,0.9369369369369369
2024-01-29,TOE,TORO ENERGY LIMITED ORDINARY,-0.01694915254237288,0.47999998927116394,0.3799999952316284,0.20833332557231166,0.20833332557231166,False,0.0035310733147849434,0.0035310733147849434,0.00010658409387222948,0.003424489220912714,43.288082,0.07,0.12912912912912913,0.17687074829931973,0.9591836734693877,0.042042042042042045,,0.1981981981981982,0.09309309309309309,0.021021021021021023,0.34684684684684686
2024-01-29,TLX,TELIX PHARMACEUTICAL ORDINARY,-0.01694915254237288,11.5,11.859999656677246,-0.03130431797193434,-0.03130431797193434,False,-0.00053058166054126,-0.00053058166054126,0.00010658409387222948,-0.0006371657544134894,3263.16816,1.43,0.6381381381381381,0.8639455782312925,0.9115646258503401,0.7177177177177178,0.9124423963133641,0.43843843843843844,0.8648648648648649,0.3483483483483483,0.8678678678678678
2024-01-29,LOV,LOVISA HOLDINGS LTD ORDINARY,-0.01694915254237288,21.381397247314453,29.341569900512695,-0.3722943155269265,-0.16,True,-0.006310073144524178,-0.002711864406779661,0.0001913298565840939,-0.0029031942633637553,2666.023433,3.57,0.8468468468468469,0.8027210884353742,0.6836734693877551,0.6726726726726727,0.6267281105990783,0.7897897897897898,0.96996996996997,0.9519519519519519,0.8918918918918919
2024-01-29,SYR,SYRAH RESOURCES ORDINARY,-0.01694915254237288,0.44999998807907104,0.6899999976158142,-0.5333333686546053,-0.16,True,-0.009039548621264498,-0.002711864406779661,0.0001913298565840939,-0.0029031942633637553,303.142382,18.43,0.996996996996997,0.04081632653061224,0.935374149659864,0.25225225225225223,,0.021021021021021023,0.13813813813813813,0.7777777777777778,0.5165165165165165
2024-01-29,SLX,SILEX SYSTEMS ORDINARY,-0.01694915254237288,4.96999979019165,4.789999961853027,0.03621727081233583,0.03621727081233583,False,0.000613852047666709,0.000613852047666709,0.00010658409387222948,0.0005072679537944795,1026.365099,4.07,0.8738738738738738,0.9591836734693877,0.9829931972789115,0.4924924924924925,,0.44144144144144143,0.1891891891891892,0.08408408408408409,0.10510510510510511
2024-01-29,SHV,SELECT HARVESTS ORDINARY,-0.01694915254237288,3.1600000858306885,4.25,-0.3449366723301137,-0.16,True,-0.005846384276781589,-0.002711864406779661,0.0001913298565840939,-0.0029031942633637553,485.58535,6.67,0.975975975975976,0.11904761904761904,0.6564625850340136,0.36036036036036034,,0.5315315315315315,0.23123123123123124,0.7987987987987988,0.960960960960961
2024-01-29,SGR,THE STAR ENT GRP ORDINARY,-0.01694915254237288,0.5149999856948853,0.5149999856948853,-0.0,-0.0,False,-0.0,-0.0,0.00010658409387222948,-0.00010658409387222948,1171.625,1.37,0.6231231231231231,0.1870748299319728,0.4897959183673469,0.5315315315315315,0.8986175115207373,0.6186186186186187,0.35735735735735735,0.34534534534534533,0.42342342342342343
2024-01-29,S32,SOUTH32 LIMITED ORDINARY,-0.01694915254237288,3.1665544509887695,2.7801597118377686,0.12202371540787738,0.12202371540787738,False,0.0020681985662352096,0.0020681985662352096,0.00010658409387222948,0.0019616144723629803,10396.940035,0.79,0.46996996996997,0.41496598639455784,0.8129251700680272,0.8888888888888888,0.9354838709677419,0.23723723723723725,0.3663663663663664,0.4084084084084084,0.14114114114114115
2024-01-29,TLG,TALGA GROUP LTD ORDINARY,-0.01694915254237288,0.625,0.8299999833106995,-0.32799997329711905,-0.16,True,-0.005559321581307102,-0.002711864406779661,0.0001913298565840939,-0.0029031942633637553,288.774872,4.72,0.924924924924925,0.05442176870748299,0.7551020408163265,0.23723723723723725,,0.15315315315315314,0.06006006006006006,0.2132132132132132,0.04804804804804805
2024-02-26,CCX,CITY CHIC COLLECTIVE ORDINARY,-0.016666666666666666,0.5600000023841858,0.4099999964237213,0.2678571523604344,0.2678571523604344,False,0.004464285872673906,0.004464285872673906,0.0001048076923076923,0.004359478180366214,123.741308,0.83,0.47172619047619047,0.9295302013422819,0.8489932885906041,0.13392857142857142,,0.1130952380952381,0.07738095238095238,0.75,0.09821428571428571
2024-02-26,BUB,BUBS AUST LTD ORDINARY,-0.016666666666666666,0.11999999731779099,0.17000000178813934,-0.41666671323279636,-0.16,True,-0.006944445220546606,-0.0026666666666666666,0.0001881410256410256,-0.002854807692307692,100.503037,1.1,0.5684523809523809,0.36073825503355705,0.6006711409395973,0.10119047619047619,,0.11904761904761904,0.12797619047619047,0.25,0.9047619047619048
2024-02-26,BRN,BRAINCHIP LTD ORDINARY,-0.016666666666666666,0.49000000953674316,0.3100000023841858,0.3673469462229876,0.3673469462229876,False,0.006122449103716459,0.006122449103716459,0.0001048076923076923,0.006017641411408767,208.052823,4.08,0.8928571428571429,1.0,0.9798657718120806,0.20833333333333334,,0.2619047619047619,0.023809523809523808,0.33035714285714285,0.5029761904761905
2024-02-26,BGL,BELLEVUE GOLD LTD ORDINARY,-0.016666666666666666,1.4500000476837158,1.8849999904632568,-0.2999999506720197,-0.16,True,-0.004999999177866994,-0.0026666666666666666,0.0001881410256410256,-0.002854807692307692,1927.533026,5.97,0.9553571428571429,0.13087248322147652,0.7080536912751678,0.625,0.986046511627907,0.20238095238095238,0.375,0.6517857142857143,0.3482142857142857
2024-02-26,BBN,BABY BUNTING GRP LTD ORDINARY,-0.016666666666666666,1.5772229433059692,2.0999999046325684,-0.33145406839620417,-0.16,True,-0.005524234473270069,-0.0026666666666666666,0.0001881410256410256,-0.002854807692307692,269.812978,0.89,0.4806547619047619,0.18456375838926176,0.9228187919463087,0.23809523809523808,0.8418604651162791,0.9017857142857143,0.4583333333333333,0.8958333333333334,0.17857142857142858
2024-02-26,APX,APPEN LIMITED ORDINARY,-0.016666666666666666,0.41999998688697815,0.5849999785423279,-0.3928571352545094,-0.16,True,-0.00654761892090849,-0.0026666666666666666,0.0001881410256410256,-0.002854807692307692,89.423284,6.35,0.9613095238095238,0.0738255033557047,0.9731543624161074,0.08333333333333333,,0.011904761904761904,0.020833333333333332,0.3541666666666667,0.44345238095238093
2024-02-26,ASM,AUSSTRATMATERIALS ORDINARY,-0.016666666666666666,1.0,1.3799999952316284,-0.3799999952316284,-0.16,True,-0.0063333332538604735,-0.0026666666666666666,0.0001881410256410256,-0.002854807692307692,218.3892,2.82,0.8229166666666666,0.09731543624161074,0.4798657718120805,0.2113095238095238,,0.19940476190476192,0.24702380952380953,0.32142857142857145,0.6160714285714286
2024-02-26,ALC,ALCIDION GROUP LTD ORDINARY,-0.016666666666666666,0.04699999839067459,0.050999999046325684,-0.08510639984287205,-0.08510639984287205,False,-0.0014184399973812007,-0.0014184399973812007,0.0001048076923076923,-0.001523247689688893,96.777268,0.06,0.15029761904761904,0.04697986577181208,0.8456375838926175,0.09523809523809523,,0.125,0.22321428571428573,0.17857142857142858,0.15178571428571427
2024-02-26,AGY,ARGOSY MINERALS LTD ORDINARY,-0.016666666666666666,0.125,0.13500000536441803,-0.08000004291534424,-0.08000004291534424,False,-0.0013333340485890705,-0.0013333340485890705,0.0001048076923076923,-0.0014381417408967628,203.37236,4.54,0.9241071428571429,0.11409395973154363,0.7315436241610739,0.20238095238095238,,0.3482142857142857,0.10714285714285714,0.08035714285714286,0.3482142857142857
2024-02-26,ADH,ADAIRS LIMITED ORDINARY,-0.016666666666666666,1.8417967557907104,2.2910561561584473,-0.24392452584968494,-0.16,True,-0.004065408764161416,-0.0026666666666666666,0.0001881410256410256,-0.002854807692307692,313.22231,1.22,0.5922619047619048,0.9161073825503355,0.7483221476510067,0.25892857142857145,0.17209302325581396,0.9672619047619048,0.7589285714285714,0.8601190476190477,0.4226190476190476
2024-02-26,CHN,CHALICE MINING LTD ORDINARY,-0.016666666666666666,1.0299999713897705,1.0800000429153442,-0.048543760111089185,-0.048543760111089185,False,-0.0008090626685181531,-0.0008090626685181531,0.0001048076923076923,-0.0009138703608258453,644.3323,6.87,0.9702380952380952,0.050335570469798654,0.9161073825503355,0.41369047619047616,,0.22321428571428573,0.12202380952380952,0.12202380952380952,0.017857142857142856
2024-02-26,AUZ,AUSTRALIAN MINES LTD ORDINARY,-0.016666666666666666,0.01600000075995922,0.010999999940395355,0.3125000363797863,0.3125000363797863,False,0.005208333939663105,0.005208333939663105,0.0001048076923076923,0.005103526247355413,7.1583333300000005,0.0,0.03273809523809524,0.003355704697986577,1.0,0.002976190476190476,,0.03571428571428571,0.18452380952380953,0.31547619047619047,0.9970238095238095
2024-02-26,4DX,4DMEDICAL LIMITED ORDINARY,-0.016666666666666666,0.6449999809265137,0.6499999761581421,-0.007751930820906638,-0.007751930820906638,False,-0.00012919884701511063,-0.00012919884701511063,0.0001048076923076923,-0.00023400653932280292,265.6813,0.06,0.15029761904761904,0.06375838926174497,0.8087248322147651,0.23511904761904762,,0.21428571428571427,0.11607142857142858,0.4375,0.9880952380952381
2024-02-26,ABY,ADORE BEAUTY ORDINARY,-0.016666666666666666,1.340000033378601,1.274999976158142,0.048507504180109184,0.048507504180109184,False,0.0008084584030018197,0.0008084584030018197,0.0001048076923076923,0.0007036507106941274,131.47032,0.58,0.3943452380952381,0.7483221476510067,0.5671140939597316,0.1488095238095238,0.8976744186046511,0.7767857142857143,0.4642857142857143,0.25892857142857145,0.7678571428571429
2024-02-26,HVN,HARVEY NORMAN ORDINARY,-0.016666666666666666,4.179531574249268,4.579699993133545,-0.09574480100826999,-0.09574480100826999,False,-0.0015957466834711665,-0.0015957466834711665,0.0001048076923076923,-0.0017005543757788587,5233.2294,5.72,0.9523809523809523,0.8456375838926175,0.5234899328859061,0.7946428571428571,0.3395348837209302,0.9077380952380952,0.6130952380952381,0.625,0.7261904761904762
2024-02-26,HUM,HUMM GROUP LIMITED ORDINARY,-0.016666666666666666,0.4649428129196167,0.4649428129196167,-0.0,-0.0,False,-0.0,-0.0,0.0001048076923076923,-0.0001048076923076923,245.022261,1.75,0.7127976190476191,0.7315436241610739,0.9295302013422819,0.22321428571428573,,0.002976190476190476,0.3005952380952381,0.9851190476190477,0.7232142857142857
2024-02-26,GPR,GEOPACIFIC RESOURCES ORDINARY,-0.016666666666666666,0.014999999664723873,0.01899999938905239,-0.26666665424903213,-0.16,True,-0.004444444237483869,-0.0026666666666666666,0.0001881410256410256,-0.002854807692307692,16.737366,0.0,0.03273809523809524,0.09060402684563758,0.5570469798657718,0.01488095238095238,,0.41964285714285715,0.35714285714285715,0.2619047619047619,0.3482142857142857
2024-02-26,IFL,INSIGNIA FINANCIAL ORDINARY,-0.016666666666666666,2.4355058670043945,2.5199999809265137,-0.0346926341122078,-0.0346926341122078,False,-0.0005782105685367966,-0.0005782105685367966,0.0001048076923076923,-0.0006830182608444889,1554.696,4.34,0.9107142857142857,0.7516778523489933,0.49328859060402686,0.5833333333333334,,0.18154761904761904,0.27380952380952384,0.6130952380952381,0.4107142857142857
2024-02-26,FBR,FBR LTD ORDINARY,-0.016666666666666666,0.02500000037252903,0.024000000208616257,0.04000000596046438,0.04000000596046438,False,0.0006666667660077397,0.0006666667660077397,0.0001048076923076923,0.0005618590737000474,103.366528,0.27,0.2604166666666667,0.8590604026845637,0.9261744966442953,0.11011904761904762,,0.07738095238095238,0.05654761904761905,0.4523809523809524,0.08630952380952381
2024-02-26,EVN,EVOLUTION MINING LTD ORDINARY,-0.016666666666666666,2.818876266479492,3.4093165397644043,-0.20945945031575142,-0.16,True,-0.003490990838595857,-0.0026666666666666666,0.0001881410256410256,-0.002854807692307692,7334.631738,0.65,0.4255952380952381,0.08053691275167785,0.06040268456375839,0.8571428571428571,0.772093023255814,0.49107142857142855,0.45535714285714285,0.6428571428571429,0.8571428571428571
2024-02-26,FWD,FLEETWOOD LTD ORDINARY,-0.016666666666666666,1.4594906568527222,1.2784191370010376,0.12406487085169227,0.12406487085169227,False,0.0020677478475282043,0.0020677478475282043,0.0001048076923076923,0.001962940155220512,169.713,0.42,0.3229166666666667,0.5738255033557047,0.30201342281879195,0.1636904761904762,0.5534883720930233,0.25,0.4375,0.35714285714285715,0.8601190476190477
2024-02-26,DYL,DEEP YELLOW LIMITED ORDINARY,-0.016666666666666666,1.2649999856948853,1.3350000381469727,-0.05533601046930858,-0.05533601046930858,False,-0.0009222668411551431,-0.0009222668411551431,0.0001048076923076923,-0.0010270745334628353,823.14947,9.88,0.9910714285714286,0.7583892617449665,0.9496644295302014,0.44345238095238093,,0.3273809523809524,0.2857142857142857,0.12797619047619047,0.1130952380952381
2024-02-26,DUB,DUBBER CORP LTD ORDINARY,-0.016666666666666666,0.2150000035762787,0.2199999988079071,-0.023255791388182345,-0.023255791388182345,False,-0.0003875965231363724,-0.0003875965231363724,0.0001048076923076923,-0.0004924042154440647,92.63513,0.91,0.4880952380952381,0.9664429530201343,0.9865771812080537,0.08928571428571429,,0.11607142857142858,0.01488095238095238,0.6636904761904762,0.7886904761904762
2024-02-26,DEV,DEVEX RESOURCES LTD ORDINARY,-0.016666666666666666,0.3100000023841858,0.2800000011920929,0.09677419664956521,0.09677419664956521,False,0.0016129032774927536,0.0016129032774927536,0.0001048076923076923,0.0015080955851850613,94.848,0.01,0.08035714285714286,0.7550335570469798,0.7248322147651006,0.09226190476190477,,0.13690476190476192,0.13392857142857142,0.13095238095238096,0.3482142857142857
2024-02-26,CXO,CORE LITHIUM ORDINARY,-0.016666666666666666,0.22499999403953552,0.1550000011920929,0.3111110875635965,0.3111110875635965,False,0.005185184792726608,0.005185184792726608,0.0001048076923076923,0.005080377100418916,513.541666,8.42,0.9821428571428571,0.18120805369127516,0.9194630872483222,0.36904761904761907,,0.047619047619047616,0.03273809523809524,0.15773809523809523,0.9761904761904762
2024-02-26,CXL,CALIX LIMITED ORDINARY,-0.016666666666666666,1.9850000143051147,1.465000033378601,0.26196472401968673,0.26196472401968673,False,0.004366078733661446,0.004366078733661446,0.0001048076923076923,0.004261271041353753,618.338794,3.29,0.8407738095238095,0.02348993288590604,0.9697986577181208,0.40773809523809523,,0.23809523809523808,0.14583333333333334,0.19047619047619047,0.8541666666666666
2024-02-26,EGR,ECOGRAF LIMITED ORDINARY,-0.016666666666666666,0.14499999582767487,0.18000000715255737,-0.24137939539307474,-0.16,True,-0.004022989923217912,-0.0026666666666666666,0.0001881410256410256,-0.002854807692307692,63.2744,0.59,0.40029761904761907,0.19798657718120805,0.6845637583892618,0.05357142857142857,,0.09226190476190477,0.24107142857142858,0.08928571428571429,0.3482142857142857
2024-02-26,CTM,CENTAURUS METALS LTD ORDINARY,-0.016666666666666666,0.25,0.30000001192092896,-0.20000004768371582,-0.16,True,-0.0033333341280619303,-0.0026666666666666666,0.0001881410256410256,-0.002854807692307692,252.06853,0.17,0.21577380952380953,0.010067114093959731,0.7516778523489933,0.22916666666666666,,0.42857142857142855,0.06547619047619048,0.1130952380952381,0.3482142857142857
2024-02-26,IDX,INTEGRAL DIAGNOSTICS ORDINARY,-0.016666666666666666,2.424288034439087,2.1367440223693848,0.11860967343190798,0.11860967343190798,False,0.0019768278905318,0.0019768278905318,0.0001048076923076923,0.0018720201982241075,450.171486,3.58,0.8571428571428571,0.9697986577181208,0.8187919463087249,0.34523809523809523,,0.5208333333333334,0.09226190476190477,0.8452380952380952,0.4642857142857143
2024-02-26,CLV,CLOVER CORPORATION ORDINARY,-0.016666666666666666,0.7683539390563965,0.46006375551223755,0.40123459759022684,0.40123459759022684,False,0.006687243293170447,0.006687243293170447,0.0001048076923076923,0.006582435600862755,135.26919,0.01,0.08035714285714286,0.24161073825503357,0.07046979865771812,0.15178571428571427,,0.2767857142857143,0.30952380952380953,0.4791666666666667,0.11607142857142858
2024-02-26,ILU,ILUKA RESOURCES ORDINARY,-0.016666666666666666,6.748311996459961,7.040375709533691,-0.04327952134206914,-0.04327952134206914,False,-0.0007213253557011523,-0.0007213253557011523,0.0001048076923076923,-0.0008261330480088447,2811.1578,2.21,0.7678571428571429,0.33557046979865773,0.6208053691275168,0.6875,0.21395348837209302,0.25297619047619047,0.6994047619047619,0.30357142857142855,0.10119047619047619
2024-02-26,NMT,NEOMETALS LTD ORDINARY,-0.016666666666666666,0.13500000536441803,0.12999999523162842,0.03703711062301529,0.03703711062301529,False,0.0006172851770502549,0.0006172851770502549,0.0001048076923076923,0.0005124774847425626,117.529202,2.64,0.8125,0.07046979865771812,0.9060402684563759,0.11607142857142858,,0.4255952380952381,0.08333333333333333,0.11904761904761904,0.3482142857142857
2024-02-26,MVP,MEDICAL DEVELOPMENTS ORDINARY,-0.016666666666666666,0.8999999761581421,0.6000000238418579,0.33333328918174343,0.33333328918174343,False,0.0055555548196957235,0.0055555548196957235,0.0001048076923076923,0.005450747127388031,66.476646,0.44,0.3318452380952381,0.7953020134228188,0.6476510067114094,0.05952380952380952,,0.12202380952380952,0.13988095238095238,0.21726190476190477,0.13095238095238096
2024-02-26,MME,MONEYME LIMITED ORDINARY,-0.016666666666666666,0.09000000357627869,0.07699999958276749,0.14444448307708302,0.14444448307708302,False,0.002407408051284717,0.002407408051284717,0.0001048076923076923,0.002302600358977025,65.991513,0.0,0.03273809523809524,0.9932885906040269,0.6241610738255033,0.05654761904761905,0.09767441860465116,0.9791666666666666,0.5297619047619048,0.9791666666666666,0.16666666666666666
2024-02-26,MIN,MINERAL RESOURCES. ORDINARY,-0.016666666666666666,63.84794998168945,70.87000274658203,-0.10998086495974246,-0.10998086495974246,False,-0.0018330144159957077,-0.0018330144159957077,0.0001048076923076923,-0.0019378221083034,13600.85286,5.43,0.9464285714285714,0.5201342281879194,0.6174496644295302,0.9166666666666666,0.30697674418604654,0.13392857142857142,0.875,0.8511904761904762,0.49404761904761907
2024-02-26,LIC,LIFESTYLE COMMUNIT. ORDINARY,-0.016666666666666666,14.929710388183594,15.567715644836426,-0.0427339338851338,-0.0427339338851338,False,-0.0007122322314188967,-0.0007122322314188967,0.0001048076923076923,-0.000817039923726589,1924.11575,6.74,0.9672619047619048,0.19463087248322147,0.7651006711409396,0.6220238095238095,0.19069767441860466,0.22023809523809523,0.9315476190476191,0.7976190476190477,0.09523809523809523
2024-02-26,LKE,LAKE RESOURCES ORDINARY,-0.016666666666666666,0.11999999731779099,0.06599999964237213,0.4499999906867741,0.4499999906867741,False,0.007499999844779569,0.007499999844779569,0.0001048076923076923,0.007395192152471876,184.9224,3.92,0.8809523809523809,0.29194630872483224,0.9932885906040269,0.18154761904761904,,0.03273809523809524,0.10119047619047619,0.17559523809523808,0.03869047619047619
2024-02-26,KGN,KOGAN.COM LTD ORDINARY,-0.016666666666666666,6.991502285003662,7.287047863006592,-0.0422721134822277,-0.0422721134822277,False,-0.000704535224703795,-0.000704535224703795,0.0001048076923076923,-0.0008093429170114874,541.869688,1.91,0.7232142857142857,0.9463087248322147,0.7550335570469798,0.38392857142857145,0.7162790697674418,0.9255952380952381,0.6458333333333334,0.3630952380952381,0.7797619047619048
2024-02-26,KCN,KINGSGATE CONSOLID. ORDINARY,-0.016666666666666666,1.190228819847107,1.2000653743743896,-0.008264423078367722,-0.008264423078367722,False,-0.00013774038463946204,-0.00013774038463946204,0.0001048076923076923,-0.00024254807694715433,355.56804,0.83,0.47172619047619047,0.14429530201342283,0.7919463087248322,0.2916666666666667,,0.28869047619047616,0.041666666666666664,0.875,0.9613095238095238
2024-02-26,IXR,IONIC RARE EARTHS ORDINARY,-0.016666666666666666,0.5400000214576721,0.5699999928474426,-0.05555550036607193,-0.05555550036607193,False,-0.0009259250061011988,-0.0009259250061011988,0.0001048076923076923,-0.0010307326984088912,102.382605,0.15,0.20386904761904762,0.13758389261744966,0.8288590604026845,0.10416666666666667,,0.11011904761904762,0.044642857142857144,0.16071428571428573,0.023809523809523808
2024-02-26,PAR,PARADIGM BIO. ORDINARY,-0.016666666666666666,0.3499999940395355,0.3449999988079071,0.014285700905079524,0.014285700905079524,False,0.00023809501508465872,0.00023809501508465872,0.0001048076923076923,0.00013328732277696642,127.41075,1.57,0.6875,0.174496644295302,0.8590604026845637,0.13988095238095238,,0.023809523809523808,0.011904761904761904,0.11011904761904762,0.010416666666666666
2024-02-26,LTR,LIONTOWN RESOURCES ORDINARY,-0.016666666666666666,1.1649999618530273,1.1699999570846558,-0.0042918415410722055,-0.0042918415410722055,False,-7.153069235120343e-05,-7.153069235120343e-05,0.0001048076923076923,-0.00017633838465889572,3655.81095,7.96,0.9761904761904762,0.15100671140939598,0.9362416107382551,0.7440476190476191,,0.14583333333333334,0.25297619047619047,0.5744047619047619,0.3482142857142857
2024-02-26,PLS,PILBARA MIN LTD ORDINARY,-0.016666666666666666,3.880000114440918,3.8299999237060547,0.01288664671652151,0.01288664671652151,False,0.0002147774452753585,0.0002147774452753585,0.0001048076923076923,0.00010996975296766621,11879.894808,21.31,1.0,0.6208053691275168,0.5167785234899329,0.9017857142857143,0.6558139534883721,0.19642857142857142,0.7202380952380952,0.40476190476190477,0.02976190476190476
2024-02-26,IMU,IMUGENE LIMITED ORDINARY,-0.016666666666666666,4.079999923706055,3.569999933242798,0.125,0.125,False,0.0020833333333333333,0.0020833333333333333,0.0001048076923076923,0.001978525641025641,757.020449,5.48,0.9494047619047619,0.8557046979865772,0.7046979865771812,0.4255952380952381,,0.1636904761904762,0.05357142857142857,0.17261904761904762,0.7738095238095238
2024-02-26,PPS,PRAEMIUM LIMITED ORDINARY,-0.016666666666666666,0.38374558091163635,0.4118245244026184,-0.07317072791894286,-0.07317072791894286,False,-0.001219512131982381,-0.001219512131982381,0.0001048076923076923,-0.0013243198242900733,195.151758,0.62,0.4107142857142857,0.3389261744966443,0.34563758389261745,0.19940476190476192,0.627906976744186,0.5982142857142857,0.5476190476190477,0.15476190476190477,0.2857142857142857
2024-02-26,NVX,NOVONIX LIMITED ORDINARY,-0.016666666666666666,0.8799999952316284,0.8600000143051147,0.02272725117600638,0.02272725117600638,False,0.0003787875196001063,0.0003787875196001063,0.0001048076923076923,0.00027397982729241403,359.219093,3.77,0.8720238095238095,0.8657718120805369,0.9530201342281879,0.2976190476190476,,0.25892857142857145,0.13095238095238096,0.8184523809523809,0.7202380952380952
2024-02-26,PWH,PWR HOLDINGS LIMITED ORDINARY,-0.016666666666666666,12.316679000854492,11.317207336425781,0.08114782112608199,0.08114782112608199,False,0.0013524636854346998,0.0013524636854346998,0.0001048076923076923,0.0012476559931270076,980.108413,0.52,0.37351190476190477,0.8993288590604027,0.7281879194630873,0.48214285714285715,0.8372093023255814,0.5327380952380952,0.8303571428571429,0.4017857142857143,0.25
2024-02-26,PPK,PPK GROUP LIMITED ORDINARY,-0.016666666666666666,0.6775000095367432,0.5049999952316284,0.25461256365600016,0.25461256365600016,False,0.004243542727600002,0.004243542727600002,0.0001048076923076923,0.00413873503529231,81.02549,0.19,0.22916666666666666,0.06711409395973154,0.4261744966442953,0.07142857142857142,,0.10119047619047619,0.16071428571428573,0.38392857142857145,0.9851190476190477
2024-02-26,WBT,WEEBIT NANO LTD ORDINARY,-0.016666666666666666,4.449999809265137,3.3499999046325684,0.24719100040011466,0.24719100040011466,False,0.004119850006668578,0.004119850006668578,0.0001048076923076923,0.004015042314360885,803.078388,8.0,0.9791666666666666,0.8791946308724832,0.7114093959731543,0.44047619047619047,,0.3125,0.050595238095238096,0.07738095238095238,0.3482142857142857
2024-02-26,VUL,VULCAN ENERGY ORDINARY,-0.016666666666666666,2.3299999237060547,2.869999885559082,-0.23175964786904957,-0.16,True,-0.0038626607978174926,-0.0026666666666666666,0.0001881410256410256,-0.002854807692307692,289.159989,4.83,0.9345238095238095,0.36073825503355705,0.7348993288590604,0.25,,0.05357142857142857,0.23809523809523808,0.14583333333333334,0.08928571428571429
2024-02-26,PEN,PENINSULA ENERGY LTD ORDINARY,-0.016666666666666666,2.1426079273223877,2.434782028198242,-0.13636377292834156,-0.13636377292834156,False,-0.0022727295488056925,-0.0022727295488056925,0.0001048076923076923,-0.0023775372411133848,283.426438,0.2,0.23214285714285715,0.36073825503355705,0.9630872483221476,0.24107142857142858,,0.34523809523809523,0.1636904761904762,0.03869047619047619,0.03273809523809524
2024-02-26,TPW,TEMPLE & WEBSTER LTD ORDINARY,-0.016666666666666666,12.550000190734863,13.119999885559082,-0.04541830168616445,-0.04541830168616445,False,-0.0007569716947694075,-0.0007569716947694075,0.0001048076923076923,-0.0008617793870770998,1040.217387,1.48,0.6711309523809523,0.9765100671140939,0.5805369127516778,0.49702380952380953,0.9441860465116279,0.6696428571428571,0.5565476190476191,0.4642857142857143,0.9017857142857143
2024-02-26,TOE,TORO ENERGY LIMITED ORDINARY,-0.016666666666666666,0.3700000047683716,0.5,-0.35135133393582363,-0.16,True,-0.005855855565597061,-0.0026666666666666666,0.0001881410256410256,-0.002854807692307692,43.288082,0.06,0.15029761904761904,0.053691275167785234,0.8557046979865772,0.041666666666666664,,0.20535714285714285,0.09523809523809523,0.020833333333333332,0.3482142857142857
2024-02-26,TTT,TITOMIC LIMITED ORDINARY,-0.016666666666666666,0.03099999949336052,0.06499999761581421,-1.0967741509071862,-0.16,True,-0.018279569181786436,-0.0026666666666666666,0.0001881410256410256,-0.002854807692307692,4599.127317,0.09,0.17113095238095238,0.6375838926174496,0.5838926174496645,0.7827380952380952,,0.41369047619047616,0.002976190476190476,0.9345238095238095,0.9345238095238095
2024-02-26,SYR,SYRAH RESOURCES ORDINARY,-0.016666666666666666,0.5899999737739563,0.4950000047683716,0.16101690377698485,0.16101690377698485,False,0.0026836150629497477,0.0026836150629497477,0.0001048076923076923,0.0025788073706420555,303.142382,16.56,0.9970238095238095,0.41946308724832215,0.9664429530201343,0.25595238095238093,,0.020833333333333332,0.14285714285714285,0.7857142857142857,0.5208333333333334
2024-02-26,SVL,SILVER MINES LIMITED ORDINARY,-0.016666666666666666,0.14000000059604645,0.17000000178813934,-0.2142857218883476,-0.16,True,-0.0035714286981391266,-0.0026666666666666666,0.0001881410256410256,-0.002854807692307692,225.037281,1.29,0.6175595238095238,0.07718120805369127,0.8926174496644296,0.21428571428571427,,0.33630952380952384,0.3392857142857143,0.020833333333333332,0.9940476190476191
2024-02-26,SLC,SUPERLOOP LIMITED ORDINARY,-0.016666666666666666,1.0,1.350000023841858,-0.3500000238418579,-0.16,True,-0.005833333730697632,-0.0026666666666666666,0.0001881410256410256,-0.002854807692307692,318.625575,1.35,0.6428571428571429,0.9496644295302014,0.912751677852349,0.2619047619047619,,0.7619047619047619,0.2113095238095238,0.39880952380952384,0.7023809523809523
2024-02-26,SHV,SELECT HARVESTS ORDINARY,-0.016666666666666666,4.119999885559082,4.449999809265137,-0.08009707108554287,-0.08009707108554287,False,-0.001334951184759048,-0.001334951184759048,0.0001048076923076923,-0.0014397588770667402,485.58535,4.13,0.8988095238095238,0.8422818791946308,0.8389261744966443,0.35714285714285715,,0.5416666666666666,0.23511904761904762,0.8065476190476191,0.9583333333333334
2024-02-26,SGR,THE STAR ENT GRP ORDINARY,-0.016666666666666666,0.4699999988079071,0.574999988079071,-0.22340423305847357,-0.16,True,-0.0037234038843078927,-0.0026666666666666666,0.0001881410256410256,-0.002854807692307692,1171.625,1.99,0.7380952380952381,0.15771812080536912,0.8523489932885906,0.5327380952380952,0.8930232558139535,0.625,0.36904761904761907,0.3482142857142857,0.42857142857142855
2024-02-26,TLG,TALGA GROUP LTD ORDINARY,-0.016666666666666666,0.9300000071525574,0.7300000190734863,0.21505374896869545,0.21505374896869545,False,0.0035842291494782574,0.0035842291494782574,0.0001048076923076923,0.003479421457170565,288.774872,2.5,0.8065476190476191,0.34563758389261745,0.8993288590604027,0.24404761904761904,,0.15773809523809523,0.05952380952380952,0.21428571428571427,0.050595238095238096
2024-03-22,CLV,CLOVER CORPORATION ORDINARY,-0.016666666666666666,0.5217217803001404,0.49326422810554504,0.05454545558405488,0.05454545558405488,False,0.0009090909264009146,0.0009090909264009146,0.0001048076923076923,0.0008042832340932223,135.26919,0.01,0.08284023668639054,0.05016722408026756,0.9766666666666667,0.15384615384615385,,0.2692307692307692,0.30177514792899407,0.47928994082840237,0.11834319526627218
2024-03-22,CHN,CHALICE MINING LTD ORDINARY,-0.016666666666666666,1.125,1.149999976158142,-0.02222220102945971,-0.02222220102945971,False,-0.0003703700171576618,-0.0003703700171576618,0.0001048076923076923,-0.0004751777094653541,644.3323,6.99,0.9689349112426036,0.046822742474916385,0.9,0.41420118343195267,,0.21893491124260356,0.11834319526627218,0.1242603550295858,0.01775147928994083
2024-03-22,CCX,CITY CHIC COLLECTIVE ORDINARY,-0.016666666666666666,0.4300000071525574,0.4300000071525574,-0.0,-0.0,False,-0.0,-0.0,0.0001048076923076923,-0.0001048076923076923,123.741308,0.78,0.46893491124260356,0.10033444816053512,0.9633333333333334,0.13313609467455623,,0.10946745562130178,0.07692307692307693,0.7485207100591716,0.10059171597633136
2024-03-22,BUB,BUBS AUST LTD ORDINARY,-0.016666666666666666,0.14000000059604645,0.14499999582767487,-0.035714251502436234,-0.035714251502436234,False,-0.0005952375250406039,-0.0005952375250406039,0.0001048076923076923,-0.0007000452173482961,100.503037,0.25,0.2514792899408284,0.5752508361204013,0.9166666666666666,0.10059171597633136,,0.11538461538461539,0.1242603550295858,0.25443786982248523,0.9023668639053254
2024-03-22,BRN,BRAINCHIP LTD ORDINARY,-0.016666666666666666,0.33000001311302185,0.3050000071525574,0.07575759080925315,0.07575759080925315,False,0.0012626265134875526,0.0012626265134875526,0.0001048076923076923,0.0011578188211798604,208.052823,3.91,0.8994082840236687,0.9933110367892977,0.6,0.20710059171597633,,0.257396449704142,0.023668639053254437,0.33136094674556216,0.5
2024-03-22,AGY,ARGOSY MINERALS LTD ORDINARY,-0.016666666666666666,0.13500000536441803,0.13500000536441803,-0.0,-0.0,False,-0.0,-0.0,0.0001048076923076923,-0.0001048076923076923,203.37236,3.01,0.8357988165680473,0.40468227424749165,0.9266666666666666,0.20118343195266272,,0.34023668639053256,0.10355029585798817,0.08284023668639054,0.34763313609467456
2024-03-22,ASM,AUSSTRATMATERIALS ORDINARY,-0.016666666666666666,1.3849999904632568,1.0199999809265137,0.2635379148375715,0.2635379148375715,False,0.004392298580626191,0.004392298580626191,0.0001048076923076923,0.004287490888318499,218.3892,2.61,0.8165680473372781,0.6053511705685619,0.9866666666666667,0.21005917159763313,,0.1952662721893491,0.23964497041420119,0.3224852071005917,0.6124260355029586
2024-03-22,ARU,ARAFURA RARE EARTHS ORDINARY,-0.016666666666666666,0.20000000298023224,0.1850000023841858,0.0750000018626451,0.0750000018626451,False,0.001250000031044085,0.001250000031044085,0.0001048076923076923,0.0011451923387363928,355.896159,6.16,0.9556213017751479,0.842809364548495,0.9933333333333333,0.29289940828402367,,0.05621301775147929,0.047337278106508875,0.23668639053254437,0.34763313609467456
2024-03-22,AQZ,ALLIANCE AVIATION ORDINARY,-0.016666666666666666,2.952625036239624,3.051374912261963,-0.03344477365405796,-0.03344477365405796,False,-0.0005574128942342993,-0.0005574128942342993,0.0001048076923076923,-0.0006622205865419917,517.565724,0.0,0.03698224852071006,0.24749163879598662,0.5733333333333334,0.3727810650887574,0.21559633027522937,0.20710059171597633,0.7130177514792899,0.7781065088757396,0.6775147928994083
2024-03-22,APX,APPEN LIMITED ORDINARY,-0.016666666666666666,0.5600000023841858,0.6600000262260437,-0.17857147038591137,-0.16,True,-0.002976191173098523,-0.0026666666666666666,0.0001881410256410256,-0.002854807692307692,89.423284,3.16,0.8520710059171598,0.2140468227424749,0.9966666666666667,0.08284023668639054,,0.011834319526627219,0.020710059171597635,0.35502958579881655,0.4408284023668639
2024-03-22,ALC,ALCIDION GROUP LTD ORDINARY,-0.016666666666666666,0.050999999046325684,0.054999999701976776,-0.07843138687155071,-0.07843138687155071,False,-0.0013071897811925118,-0.0013071897811925118,0.0001048076923076923,-0.001411997473500204,96.777268,0.03,0.11242603550295859,0.05351170568561873,0.38333333333333336,0.09467455621301775,,0.12130177514792899,0.21597633136094674,0.1804733727810651,0.15384615384615385
2024-03-22,COF,CENTURIA OFFICE REIT ORDINARY UNITS,-0.016666666666666666,1.0423120260238647,0.9834018349647522,0.05651876749790441,0.05651876749790441,False,0.0009419794582984068,0.0009419794582984068,0.0001048076923076923,0.0008371717659907145,800.43024,0.55,0.3890532544378698,0.31438127090301005,0.4266666666666667,0.4378698224852071,,0.8254437869822485,0.1804733727810651,0.772189349112426,0.4230769230769231
2024-03-22,BBN,BABY BUNTING GRP LTD ORDINARY,-0.016666666666666666,2.009999990463257,1.8300000429153442,0.08955221313529804,0.08955221313529804,False,0.0014925368855883006,0.0014925368855883006,0.0001048076923076923,0.0013877291932806084,269.812978,0.78,0.46893491124260356,0.44816053511705684,0.5433333333333333,0.23668639053254437,0.8486238532110092,0.8964497041420119,0.4467455621301775,0.893491124260355,0.1804733727810651
2024-03-22,BGL,BELLEVUE GOLD LTD ORDINARY,-0.016666666666666666,1.8849999904632568,1.725000023841858,0.08488061932672875,0.08488061932672875,False,0.0014146769887788124,0.0014146769887788124,0.0001048076923076923,0.0013098692964711202,1927.533026,3.88,0.893491124260355,0.6722408026755853,0.9133333333333333,0.6301775147928994,0.9908256880733946,0.19822485207100593,0.3668639053254438,0.650887573964497,0.34763313609467456
2024-03-22,GPR,GEOPACIFIC RESOURCES ORDINARY,-0.016666666666666666,0.019999999552965164,0.026000000536441803,-0.30000005587935563,-0.16,True,-0.005000000931322594,-0.0026666666666666666,0.0001881410256410256,-0.002854807692307692,16.737366,0.0,0.03698224852071006,0.40468227424749165,0.9466666666666667,0.014792899408284023,,0.41124260355029585,0.34911242603550297,0.26627218934911245,0.34763313609467456
2024-03-22,CTM,CENTAURUS METALS LTD ORDINARY,-0.016666666666666666,0.3149999976158142,0.4000000059604645,-0.2698412983746097,-0.16,True,-0.004497354972910162,-0.0026666666666666666,0.0001881410256410256,-0.002854807692307692,252.06853,0.13,0.19822485207100593,0.033444816053511704,0.73,0.22781065088757396,,0.42011834319526625,0.0650887573964497,0.11538461538461539,0.34763313609467456
2024-03-22,IFL,INSIGNIA FINANCIAL ORDINARY,-0.016666666666666666,2.4700000286102295,2.3399999141693115,0.052631624670087085,0.052631624670087085,False,0.0008771937445014514,0.0008771937445014514,0.0001048076923076923,0.0007723860521937592,1554.696,4.82,0.9349112426035503,0.6153846153846154,0.3433333333333333,0.5887573964497042,,0.17751479289940827,0.26627218934911245,0.6124260355029586,0.40828402366863903
2024-03-22,IDX,INTEGRAL DIAGNOSTICS ORDINARY,-0.016666666666666666,2.1082541942596436,2.345670461654663,-0.11261273334186028,-0.11261273334186028,False,-0.0018768788890310046,-0.0018768788890310046,0.0001048076923076923,-0.001981686581338697,450.171486,3.4,0.8683431952662722,0.7859531772575251,0.7966666666666666,0.3431952662721893,,0.5088757396449705,0.08875739644970414,0.8431952662721893,0.46153846153846156
2024-03-22,HUM,HUMM GROUP LIMITED ORDINARY,-0.016666666666666666,0.47889113426208496,0.42309799790382385,0.11650484288925456,0.11650484288925456,False,0.0019417473814875759,0.0019417473814875759,0.0001048076923076923,0.0018369396891798836,245.022261,2.27,0.7662721893491125,0.5150501672240803,0.30333333333333334,0.22189349112426035,,0.0029585798816568047,0.29289940828402367,0.9822485207100592,0.7189349112426036
2024-03-22,HFR,HIGHFIELD RES LTD ORDINARY,-0.016666666666666666,0.41499999165534973,0.30000001192092896,0.2771083904742009,0.2771083904742009,False,0.004618473174570014,0.004618473174570014,0.0001048076923076923,0.004513665482262322,129.420631,1.0,0.5606508875739645,0.8896321070234113,0.89,0.14497041420118342,,0.17159763313609466,0.19822485207100593,0.47041420118343197,0.34763313609467456
2024-03-22,ILU,ILUKA RESOURCES ORDINARY,-0.016666666666666666,7.03061056137085,7.138023376464844,-0.015277878664502476,-0.015277878664502476,False,-0.0002546313110750413,-0.0002546313110750413,0.0001048076923076923,-0.00035943900338273357,2811.1578,1.81,0.7130177514792899,0.6187290969899666,0.59,0.6923076923076923,0.22477064220183487,0.2485207100591716,0.6893491124260355,0.3076923076923077,0.10355029585798817
2024-03-22,EVN,EVOLUTION MINING LTD ORDINARY,-0.016666666666666666,3.237898588180542,3.8569090366363525,-0.19117660161297656,-0.16,True,-0.0031862766935496093,-0.0026666666666666666,0.0001881410256410256,-0.002854807692307692,7334.631738,0.86,0.507396449704142,0.1705685618729097,0.11666666666666667,0.8609467455621301,0.7798165137614679,0.47928994082840237,0.4437869822485207,0.6420118343195266,0.8520710059171598
2024-03-22,ERA,ENERGY RESOURCES ORDINARY 'A',-0.016666666666666666,0.05700000002980232,0.05299999937415123,0.07017545006245085,0.07017545006245085,False,0.0011695908343741807,0.0011695908343741807,0.0001048076923076923,0.0010647831420664885,819.309765,0.0,0.03698224852071006,0.42474916387959866,0.9733333333333334,0.4467455621301775,,0.09467455621301775,0.9733727810650887,0.005917159763313609,0.9260355029585798
2024-03-22,EGR,ECOGRAF LIMITED ORDINARY,-0.016666666666666666,0.18000000715255737,0.15000000596046448,0.16666666666666663,0.16666666666666663,False,0.002777777777777777,0.002777777777777777,0.0001048076923076923,0.0026729700854700848,63.2744,0.58,0.3994082840236686,0.9130434782608695,0.9066666666666666,0.05325443786982249,,0.08875739644970414,0.23372781065088757,0.09171597633136094,0.34763313609467456
2024-03-22,DYL,DEEP YELLOW LIMITED ORDINARY,-0.016666666666666666,1.3949999809265137,1.3250000476837158,0.050179164300996004,0.050179164300996004,False,0.0008363194050166001,0.0008363194050166001,0.0001048076923076923,0.0007315117127089077,823.14947,6.63,0.9615384615384616,0.9063545150501672,0.85,0.44970414201183434,,0.31952662721893493,0.2781065088757396,0.1301775147928994,0.11538461538461539
2024-03-22,CXO,CORE LITHIUM ORDINARY,-0.016666666666666666,0.1550000011920929,0.14499999582767487,0.06451616314521791,0.06451616314521791,False,0.0010752693857536317,0.0010752693857536317,0.0001048076923076923,0.0009704616934459395,513.541666,8.45,0.985207100591716,0.043478260869565216,0.95,0.3698224852071006,,0.04437869822485207,0.03254437869822485,0.15976331360946747,0.9792899408284024
2024-03-22,FBR,FBR LTD ORDINARY,-0.016666666666666666,0.023000000044703484,0.026000000536441803,-0.13043480373510552,-0.13043480373510552,False,-0.002173913395585092,-0.002173913395585092,0.0001048076923076923,-0.0022787210878927842,103.366528,0.24,0.24260355029585798,0.14046822742474915,0.6833333333333333,0.10946745562130178,,0.07396449704142012,0.05621301775147929,0.4526627218934911,0.08875739644970414
2024-03-22,IMU,IMUGENE LIMITED ORDINARY,-0.016666666666666666,3.569999933242798,2.686000108718872,0.24761900309643636,0.24761900309643636,False,0.004126983384940606,0.004126983384940606,0.0001048076923076923,0.004022175692632914,757.020449,5.49,0.9437869822485208,0.3110367892976589,0.6966666666666667,0.4289940828402367,,0.15976331360946747,0.05325443786982249,0.17455621301775148,0.772189349112426
2024-03-22,CXL,CALIX LIMITED ORDINARY,-0.016666666666666666,1.565000057220459,1.5099999904632568,0.03514381133946143,0.03514381133946143,False,0.0005857301889910238,0.0005857301889910238,0.0001048076923076923,0.0004809224966833315,618.338794,3.13,0.8476331360946746,0.006688963210702341,0.8833333333333333,0.40828402366863903,,0.23372781065088757,0.14201183431952663,0.19230769230769232,0.849112426035503
2024-03-22,INR,IONEER LTD ORDINARY,-0.016666666666666666,0.17499999701976776,0.18000000715255737,-0.028571486959652947,-0.028571486959652947,False,-0.0004761914493275491,-0.0004761914493275491,0.0001048076923076923,-0.0005809991416352414,216183.52287,4.23,0.9127218934911243,0.7591973244147158,0.8133333333333334,1.0,,0.4230769230769231,0.2692307692307692,0.05621301775147929,0.34763313609467456
2024-03-22,IXR,IONIC RARE EARTHS ORDINARY,-0.016666666666666666,0.5699999928474426,0.44999998807907104,0.21052632679679506,0.21052632679679506,False,0.0035087721132799174,0.0035087721132799174,0.0001048076923076923,0.003403964420972225,102.382605,0.14,0.20562130177514792,0.06354515050167224,0.8433333333333334,0.10355029585798817,,0.10650887573964497,0.04437869822485207,0.16272189349112426,0.023668639053254437
2024-03-22,PPS,PRAEMIUM LIMITED ORDINARY,-0.016666666666666666,0.43054383993148804,0.4492630660533905,-0.04347809534304625,-0.04347809534304625,False,-0.0007246349223841043,-0.0007246349223841043,0.0001048076923076923,-0.0008294426146917965,195.151758,0.61,0.41272189349112426,0.7959866220735786,0.86,0.19822485207100593,0.6376146788990825,0.5857988165680473,0.5325443786982249,0.15680473372781065,0.2869822485207101
2024-03-22,PEN,PENINSULA ENERGY LTD ORDINARY,-0.016666666666666666,2.337390899658203,2.0452170372009277,0.125,0.125,False,0.0020833333333333333,0.0020833333333333333,0.0001048076923076923,0.001978525641025641,283.426438,0.42,0.3269230769230769,0.7123745819397993,0.71,0.23964497041420119,,0.33727810650887574,0.15976331360946747,0.038461538461538464,0.03550295857988166
2024-03-22,PAR,PARADIGM BIO. ORDINARY,-0.016666666666666666,0.35499998927116394,0.27000001072883606,0.23943656651043255,0.23943656651043255,False,0.0039906094418405424,0.0039906094418405424,0.0001048076923076923,0.00388580174953285,127.41075,1.02,0.5665680473372781,0.12709030100334448,0.91,0.1390532544378698,,0.023668639053254437,0.011834319526627219,0.11242603550295859,0.010355029585798817
2024-03-22,NMT,NEOMETALS LTD ORDINARY,-0.016666666666666666,0.15000000596046448,0.10499999672174454,0.3000000496705353,0.3000000496705353,False,0.005000000827842255,0.005000000827842255,0.0001048076923076923,0.004895193135534563,117.529202,0.96,0.5488165680473372,0.06020066889632107,0.9333333333333333,0.11538461538461539,,0.4171597633136095,0.08284023668639054,0.12130177514792899,0.34763313609467456
2024-03-22,MYS,MYSTATE LIMITED ORDINARY,-0.016666666666666666,3.2255923748016357,3.189552068710327,0.011173236386858965,0.011173236386858965,False,0.0001862206064476494,0.0001862206064476494,0.0001048076923076923,8.141291413995712e-05,345.356699,0.25,0.2514792899408284,0.7926421404682275,0.43,0.2781065088757396,0.22018348623853212,0.9260355029585798,0.5355029585798816,0.9940828402366864,0.7633136094674556
2024-03-22,MVP,MEDICAL DEVELOPMENTS ORDINARY,-0.016666666666666666,0.574999988079071,0.5400000214576721,0.06086950842960004,0.06086950842960004,False,0.0010144918071600007,0.0010144918071600007,0.0001048076923076923,0.0009096841148523084,66.476646,0.38,0.3047337278106509,0.0802675585284281,0.37666666666666665,0.05917159763313609,,0.11834319526627218,0.13609467455621302,0.22189349112426035,0.13313609467455623
2024-03-22,KCN,KINGSGATE CONSOLID. ORDINARY,-0.016666666666666666,1.1853104829788208,1.588611125946045,-0.34024894638043146,-0.16,True,-0.005670815773007191,-0.0026666666666666666,0.0001881410256410256,-0.002854807692307692,355.56804,0.56,0.39349112426035504,0.19063545150501673,0.8233333333333334,0.28994082840236685,,0.28106508875739644,0.04142011834319527,0.8727810650887574,0.9644970414201184
2024-03-22,MIN,MINERAL RESOURCES. ORDINARY,-0.016666666666666666,69.1500015258789,70.19999694824219,-0.015184315245030389,-0.015184315245030389,False,-0.0002530719207505065,-0.0002530719207505065,0.0001048076923076923,-0.0003578796130581988,13600.85286,6.59,0.9585798816568047,0.3745819397993311,0.3466666666666667,0.9171597633136095,0.3211009174311927,0.1301775147928994,0.8668639053254438,0.849112426035503,0.4911242603550296
2024-03-22,LTR,LIONTOWN RESOURCES ORDINARY,-0.016666666666666666,1.2100000381469727,1.1200000047683716,0.0743801905299355,0.0743801905299355,False,0.0012396698421655917,0.0012396698421655917,0.0001048076923076923,0.0011348621498578995,3655.81095,10.08,0.9911242603550295,0.06688963210702341,0.8666666666666667,0.7485207100591716,,0.14201183431952663,0.2455621301775148,0.5710059171597633,0.34763313609467456
2024-03-22,LKE,LAKE RESOURCES ORDINARY,-0.016666666666666666,0.06599999964237213,0.054999999701976776,0.16666666666666663,0.16666666666666663,False,0.002777777777777777,0.002777777777777777,0.0001048076923076923,0.0026729700854700848,184.9224,1.93,0.7248520710059172,0.013377926421404682,0.9833333333333333,0.1834319526627219,,0.03254437869822485,0.09763313609467456,0.17751479289940827,0.04142011834319527
2024-03-22,LIC,LIFESTYLE COMMUNIT. ORDINARY,-0.016666666666666666,15.378954887390137,11.544151306152344,0.2493539781680556,0.2493539781680556,False,0.00415589963613426,0.00415589963613426,0.0001048076923076923,0.004051091943826568,1924.11575,7.0,0.9733727810650887,0.13712374581939799,0.2966666666666667,0.6272189349112426,0.2018348623853211,0.21597633136094674,0.9230769230769231,0.7958579881656804,0.09763313609467456
2024-03-22,PLS,PILBARA MIN LTD ORDINARY,-0.016666666666666666,3.9100000858306885,3.799999952316284,0.02813302585670774,0.02813302585670774,False,0.0004688837642784623,0.0004688837642784623,0.0001048076923076923,0.00036407607197077,11879.894808,20.59,1.0,0.3712374581939799,0.88,0.9023668639053254,0.6651376146788991,0.19230769230769232,0.7100591715976331,0.40532544378698226,0.03254437869822485
2024-03-22,MME,MONEYME LIMITED ORDINARY,-0.016666666666666666,0.08100000023841858,0.07000000029802322,0.13580246800021634,0.13580246800021634,False,0.002263374466670272,0.002263374466670272,0.0001048076923076923,0.00215856677436258,65.991513,0.0,0.03698224852071006,0.3377926421404682,0.8333333333333334,0.05621301775147929,0.10550458715596331,0.9704142011834319,0.514792899408284,0.9763313609467456,0.16863905325443787
2024-03-22,PPK,PPK GROUP LIMITED ORDINARY,-0.016666666666666666,0.5299999713897705,0.4449999928474426,0.16037732666181137,0.16037732666181137,False,0.002672955444363523,0.002672955444363523,0.0001048076923076923,0.0025681477520558306,81.02549,0.18,0.22189349112426035,0.026755852842809364,0.8866666666666667,0.07100591715976332,,0.09763313609467456,0.15680473372781065,0.38461538461538464,0.9881656804733728
2024-03-22,LYC,LYNAS RARE EARTHS ORDINARY,-0.016666666666666666,5.800000190734863,6.190000057220459,-0.06724135407936638,-0.06724135407936638,False,-0.0011206892346561062,-0.0011206892346561062,0.0001048076923076923,-0.0012254969269637984,6687.7622,6.99,0.9689349112426036,0.11371237458193979,0.6666666666666666,0.8431952662721893,0.9174311926605505,0.22781065088757396,0.40532544378698226,0.31952662721893493,0.07692307692307693
2024-03-22,REH,REECE LIMITED ORDINARY,-0.016666666666666666,26.899686813354492,26.859880447387695,0.0014798077852354874,0.0014798077852354874,False,2.4663463087258123e-05,2.4663463087258123e-05,0.0001048076923076923,-8.014422922043418e-05,14463.58176,0.93,0.5384615384615384,0.8595317725752508,0.8066666666666666,0.9230769230769231,0.7293577981651376,0.6272189349112426,0.6715976331360947,0.6390532544378699,0.4556213017751479
2024-03-22,SVL,SILVER MINES LIMITED ORDINARY,-0.016666666666666666,0.17000000178813934,0.18000000715255737,-0.05882356034843128,-0.05882356034843128,False,-0.0009803926724738547,-0.0009803926724738547,0.0001048076923076923,-0.001085200364781547,225.037281,1.03,0.5710059171597633,0.5284280936454849,0.7633333333333333,0.21301775147928995,,0.32840236686390534,0.33136094674556216,0.022189349112426034,0.9970414201183432
2024-03-22,WHC,WHITEHAVEN COAL ORDINARY,-0.016666666666666666,6.1825032234191895,7.314377307891846,-0.18307699059260352,-0.16,True,-0.003051283176543392,-0.0026666666666666666,0.0001881410256410256,-0.002854807692307692,6432.428297,1.94,0.727810650887574,0.20735785953177258,0.7233333333333334,0.834319526627219,0.3119266055045872,0.14497041420118342,0.6153846153846154,0.20118343195266272,0.09467455621301775
2024-03-22,WGX,WESTGOLD RESOURCES. ORDINARY,-0.016666666666666666,2.3793838024139404,2.240757942199707,0.05826124397148291,0.05826124397148291,False,0.0009710207328580485,0.0009710207328580485,0.0001048076923076923,0.0008662130405503563,1032.497551,3.35,0.863905325443787,0.6354515050167224,0.8733333333333333,0.5,0.27522935779816515,0.8224852071005917,0.7071005917159763,0.2692307692307692,0.6035502958579881
2024-03-22,WBT,WEEBIT NANO LTD ORDINARY,-0.016666666666666666,3.6500000953674316,2.940000057220459,0.19452055331398554,0.19452055331398554,False,0.003242009221899759,0.003242009221899759,0.0001048076923076923,0.003137201529592067,803.078388,7.19,0.9822485207100592,0.15384615384615385,0.6333333333333333,0.4437869822485207,,0.3047337278106509,0.05029585798816568,0.07988165680473373,0.34763313609467456
2024-03-22,VUL,VULCAN ENERGY ORDINARY,-0.016666666666666666,2.799999952316284,3.200000047683716,-0.14285717934978304,-0.14285717934978304,False,-0.0023809529891630505,-0.0023809529891630505,0.0001048076923076923,-0.0024857606814707427,289.159989,5.83,0.9467455621301775,0.34448160535117056,0.9233333333333333,0.2485207100591716,,0.05029585798816568,0.23076923076923078,0.14792899408284024,0.09171597633136094
2024-03-22,TTT,TITOMIC LIMITED ORDINARY,-0.016666666666666666,0.04899999871850014,0.06199999898672104,-0.2653061348614423,-0.16,True,-0.0044217689143573715,-0.0026666666666666666,0.0001881410256410256,-0.002854807692307692,4599.127317,0.08,0.15384615384615385,0.7023411371237458,0.9033333333333333,0.7869822485207101,,0.40532544378698226,0.0029585798816568047,0.9319526627218935,0.9378698224852071
2024-03-22,JMS,JUPITER MINES. ORDINARY,-0.016666666666666666,0.20926198363304138,0.26714298129081726,-0.2765958567958293,-0.16,True,-0.004609930946597156,-0.0026666666666666666,0.0001881410256410256,-0.002854807692307692,323.23352,0.0,0.03698224852071006,0.9732441471571907,0.92,0.26331360946745563,0.25229357798165136,0.39644970414201186,0.45857988165680474,0.05029585798816568,0.34763313609467456
2024-03-22,TLG,TALGA GROUP LTD ORDINARY,-0.016666666666666666,0.800000011920929,0.6800000071525574,0.1500000037252902,0.1500000037252902,False,0.00250000006208817,0.00250000006208817,0.0001048076923076923,0.002395192369780478,288.774872,2.67,0.8254437869822485,0.451505016722408,0.7266666666666667,0.24260355029585798,,0.15384615384615385,0.05917159763313609,0.21597633136094674,0.05325443786982249
2024-03-22,SRL,SUNRISE ORDINARY,-0.016666666666666666,0.5699999928474426,0.7200000286102295,-0.2631579607807706,-0.16,True,-0.004385966013012843,-0.0026666666666666666,0.0001881410256410256,-0.002854807692307692,41.053511,1.51,0.6775147928994083,0.882943143812709,0.97,0.038461538461538464,,0.1390532544378698,0.07100591715976332,0.19822485207100593,0.12130177514792899
2024-03-22,SLC,SUPERLOOP LIMITED ORDINARY,-0.016666666666666666,1.3600000143051147,1.3300000429153442,0.022058802260453536,0.022058802260453536,False,0.00036764670434089226,0.00036764670434089226,0.0001048076923076923,0.00026283901203319997,318.625575,2.6,0.8136094674556213,1.0,0.83,0.2603550295857988,,0.7544378698224852,0.20414201183431951,0.3994082840236686,0.6982248520710059
2024-03-22,SHV,SELECT HARVESTS ORDINARY,-0.016666666666666666,4.179999828338623,3.509999990463257,0.16028704913647407,0.16028704913647407,False,0.0026714508189412344,0.0026714508189412344,0.0001048076923076923,0.002566643126633542,485.58535,3.98,0.9023668639053254,0.9531772575250836,0.5933333333333334,0.35502958579881655,,0.5295857988165681,0.22781065088757396,0.8047337278106509,0.9615384615384616
2024-03-22,SGR,THE STAR ENT GRP ORDINARY,-0.016666666666666666,0.5400000214576721,0.38999998569488525,0.27777783296726144,0.27777783296726144,False,0.004629630549454357,0.004629630549454357,0.0001048076923076923,0.004524822857146665,1171.625,1.55,0.6834319526627219,0.4983277591973244,0.6933333333333334,0.5384615384615384,0.8990825688073395,0.6124260355029586,0.3609467455621302,0.34911242603550297,0.4260355029585799
2024-03-22,TOE,TORO ENERGY LIMITED ORDINARY,-0.016666666666666666,0.4300000071525574,0.4300000071525574,-0.0,-0.0,False,-0.0,-0.0,0.0001048076923076923,-0.0001048076923076923,43.288082,0.81,0.48372781065088755,0.2408026755852843,0.6133333333333333,0.04142011834319527,,0.20118343195266272,0.09171597633136094,0.022189349112426034,0.34763313609467456
2024-04-29,CXL,CALIX LIMITED ORDINARY,-0.016666666666666666,1.5049999952316284,1.3350000381469727,0.11295678247393737,0.11295678247393737,False,0.0018826130412322895,0.0018826130412322895,0.0001048076923076923,0.0017778053489245973,618.338794,3.72,0.8731563421828908,0.14950166112956811,0.5116279069767442,0.40412979351032446,,0.23893805309734514,0.1415929203539823,0.1887905604719764,0.8613569321533924
2024-04-29,CUV,CLINUVEL PHARMACEUT. ORDINARY,-0.016666666666666666,15.196159362792969,15.037452697753906,0.0104438668514919,0.0104438668514919,False,0.00017406444752486502,0.00017406444752486502,0.0001048076923076923,6.925675521717272e-05,802.03632,5.87,0.9498525073746312,0.3122923588039867,0.8438538205980066,0.4365781710914454,0.7465437788018433,0.7050147492625368,0.6784660766961652,0.10324483775811209,0.09144542772861357
2024-04-29,CTM,CENTAURUS METALS LTD ORDINARY,-0.016666666666666666,0.41999998688697815,0.5249999761581421,-0.2499999822605219,-0.16,True,-0.004166666371008698,-0.0026666666666666666,0.0001881410256410256,-0.002854807692307692,252.06853,0.19,0.23303834808259588,0.9368770764119602,0.717607973421927,0.22418879056047197,,0.4306784660766962,0.06489675516224189,0.11209439528023599,0.3672566371681416
2024-04-29,CLV,CLOVER CORPORATION ORDINARY,-0.016666666666666666,0.4837784171104431,0.4742925465106964,0.019607882998180837,0.019607882998180837,False,0.0003267980499696806,0.0003267980499696806,0.0001048076923076923,0.00022199035766198833,135.26919,0.02,0.09734513274336283,0.023255813953488372,0.8106312292358804,0.15634218289085547,,0.27728613569321536,0.30383480825958703,0.471976401179941,0.13274336283185842
2024-04-29,CIA,CHAMPION IRON LTD ORDINARY,-0.016666666666666666,6.627394199371338,6.572012424468994,0.008356493251540309,0.008356493251540309,False,0.00013927488752567182,0.00013927488752567182,0.0001048076923076923,3.4467195217979525e-05,3380.425553,2.84,0.8082595870206489,0.1461794019933555,0.8372093023255814,0.7256637168141593,0.8940092165898618,0.4837758112094395,0.415929203539823,0.5929203539823009,0.08849557522123894
2024-04-29,CHN,CHALICE MINING LTD ORDINARY,-0.016666666666666666,1.2350000143051147,1.6699999570846558,-0.352226670235545,-0.16,True,-0.00587044450392575,-0.0026666666666666666,0.0001881410256410256,-0.002854807692307692,644.3323,8.13,0.9793510324483776,0.9069767441860465,0.9401993355481728,0.41002949852507375,,0.22418879056047197,0.11799410029498525,0.12094395280235988,0.017699115044247787
2024-04-29,AQZ,ALLIANCE AVIATION ORDINARY,-0.016666666666666666,3.0316250324249268,3.120500087738037,-0.029315978843868162,-0.029315978843868162,False,-0.0004885996473978027,-0.0004885996473978027,0.0001048076923076923,-0.0005934073397054951,517.565724,0.0,0.032448377581120944,0.4318936877076412,0.14950166112956811,0.36578171091445427,0.20276497695852536,0.21238938053097345,0.7227138643067846,0.775811209439528,0.696165191740413
2024-04-29,BRN,BRAINCHIP LTD ORDINARY,-0.016666666666666666,0.29499998688697815,0.2549999952316284,0.1355931980792756,0.1355931980792756,False,0.0022598866346545936,0.0022598866346545936,0.0001048076923076923,0.0021550789423469014,208.052823,3.67,0.8613569321533924,0.9601328903654485,0.8538205980066446,0.20353982300884957,,0.26548672566371684,0.02654867256637168,0.3303834808259587,0.5221238938053098
2024-04-29,ASM,AUSSTRATMATERIALS ORDINARY,-0.016666666666666666,1.0199999809265137,0.9800000190734863,0.03921564960882995,0.03921564960882995,False,0.0006535941601471658,0.0006535941601471658,0.0001048076923076923,0.0005487864678394734,218.3892,1.24,0.6076696165191741,0.4186046511627907,0.9235880398671097,0.20648967551622419,,0.20058997050147492,0.24188790560471976,0.3215339233038348,0.6342182890855457
2024-04-29,APX,APPEN LIMITED ORDINARY,-0.016666666666666666,0.6349999904632568,0.5649999976158142,0.1102362108641528,0.1102362108641528,False,0.0018372701810692134,0.0018372701810692134,0.0001048076923076923,0.0017324624887615212,89.423284,3.15,0.8348082595870207,0.9900332225913622,0.9302325581395349,0.08849557522123894,,0.011799410029498525,0.02359882005899705,0.35398230088495575,0.46607669616519176
2024-04-29,AMA,AMA GROUP LIMITED ORDINARY,-0.016666666666666666,0.5813180208206177,0.38456401228904724,0.33846191152619454,0.33846191152619454,False,0.005641031858769909,0.005641031858769909,0.0001048076923076923,0.005536224166462217,103.160223,1.37,0.6283185840707964,0.17940199335548174,0.9069767441860465,0.11209439528023599,,0.8053097345132744,0.168141592920354,0.967551622418879,0.584070796460177
2024-04-29,ALC,ALCIDION GROUP LTD ORDINARY,-0.016666666666666666,0.054999999701976776,0.0560000017285347,-0.018181855126846225,-0.018181855126846225,False,-0.0003030309187807704,-0.0003030309187807704,0.0001048076923076923,-0.0004078386110884627,96.777268,0.02,0.09734513274336283,0.6710963455149501,0.9368770764119602,0.10029498525073746,,0.11799410029498525,0.22123893805309736,0.17699115044247787,0.1710914454277286
2024-04-29,CCX,CITY CHIC COLLECTIVE ORDINARY,-0.016666666666666666,0.4300000071525574,0.29499998688697815,0.3139535302790898,0.3139535302790898,False,0.00523255883798483,0.00523255883798483,0.0001048076923076923,0.005127751145677138,123.741308,0.78,0.49557522123893805,0.06976744186046512,0.9269102990033222,0.13569321533923304,,0.10619469026548672,0.07669616519174041,0.7463126843657817,0.11209439528023599
2024-04-29,AGY,ARGOSY MINERALS LTD ORDINARY,-0.016666666666666666,0.12999999523162842,0.11999999731779099,0.0769230636971937,0.0769230636971937,False,0.0012820510616198951,0.0012820510616198951,0.0001048076923076923,0.001177243369312203,203.37236,2.33,0.7640117994100295,0.8039867109634552,0.18604651162790697,0.1976401179941003,,0.3480825958702065,0.10324483775811209,0.07964601769911504,0.3672566371681416
2024-04-29,FBR,FBR LTD ORDINARY,-0.016666666666666666,0.026000000536441803,0.02500000037252903,0.03846154397232282,0.03846154397232282,False,0.000641025732872047,0.000641025732872047,0.0001048076923076923,0.0005362180405643548,103.366528,0.23,0.2536873156342183,0.7641196013289037,0.8604651162790697,0.11504424778761062,,0.07669616519174041,0.05604719764011799,0.44837758112094395,0.10029498525073746
2024-04-29,CXO,CORE LITHIUM ORDINARY,-0.016666666666666666,0.14000000059604645,0.12999999523162842,0.07142860944173757,0.07142860944173757,False,0.0011904768240289594,0.0011904768240289594,0.0001048076923076923,0.0010856691317212672,513.541666,8.24,0.9852507374631269,0.04983388704318937,0.43521594684385384,0.36283185840707965,,0.04129793510324484,0.032448377581120944,0.15634218289085547,0.9793510324483776
2024-04-29,IMU,IMUGENE LIMITED ORDINARY,-0.016666666666666666,2.7880001068115234,2.1760001182556152,0.21951218260741667,0.21951218260741667,False,0.003658536376790278,0.003658536376790278,0.0001048076923076923,0.0035537286844825856,757.020449,5.37,0.9351032448377581,0.11960132890365449,0.7441860465116279,0.4277286135693215,,0.1592920353982301,0.05309734513274336,0.1710914454277286,0.7905604719764012
2024-04-29,ILU,ILUKA RESOURCES ORDINARY,-0.016666666666666666,7.411435604095459,7.108728885650635,0.04084319619232102,0.04084319619232102,False,0.0006807199365386836,0.0006807199365386836,0.0001048076923076923,0.0005759122442309914,2811.1578,1.56,0.6696165191740413,0.6345514950166113,0.49169435215946844,0.6843657817109144,0.2119815668202765,0.2536873156342183,0.6991150442477876,0.30383480825958703,0.11504424778761062
2024-04-29,IFL,INSIGNIA FINANCIAL ORDINARY,-0.016666666666666666,2.4800000190734863,2.2699999809265137,0.08467743408543504,0.08467743408543504,False,0.001411290568090584,0.001411290568090584,0.0001048076923076923,0.0013064828757828918,1554.696,5.45,0.9410029498525073,0.7807308970099668,0.6212624584717608,0.5870206489675516,,0.17994100294985252,0.26843657817109146,0.6106194690265486,0.4247787610619469
2024-04-29,GPR,GEOPACIFIC RESOURCES ORDINARY,-0.016666666666666666,0.027000000700354576,0.020999999716877937,0.22222225288304698,0.22222225288304698,False,0.0037037042147174495,0.0037037042147174495,0.0001048076923076923,0.0035988965224097572,16.737366,0.0,0.032448377581120944,0.9634551495016611,0.9335548172757475,0.014749262536873156,,0.4218289085545723,0.35398230088495575,0.26253687315634217,0.3672566371681416
2024-04-29,FWD,FLEETWOOD LTD ORDINARY,-0.016666666666666666,1.342553973197937,1.218559980392456,0.09235680298955107,0.09235680298955107,False,0.0015392800498258512,0.0015392800498258512,0.0001048076923076923,0.001434472357518159,169.713,0.43,0.3480825958702065,0.2026578073089701,0.7109634551495017,0.168141592920354,0.5483870967741935,0.25073746312684364,0.4365781710914454,0.35693215339233036,0.8672566371681416
2024-04-29,IDX,INTEGRAL DIAGNOSTICS ORDINARY,-0.016666666666666666,2.4026503562927246,2.3171803951263428,0.03557319979685325,0.03557319979685325,False,0.0005928866632808875,0.0005928866632808875,0.0001048076923076923,0.0004880789709731952,450.171486,4.03,0.8938053097345132,0.840531561461794,0.6245847176079734,0.3421828908554572,,0.528023598820059,0.08849557522123894,0.8436578171091446,0.48672566371681414
2024-04-29,EXR,ELIXIR ENERGY LTD ORDINARY,-0.016666666666666666,0.12999999523162842,0.11500000208616257,0.11538456688971033,0.11538456688971033,False,0.0019230761148285053,0.0019230761148285053,0.0001048076923076923,0.001818268422520813,82.404682,0.1,0.18289085545722714,0.9833887043189369,1.0,0.07964601769911504,,0.08259587020648967,0.31563421828908556,0.07079646017699115,0.3672566371681416
2024-04-29,EVN,EVOLUTION MINING LTD ORDINARY,-0.016666666666666666,3.9235708713531494,3.6950137615203857,0.058252320991958983,0.058252320991958983,False,0.0009708720165326497,0.0009708720165326497,0.0001048076923076923,0.0008660643242249574,7334.631738,0.62,0.4365781710914454,0.867109634551495,0.5980066445182725,0.855457227138643,0.7603686635944701,0.49852507374631266,0.4631268436578171,0.640117994100295,0.8643067846607669
2024-04-29,ERA,ENERGY RESOURCES ORDINARY 'A',-0.016666666666666666,0.054999999701976776,0.04500000178813934,0.18181814487315384,0.18181814487315384,False,0.003030302414552564,0.003030302414552564,0.0001048076923076923,0.002925494722244872,819.309765,0.0,0.032448377581120944,0.43521594684385384,0.5481727574750831,0.4424778761061947,,0.09144542772861357,0.976401179941003,0.0058997050147492625,0.9292035398230089
2024-04-29,EGR,ECOGRAF LIMITED ORDINARY,-0.016666666666666666,0.1550000011920929,0.15000000596046448,0.032258033504347416,0.032258033504347416,False,0.0005376338917391235,0.0005376338917391235,0.0001048076923076923,0.00043282619943143125,63.2744,0.58,0.4174041297935103,0.627906976744186,0.7209302325581395,0.05309734513274336,,0.0855457227138643,0.2359882005899705,0.08849557522123894,0.3672566371681416
2024-04-29,DYL,DEEP YELLOW LIMITED ORDINARY,-0.016666666666666666,1.4299999475479126,1.6549999713897705,-0.15734267978658045,-0.16,True,-0.0026223779964430075,-0.0026666666666666666,0.0001881410256410256,-0.002854807692307692,823.14947,3.79,0.8790560471976401,0.15614617940199335,0.7973421926910299,0.44837758112094395,,0.32448377581120946,0.28023598820059,0.12684365781710916,0.12979351032448377
2024-04-29,IXR,IONIC RARE EARTHS ORDINARY,-0.016666666666666666,0.41999998688697815,0.38999998569488525,0.07142857649699375,0.07142857649699375,False,0.0011904762749498957,0.0011904762749498957,0.0001048076923076923,0.0010856685826422035,102.382605,0.16,0.2168141592920354,0.036544850498338874,0.9501661129568106,0.10914454277286136,,0.10324483775811209,0.04424778761061947,0.1592920353982301,0.02359882005899705
2024-04-29,DUB,DUBBER CORP LTD ORDINARY,-0.016666666666666666,0.05400000140070915,0.03999999910593033,0.2592592950302214,0.2592592950302214,False,0.004320988250503689,0.004320988250503689,0.0001048076923076923,0.004216180558195997,92.63513,0.64,0.4424778761061947,0.0033222591362126247,0.9867109634551495,0.0943952802359882,,0.10914454277286136,0.017699115044247787,0.6637168141592921,0.8053097345132744
2024-04-29,JMS,JUPITER MINES. ORDINARY,-0.016666666666666666,0.2805001437664032,0.29830968379974365,-0.06349208878898827,-0.06349208878898827,False,-0.001058201479816471,-0.001058201479816471,0.0001048076923076923,-0.0011630091721241632,323.23352,0.03,0.1224188790560472,0.9700996677740864,0.9003322259136213,0.25958702064896755,0.2304147465437788,0.40707964601769914,0.4778761061946903,0.05014749262536873,0.3672566371681416
2024-04-29,KCN,KINGSGATE CONSOLID. ORDINARY,-0.016666666666666666,1.6623855829238892,1.716486930847168,-0.03254440394515612,-0.03254440394515612,False,-0.0005424067324192686,-0.0005424067324192686,0.0001048076923076923,-0.000647214424726961,355.56804,0.59,0.42330383480825956,0.9169435215946844,0.53156146179402,0.2861356932153392,,0.2890855457227139,0.04129793510324484,0.8702064896755162,0.9646017699115044
2024-04-29,SGR,THE STAR ENT GRP ORDINARY,-0.016666666666666666,0.41499999165534973,0.4650000035762787,-0.12048195885857527,-0.12048195885857527,False,-0.002008032647642921,-0.002008032647642921,0.0001048076923076923,-0.002112840339950613,1171.625,4.95,0.9233038348082596,0.04318936877076412,0.7674418604651163,0.5339233038348082,0.8894009216589862,0.6194690265486725,0.36578171091445427,0.34513274336283184,0.45132743362831856
2024-04-29,PPK,PPK GROUP LIMITED ORDINARY,-0.016666666666666666,0.4449999928474426,0.36500000953674316,0.179775246284387,0.179775246284387,False,0.0029962541047397835,0.0029962541047397835,0.0001048076923076923,0.0028914464124320913,81.02549,0.17,0.22713864306784662,0.009966777408637873,0.6976744186046512,0.07374631268436578,,0.0943952802359882,0.15634218289085547,0.3805309734513274,0.9882005899705014
2024-04-29,PLS,PILBARA MIN LTD ORDINARY,-0.016666666666666666,3.9600000381469727,3.819999933242798,0.0353535615039251,0.0353535615039251,False,0.0005892260250654184,0.0005892260250654184,0.0001048076923076923,0.0004844183327577261,11879.894808,21.54,1.0,0.7142857142857143,0.2026578073089701,0.9026548672566371,0.6405529953917051,0.1976401179941003,0.7197640117994101,0.40117994100294985,0.035398230088495575
2024-04-29,PEN,PENINSULA ENERGY LTD ORDINARY,-0.016666666666666666,2.0452170372009277,2.299999952316284,-0.12457500132311194,-0.12457500132311194,False,-0.0020762500220518655,-0.0020762500220518655,0.0001048076923076923,-0.0021810577143595578,283.426438,0.48,0.3746312684365782,0.046511627906976744,0.9036544850498339,0.2359882005899705,,0.34513274336283184,0.16224188790560473,0.038348082595870206,0.038348082595870206
2024-04-29,PAR,PARADIGM BIO. ORDINARY,-0.016666666666666666,0.2549999952316284,0.25,0.01960782480441492,0.01960782480441492,False,0.00032679708007358197,0.00032679708007358197,0.0001048076923076923,0.00022198938776588967,127.41075,1.02,0.556047197640118,0.059800664451827246,0.8305647840531561,0.1415929203539823,,0.02064896755162242,0.014749262536873156,0.10914454277286136,0.01032448377581121
2024-04-29,OCC,ORTHOCELL LIMITED ORDINARY,-0.016666666666666666,0.3799999952316284,0.36000001430511475,0.05263152941442195,0.05263152941442195,False,0.0008771921569070326,0.0008771921569070326,0.0001048076923076923,0.0007723844645993402,81.699616,0.02,0.09734513274336283,0.39368770764119604,0.5415282392026578,0.07669616519174041,,0.1887905604719764,0.011799410029498525,0.5486725663716814,0.12389380530973451
2024-04-29,LYC,LYNAS RARE EARTHS ORDINARY,-0.016666666666666666,6.429999828338623,6.730000019073486,-0.046656329509168426,-0.046656329509168426,False,-0.0007776054918194737,-0.0007776054918194737,0.0001048076923076923,-0.0008824131841271661,6687.7622,6.35,0.9528023598820059,0.6943521594684385,0.44518272425249167,0.8407079646017699,0.9124423963133641,0.23303834808259588,0.41297935103244837,0.31563421828908556,0.08259587020648967
2024-04-29,MVP,MEDICAL DEVELOPMENTS ORDINARY,-0.016666666666666666,0.5299999713897705,0.4099999964237213,0.22641505932799244,0.22641505932799244,False,0.0037735843221332072,0.0037735843221332072,0.0001048076923076923,0.003668776629825515,66.476646,0.34,0.31710914454277284,0.026578073089700997,0.3687707641196013,0.058997050147492625,,0.11504424778761062,0.13569321533923304,0.2182890855457227,0.14749262536873156
2024-04-29,M7T,MACH7 TECH LIMITED ORDINARY,-0.016666666666666666,0.7200000286102295,0.6499999761581421,0.09722229120907688,0.09722229120907688,False,0.0016203715201512814,0.0016203715201512814,0.0001048076923076923,0.0015155638278435892,190.038363,0.16,0.2168141592920354,0.42857142857142855,0.7142857142857143,0.1887905604719764,,0.41297935103244837,0.17994100294985252,0.16224188790560473,0.28023598820059
2024-04-29,LTR,LIONTOWN RESOURCES ORDINARY,-0.016666666666666666,1.2100000381469727,1.3300000429153442,-0.09917355453322374,-0.09917355453322374,False,-0.001652892575553729,-0.001652892575553729,0.0001048076923076923,-0.0017577002678614213,3655.81095,11.0,0.9882005899705014,0.8770764119601329,0.8970099667774086,0.7433628318584071,,0.1415929203539823,0.24778761061946902,0.5722713864306784,0.3672566371681416
2024-04-29,LKE,LAKE RESOURCES ORDINARY,-0.016666666666666666,0.057999998331069946,0.057999998331069946,-0.0,-0.0,False,-0.0,-0.0,0.0001048076923076923,-0.0001048076923076923,184.9224,2.08,0.7492625368731564,0.019933554817275746,0.7807308970099668,0.17994100294985252,,0.02654867256637168,0.09734513274336283,0.17404129793510326,0.04424778761061947
2024-04-29,LIC,LIFESTYLE COMMUNIT. ORDINARY,-0.016666666666666666,11.961409568786621,12.42834186553955,-0.0390365612069159,-0.0390365612069159,False,-0.0006506093534485983,-0.0006506093534485983,0.0001048076923076923,-0.0007554170457562907,1924.11575,6.43,0.9557522123893806,0.03322259136212625,0.840531561461794,0.6253687315634219,0.1889400921658986,0.22123893805309736,0.9321533923303835,0.7964601769911505,0.10914454277286136
2024-04-29,NMT,NEOMETALS LTD ORDINARY,-0.016666666666666666,0.10499999672174454,0.11500000208616257,-0.09523814930126684,-0.09523814930126684,False,-0.0015873024883544472,-0.0015873024883544472,0.0001048076923076923,-0.0016921101806621395,117.529202,0.89,0.5103244837758112,0.05647840531561462,0.7740863787375415,0.12094395280235988,,0.4277286135693215,0.08259587020648967,0.11799410029498525,0.3672566371681416
2024-04-29,S32,SOUTH32 LIMITED ORDINARY,-0.016666666666666666,3.3147881031036377,3.739760637283325,-0.12820503783689396,-0.12820503783689396,False,-0.0021367506306148995,-0.0021367506306148995,0.0001048076923076923,-0.0022415583229225917,10396.940035,1.58,0.672566371681416,0.5813953488372093,0.6146179401993356,0.8908554572271387,0.9354838709677419,0.24778761061946902,0.3746312684365782,0.41297935103244837,0.15634218289085547
2024-04-29,PPS,PRAEMIUM LIMITED ORDINARY,-0.016666666666666666,0.4539429545402527,0.42118412256240845,0.07216508517247933,0.07216508517247933,False,0.001202751419541322,0.001202751419541322,0.0001048076923076923,0.0010979437272336297,195.151758,0.6,0.42920353982300885,0.8571428571428571,0.8039867109634552,0.19469026548672566,0.6129032258064516,0.6017699115044248,0.551622418879056,0.15339233038348082,0.30678466076696165
2024-04-29,SHV,SELECT HARVESTS ORDINARY,-0.016666666666666666,3.630000114440918,3.200000047683716,0.11845731493136036,0.11845731493136036,False,0.001974288582189339,0.001974288582189339,0.0001048076923076923,0.0018694808898816469,529.522,5.2,0.9321533923303835,0.20930232558139536,0.6578073089700996,0.37168141592920356,,0.16224188790560473,0.3303834808259587,0.831858407079646,0.04129793510324484
2024-04-29,WHC,WHITEHAVEN COAL ORDINARY,-0.016666666666666666,7.29535436630249,7.847023963928223,-0.07561930098610614,-0.07561930098610614,False,-0.001260321683101769,-0.001260321683101769,0.0001048076923076923,-0.0013651293754094612,6432.428297,0.91,0.5206489675516224,0.31561461794019935,0.7508305647840532,0.831858407079646,0.2903225806451613,0.14454277286135694,0.6253687315634219,0.1976401179941003,0.10619469026548672
2024-04-29,KGN,KOGAN.COM LTD ORDINARY,-0.016666666666666666,4.606049537658691,4.046610355377197,0.12145748275340162,0.12145748275340162,False,0.0020242913792233603,0.0020242913792233603,0.0001048076923076923,0.001919483686915668,541.869688,0.66,0.45132743362831856,0.12624584717607973,0.920265780730897,0.3805309734513274,0.7004608294930875,0.9292035398230089,0.6430678466076696,0.36283185840707965,0.7964601769911505
2024-04-29,WGX,WESTGOLD RESOURCES. ORDINARY,-0.016666666666666666,2.250629186630249,2.3098561763763428,-0.02631574765755662,-0.02631574765755662,False,-0.0004385957942926103,-0.0004385957942926103,0.0001048076923076923,-0.0005434034866003026,1032.497551,8.17,0.9823008849557522,0.6611295681063123,0.8704318936877077,0.49557522123893805,0.2534562211981567,0.831858407079646,0.7168141592920354,0.26548672566371684,0.6253687315634219
2024-04-29,WBT,WEEBIT NANO LTD ORDINARY,-0.016666666666666666,3.1600000858306885,2.4200000762939453,0.23417721184719997,0.23417721184719997,False,0.003902953530786666,0.003902953530786666,0.0001048076923076923,0.003798145838478974,803.078388,7.27,0.967551622418879,0.11627906976744186,0.8272425249169435,0.43952802359882004,,0.31268436578171094,0.05014749262536873,0.07669616519174041,0.3672566371681416
2024-04-29,TTT,TITOMIC LIMITED ORDINARY,-0.016666666666666666,0.06499999761581421,0.09000000357627869,-0.38461549042245013,-0.16,True,-0.006410258173707502,-0.0026666666666666666,0.0001881410256410256,-0.002854807692307692,4599.127317,0.04,0.1415929203539823,0.9800664451827242,0.9534883720930233,0.7817109144542773,,0.415929203539823,0.0029498525073746312,0.9262536873156342,0.9410029498525073
2024-04-29,TOE,TORO ENERGY LIMITED ORDINARY,-0.016666666666666666,0.4399999976158142,0.3400000035762787,0.22727271495771795,0.22727271495771795,False,0.0037878785826286326,0.0037878785826286326,0.0001048076923076923,0.0036830708903209403,43.288082,0.11,0.19174041297935104,0.18604651162790697,0.8637873754152824,0.04129793510324484,,0.20648967551622419,0.09144542772861357,0.022123893805309734,0.3672566371681416
2024-04-29,VUL,VULCAN ENERGY ORDINARY,-0.016666666666666666,3.4100000858306885,5.079999923706055,-0.4897360105105535,-0.16,True,-0.008162266841842559,-0.0026666666666666666,0.0001881410256410256,-0.002854807692307692,289.159989,5.84,0.9469026548672567,0.9568106312292359,0.9833887043189369,0.2448377581120944,,0.05014749262536873,0.23303834808259588,0.14454277286135694,0.10324483775811209
2024-04-29,SYR,SYRAH RESOURCES ORDINARY,-0.016666666666666666,0.5099999904632568,0.4699999988079071,0.07843135765358711,0.07843135765358711,False,0.0013071892942264518,0.0013071892942264518,0.0001048076923076923,0.0012023816019187596,303.142382,12.87,0.9941002949852508,0.7973421926910299,0.7475083056478405,0.25073746312684364,,0.017699115044247787,0.13864306784660768,0.7817109144542773,0.5398230088495575
2024-04-29,SVL,SILVER MINES LIMITED ORDINARY,-0.016666666666666666,0.17499999701976776,0.1850000023841858,-0.057142888769811995,-0.057142888769811995,False,-0.0009523814794968666,-0.0009523814794968666,0.0001048076923076923,-0.001057189171804559,225.037281,0.72,0.471976401179941,0.8504983388704319,0.9169435215946844,0.20943952802359883,,0.3333333333333333,0.336283185840708,0.022123893805309734,0.9970501474926253
2024-04-29,SRL,SUNRISE ORDINARY,-0.016666666666666666,0.6700000166893005,0.48500001430511475,0.2761193996655913,0.2761193996655913,False,0.004601989994426521,0.004601989994426521,0.0001048076923076923,0.004497182302118829,41.053511,1.49,0.6607669616519174,0.9767441860465116,0.9634551495016611,0.038348082595870206,,0.13569321533923304,0.07079646017699115,0.19469026548672566,0.13569321533923304
2024-04-29,SPL,STARPHARMA HOLDINGS ORDINARY,-0.016666666666666666,0.13500000536441803,0.10999999940395355,0.18518522197817433,0.18518522197817433,False,0.0030864203663029054,0.0030864203663029054,0.0001048076923076923,0.002981612673995213,69.847011,0.45,0.3584070796460177,0.17275747508305647,0.9136212624584718,0.06489675516224189,,0.7404129793510325,0.25663716814159293,0.3274336283185841,0.9941002949852508
2024-04-29,SLC,SUPERLOOP LIMITED ORDINARY,-0.016666666666666666,1.3250000476837158,1.3799999952316284,-0.04150939288195499,-0.04150939288195499,False,-0.0006918232146992497,-0.0006918232146992497,0.0001048076923076923,-0.000796630907006942,318.625575,0.03,0.1224188790560472,0.973421926910299,0.6943521594684385,0.25663716814159293,,0.7728613569321534,0.20943952802359883,0.3952802359882006,0.7168141592920354
2024-04-29,TLG,TALGA GROUP LTD ORDINARY,-0.016666666666666666,0.7099999785423279,0.625,0.11971828325521627,0.11971828325521627,False,0.0019953047209202712,0.0019953047209202712,0.0001048076923076923,0.001890497028612579,288.774872,2.81,0.8053097345132744,0.770764119601329,0.893687707641196,0.23893805309734514,,0.15339233038348082,0.058997050147492625,0.21238938053097345,0.061946902654867256
2024-05-27,CHN,CHALICE MINING LTD ORDINARY,-0.016666666666666666,1.725000023841858,1.5750000476837158,0.08695650671590571,0.08695650671590571,False,0.001449275111931762,0.001449275111931762,0.0001048076923076923,0.0013444674196240697,644.3323,9.5,0.9819819819819819,0.939799331103679,0.9765886287625418,0.4024024024024024,,0.22822822822822822,0.11711711711711711,0.11711711711711711,0.015015015015015015
2024-05-27,CTM,CENTAURUS METALS LTD ORDINARY,-0.016666666666666666,0.5149999856948853,0.44999998807907104,0.12621359110934782,0.12621359110934782,False,0.0021035598518224638,0.0021035598518224638,0.0001048076923076923,0.0019987521595147715,252.06853,0.25,0.2777777777777778,0.9765886287625418,0.9331103678929766,0.2132132132132132,,0.43243243243243246,0.06606606606606606,0.10810810810810811,0.36486486486486486
2024-05-27,CLV,CLOVER CORPORATION ORDINARY,-0.016666666666666666,0.4837784171104431,0.4742925465106964,0.019607882998180837,0.019607882998180837,False,0.0003267980499696806,0.0003267980499696806,0.0001048076923076923,0.00022199035766198833,135.26919,0.02,0.0960960960960961,0.043478260869565216,0.14381270903010032,0.14714714714714713,,0.2822822822822823,0.3003003003003003,0.4744744744744745,0.13213213213213212
2024-05-27,CIA,CHAMPION IRON LTD ORDINARY,-0.016666666666666666,6.79354190826416,6.109030723571777,0.10075910238511865,0.10075910238511865,False,0.0016793183730853109,0.0016793183730853109,0.0001048076923076923,0.0015745106807776186,3380.425553,3.22,0.8498498498498499,0.3311036789297659,0.5551839464882943,0.7237237237237237,0.8976744186046511,0.4804804804804805,0.40540540540540543,0.5975975975975976,0.08708708708708708
2024-05-27,CCX,CITY CHIC COLLECTIVE ORDINARY,-0.016666666666666666,0.28999999165534973,0.125,0.5689655048385099,0.5689655048385099,False,0.009482758413975166,0.009482758413975166,0.0001048076923076923,0.009377950721667474,123.741308,0.44,0.36486486486486486,0.05351170568561873,0.7658862876254181,0.12912912912912913,,0.1111111111111111,0.07807807807807808,0.7477477477477478,0.1111111111111111
2024-05-27,ALC,ALCIDION GROUP LTD ORDINARY,-0.016666666666666666,0.057999998331069946,0.050999999046325684,0.12068964631322143,0.12068964631322143,False,0.002011494105220357,0.002011494105220357,0.0001048076923076923,0.0019066864129126649,96.777268,0.02,0.0960960960960961,0.8595317725752508,0.9364548494983278,0.09309309309309309,,0.12312312312312312,0.21921921921921922,0.17417417417417416,0.17117117117117117
2024-05-27,BGL,BELLEVUE GOLD LTD ORDINARY,-0.016666666666666666,1.9450000524520874,1.7999999523162842,0.07455017800796437,0.07455017800796437,False,0.0012425029667994063,0.0012425029667994063,0.0001048076923076923,0.001137695274491714,1927.533026,2.67,0.8033033033033034,0.8361204013377926,0.842809364548495,0.6246246246246246,0.9906976744186047,0.2072072072072072,0.3633633633633634,0.6576576576576577,0.36486486486486486
2024-05-27,BBN,BABY BUNTING GRP LTD ORDINARY,-0.016666666666666666,1.409999966621399,1.5299999713897705,-0.08510638837525097,-0.08510638837525097,False,-0.0014184398062541828,-0.0014184398062541828,0.0001048076923076923,-0.001523247498561875,269.812978,2.02,0.7267267267267268,0.20735785953177258,0.9264214046822743,0.2222222222222222,0.8372093023255814,0.9099099099099099,0.45345345345345345,0.8948948948948949,0.2042042042042042
2024-05-27,ASM,AUSSTRATMATERIALS ORDINARY,-0.016666666666666666,1.0099999904632568,0.7900000214576721,0.21782175354742062,0.21782175354742062,False,0.003630362559123677,0.003630362559123677,0.0001048076923076923,0.0035255548668159846,218.3892,1.74,0.6936936936936937,0.6187290969899666,0.30434782608695654,0.1981981981981982,,0.2042042042042042,0.23723723723723725,0.3213213213213213,0.6276276276276276
2024-05-27,AMA,AMA GROUP LIMITED ORDINARY,-0.016666666666666666,0.42928099632263184,0.4024510085582733,0.06249982644047458,0.06249982644047458,False,0.0010416637740079096,0.0010416637740079096,0.0001048076923076923,0.0009368560817002174,103.160223,1.27,0.6216216216216216,0.056856187290969896,0.9063545150501672,0.10510510510510511,,0.8048048048048048,0.16516516516516516,0.96996996996997,0.5825825825825826
2024-05-27,CUV,CLINUVEL PHARMACEUT. ORDINARY,-0.016666666666666666,15.493735313415527,15.146565437316895,0.022407112879876623,0.022407112879876623,False,0.00037345188133127707,0.00037345188133127707,0.0001048076923076923,0.0002686441890235848,802.03632,5.7,0.93993993993994,0.7625418060200669,0.1605351170568562,0.4294294294294294,0.7534883720930232,0.7027027027027027,0.6696696696696697,0.0990990990990991,0.09009009009009009
2024-05-27,BMN,BANNERMAN ENERGY LTD ORDINARY,-0.016666666666666666,4.400000095367432,3.25,0.26136365237314807,0.26136365237314807,False,0.004356060872885801,0.004356060872885801,0.0001048076923076923,0.004251253180578109,405.136846,0.13,0.2072072072072072,0.9331103678929766,0.9431438127090301,0.3123123123123123,,0.3213213213213213,0.2042042042042042,0.03903903903903904,0.0075075075075075074
2024-05-27,BRN,BRAINCHIP LTD ORDINARY,-0.016666666666666666,0.2750000059604645,0.20999999344348907,0.23636367675686587,0.23636367675686587,False,0.003939394612614431,0.003939394612614431,0.0001048076923076923,0.003834586920306739,208.052823,4.04,0.8948948948948949,0.046822742474916385,0.8361204013377926,0.19519519519519518,,0.2702702702702703,0.02702702702702703,0.3303303303303303,0.5195195195195195
2024-05-27,GPR,GEOPACIFIC RESOURCES ORDINARY,-0.016666666666666666,0.023000000044703484,0.019999999552965164,0.13043480373510563,0.13043480373510563,False,0.0021739133955850937,0.0021739133955850937,0.0001048076923076923,0.0020691057032774015,16.737366,0.0,0.03303303303303303,0.9732441471571907,0.9230769230769231,0.015015015015015015,,0.42342342342342343,0.3483483483483483,0.25825825825825827,0.36486486486486486
2024-05-27,CXL,CALIX LIMITED ORDINARY,-0.016666666666666666,1.6549999713897705,1.4600000381469727,0.11782473511407288,0.11782473511407288,False,0.0019637455852345477,0.0019637455852345477,0.0001048076923076923,0.0018589378929268555,618.338794,4.09,0.8978978978978979,0.17725752508361203,0.8695652173913043,0.3963963963963964,,0.24324324324324326,0.14114114114114115,0.18618618618618618,0.8558558558558559
2024-05-27,ILU,ILUKA RESOURCES ORDINARY,-0.016666666666666666,7.089199542999268,6.51308012008667,0.08126720364099893,0.08126720364099893,False,0.0013544533940166488,0.0013544533940166488,0.0001048076923076923,0.0012496457017089565,2811.1578,1.35,0.6456456456456456,0.5953177257525084,0.6488294314381271,0.6816816816816816,0.21395348837209302,0.25825825825825827,0.6906906906906907,0.3003003003003003,0.11411411411411411
2024-05-27,IFL,INSIGNIA FINANCIAL ORDINARY,-0.016666666666666666,2.259999990463257,2.240000009536743,0.008849549119871458,0.008849549119871458,False,0.00014749248533119097,0.00014749248533119097,0.0001048076923076923,4.2684793023498675e-05,1554.696,5.52,0.933933933933934,0.36789297658862874,0.4916387959866221,0.5825825825825826,,0.1831831831831832,0.26426426426426425,0.6156156156156156,0.4174174174174174
2024-05-27,IDX,INTEGRAL DIAGNOSTICS ORDINARY,-0.016666666666666666,2.3171803951263428,2.459629774093628,-0.06147530820944924,-0.06147530820944924,False,-0.0010245884701574873,-0.0010245884701574873,0.0001048076923076923,-0.0011293961624651795,450.171486,3.94,0.8888888888888888,0.745819397993311,0.21070234113712374,0.3333333333333333,,0.5255255255255256,0.09009009009009009,0.8438438438438438,0.4804804804804805
2024-05-27,HUM,HUMM GROUP LIMITED ORDINARY,-0.016666666666666666,0.4323968291282654,0.38125309348106384,0.11827962695820404,0.11827962695820404,False,0.0019713271159700675,0.0019713271159700675,0.0001048076923076923,0.0018665194236623752,245.022261,2.23,0.7417417417417418,0.27424749163879597,0.7157190635451505,0.21021021021021022,,0.003003003003003003,0.2912912912912913,0.984984984984985,0.7267267267267268
2024-05-27,IMU,IMUGENE LIMITED ORDINARY,-0.016666666666666666,2.4140000343322754,1.8700000047683716,0.2253521217179174,0.2253521217179174,False,0.0037558686952986232,0.0037558686952986232,0.0001048076923076923,0.003651061002990931,757.020449,5.37,0.9309309309309309,0.04013377926421405,0.6187290969899666,0.42042042042042044,,0.16516516516516516,0.05405405405405406,0.16816816816816818,0.7837837837837838
2024-05-27,EVN,EVOLUTION MINING LTD ORDINARY,-0.016666666666666666,3.7426297664642334,3.2569451332092285,0.1297709534635174,0.1297709534635174,False,0.002162849224391957,0.002162849224391957,0.0001048076923076923,0.0020580415320842647,7334.631738,0.68,0.46546546546546547,0.8896321070234113,0.8060200668896321,0.8558558558558559,0.7674418604651163,0.4954954954954955,0.45045045045045046,0.6456456456456456,0.8588588588588588
2024-05-27,ERA,ENERGY RESOURCES ORDINARY 'A',-0.016666666666666666,0.04899999871850014,0.035999998450279236,0.2653061348614424,0.2653061348614424,False,0.004421768914357373,0.004421768914357373,0.0001048076923076923,0.004316961222049681,819.309765,0.0,0.03303303303303303,0.8561872909698997,0.6220735785953178,0.43843843843843844,,0.0960960960960961,0.975975975975976,0.006006006006006006,0.924924924924925
2024-05-27,EGR,ECOGRAF LIMITED ORDINARY,-0.016666666666666666,0.15000000596046448,0.11500000208616257,0.2333333498901784,0.2333333498901784,False,0.0038888891648363065,0.0038888891648363065,0.0001048076923076923,0.0037840814725286142,63.2744,0.47,0.37987987987987987,0.19063545150501673,0.6789297658862876,0.05105105105105105,,0.09009009009009009,0.23123123123123124,0.08408408408408409,0.36486486486486486
2024-05-27,DYL,DEEP YELLOW LIMITED ORDINARY,-0.016666666666666666,1.6399999856948853,1.3300000429153442,0.18902435700216835,0.18902435700216835,False,0.003150405950036139,0.003150405950036139,0.0001048076923076923,0.0030455982577284467,823.14947,2.25,0.7492492492492493,0.8695652173913043,0.8093645484949833,0.4444444444444444,,0.32732732732732733,0.27627627627627627,0.12312312312312312,0.12912912912912913
2024-05-27,DUB,DUBBER CORP LTD ORDINARY,-0.016666666666666666,0.04699999839067459,0.04100000113248825,0.1276595205028096,0.1276595205028096,False,0.0021276586750468268,0.0021276586750468268,0.0001048076923076923,0.0020228509827391345,92.63513,0.68,0.46546546546546547,0.006688963210702341,0.802675585284281,0.08708708708708708,,0.11411411411411411,0.018018018018018018,0.6666666666666666,0.7987987987987988
2024-05-27,FWD,FLEETWOOD LTD ORDINARY,-0.016666666666666666,1.1715278625488281,1.3211755752563477,-0.12773722033545098,-0.12773722033545098,False,-0.0021289536722575164,-0.0021289536722575164,0.0001048076923076923,-0.0022337613645652087,169.713,0.33,0.3123123123123123,0.06354515050167224,0.8528428093645485,0.15915915915915915,0.5488372093023256,0.2552552552552553,0.42342342342342343,0.35735735735735735,0.8618618618618619
2024-05-27,AGY,ARGOSY MINERALS LTD ORDINARY,-0.016666666666666666,0.12999999523162842,0.09000000357627869,0.30769225478877493,0.30769225478877493,False,0.005128204246479582,0.005128204246479582,0.0001048076923076923,0.00502339655417189,203.37236,2.24,0.7447447447447447,0.38461538461538464,0.8160535117056856,0.1891891891891892,,0.35135135135135137,0.10510510510510511,0.07507507507507508,0.36486486486486486
2024-05-27,CXO,CORE LITHIUM ORDINARY,-0.016666666666666666,0.14000000059604645,0.09099999815225601,0.35000001596552976,0.35000001596552976,False,0.005833333599425496,0.005833333599425496,0.0001048076923076923,0.0057285259071178036,513.541666,7.43,0.9669669669669669,0.033444816053511704,0.8127090301003345,0.35435435435435436,,0.04504504504504504,0.03303303303303303,0.15315315315315314,0.975975975975976
2024-05-27,IPD,IMPEDIMED LIMITED ORDINARY,-0.016666666666666666,0.07900000363588333,0.07100000232458115,0.10126583472292938,0.10126583472292938,False,0.001687763912048823,0.001687763912048823,0.0001048076923076923,0.0015829562197411308,352.2775,0.95,0.5540540540540541,0.21070234113712374,0.9297658862876255,0.2732732732732733,,0.3063063063063063,0.1021021021021021,0.18018018018018017,0.15315315315315314
2024-05-27,4DX,4DMEDICAL LIMITED ORDINARY,-0.016666666666666666,0.6100000143051147,0.5450000166893005,0.10655737064180126,0.10655737064180126,False,0.0017759561773633544,0.0017759561773633544,0.0001048076923076923,0.0016711484850556622,265.6813,0.07,0.16816816816816818,0.1605351170568562,0.8729096989966555,0.21921921921921922,,0.21921921921921922,0.1111111111111111,0.43543543543543545,0.987987987987988
2024-05-27,NMT,NEOMETALS LTD ORDINARY,-0.016666666666666666,0.11500000208616257,0.08699999749660492,0.2434782963619334,0.2434782963619334,False,0.004057971606032223,0.004057971606032223,0.0001048076923076923,0.003953163913724531,117.529202,0.84,0.5225225225225225,0.09698996655518395,0.7625418060200669,0.11411411411411411,,0.4294294294294294,0.08408408408408409,0.11411411411411411,0.36486486486486486
2024-05-27,IXR,IONIC RARE EARTHS ORDINARY,-0.016666666666666666,0.38999998569488525,0.33000001311302185,0.1538460891862804,0.1538460891862804,False,0.0025641014864380067,0.0025641014864380067,0.0001048076923076923,0.0024592937941303144,102.382605,0.12,0.20270270270270271,0.0903010033444816,0.5217391304347826,0.1021021021021021,,0.10810810810810811,0.04504504504504504,0.15615615615615616,0.021021021021021023
2024-05-27,PEN,PENINSULA ENERGY LTD ORDINARY,-0.016666666666666666,2.200000047683716,2.0,0.09090911061310525,0.09090911061310525,False,0.0015151518435517542,0.0015151518435517542,0.0001048076923076923,0.001410344151244062,283.426438,1.27,0.6216216216216216,0.4414715719063545,0.8494983277591973,0.22522522522522523,,0.3483483483483483,0.15915915915915915,0.03303303303303303,0.036036036036036036
2024-05-27,PAR,PARADIGM BIO. ORDINARY,-0.016666666666666666,0.26499998569488525,0.28999999165534973,-0.0943396502264302,-0.0943396502264302,False,-0.0015723275037738368,-0.0015723275037738368,0.0001048076923076923,-0.001677135196081529,127.41075,1.05,0.5795795795795796,0.12040133779264214,0.903010033444816,0.13213213213213212,,0.021021021021021023,0.015015015015015015,0.10510510510510511,0.0075075075075075074
2024-05-27,OCC,ORTHOCELL LIMITED ORDINARY,-0.016666666666666666,0.36500000953674316,0.36500000953674316,-0.0,-0.0,False,-0.0,-0.0,0.0001048076923076923,-0.0001048076923076923,81.699616,0.02,0.0960960960960961,0.6722408026755853,0.3779264214046823,0.07507507507507508,,0.1921921921921922,0.012012012012012012,0.5525525525525525,0.12312312312312312
2024-05-27,MYS,MYSTATE LIMITED ORDINARY,-0.016666666666666666,3.2796525955200195,3.37876296043396,-0.030219775426618245,-0.030219775426618245,False,-0.0005036629237769707,-0.0005036629237769707,0.0001048076923076923,-0.000608470616084663,345.356699,0.27,0.2927927927927928,0.7491638795986622,0.16722408026755853,0.26426426426426425,0.20930232558139536,0.9369369369369369,0.5435435435435435,0.993993993993994,0.7747747747747747
2024-05-27,KGN,KOGAN.COM LTD ORDINARY,-0.016666666666666666,4.307681083679199,3.9999897480010986,0.0714285318947755,0.0714285318947755,False,0.0011904755315795916,0.0011904755315795916,0.0001048076923076923,0.0010856678392718994,541.869688,1.14,0.6021021021021021,0.03678929765886288,0.36454849498327757,0.37237237237237236,0.7069767441860465,0.9309309309309309,0.6336336336336337,0.3633633633633634,0.7897897897897898
2024-05-27,MIN,MINERAL RESOURCES. ORDINARY,-0.016666666666666666,75.0999984741211,54.939998626708984,0.2684420806527592,0.2684420806527592,False,0.004474034677545986,0.004474034677545986,0.0001048076923076923,0.004369226985238294,13600.85286,5.6,0.9369369369369369,0.7725752508361204,0.745819397993311,0.9159159159159159,0.30697674418604654,0.13213213213213212,0.8708708708708709,0.8468468468468469,0.5105105105105106
2024-05-27,LTR,LIONTOWN RESOURCES ORDINARY,-0.016666666666666666,1.3600000143051147,0.8899999856948853,0.3455882526959926,0.3455882526959926,False,0.005759804211599876,0.005759804211599876,0.0001048076923076923,0.005654996519292184,3655.81095,9.99,0.990990990990991,0.5719063545150501,0.8795986622073578,0.7387387387387387,,0.14714714714714713,0.24324324324324326,0.5765765765765766,0.36486486486486486
2024-05-27,LIC,LIFESTYLE COMMUNIT. ORDINARY,-0.016666666666666666,12.646905899047852,12.408472061157227,0.018853136078807675,0.018853136078807675,False,0.0003142189346467946,0.0003142189346467946,0.0001048076923076923,0.0002094112423391023,1924.11575,7.05,0.9579579579579579,0.13712374581939799,0.5752508361204013,0.6216216216216216,0.19069767441860466,0.22522522522522523,0.9309309309309309,0.7987987987987988,0.10810810810810811
2024-05-27,PLS,PILBARA MIN LTD ORDINARY,-0.016666666666666666,3.9000000953674316,3.0799999237060547,0.2102564491307075,0.2102564491307075,False,0.0035042741521784586,0.0035042741521784586,0.0001048076923076923,0.0033994664598707663,11879.894808,21.38,1.0,0.21739130434782608,0.7391304347826086,0.9009009009009009,0.6465116279069767,0.2012012012012012,0.7117117117117117,0.4024024024024024,0.03303303303303303
2024-05-27,MVP,MEDICAL DEVELOPMENTS ORDINARY,-0.016666666666666666,0.39500001072883606,0.39500001072883606,-0.0,-0.0,False,-0.0,-0.0,0.0001048076923076923,-0.0001048076923076923,66.476646,0.2,0.25075075075075076,0.016722408026755852,0.705685618729097,0.057057057057057055,,0.12012012012012012,0.13513513513513514,0.2132132132132132,0.14714714714714713
2024-05-27,PPK,PPK GROUP LIMITED ORDINARY,-0.016666666666666666,0.36000001430511475,0.4350000023841858,-0.20833329194122063,-0.16,True,-0.0034722215323536774,-0.0026666666666666666,0.0001881410256410256,-0.002854807692307692,81.02549,0.17,0.23573573573573572,0.030100334448160536,0.9632107023411371,0.07207207207207207,,0.0990990990990991,0.15315315315315314,0.3813813813813814,0.984984984984985
2024-05-27,SRL,SUNRISE ORDINARY,-0.016666666666666666,0.574999988079071,0.39500001072883606,0.3130434453600064,0.3130434453600064,False,0.005217390756000107,0.005217390756000107,0.0001048076923076923,0.005112583063692415,41.053511,1.47,0.6651651651651652,0.9698996655518395,0.8394648829431438,0.036036036036036036,,0.14114114114114115,0.07207207207207207,0.1921921921921922,0.13513513513513514
2024-05-27,SGR,THE STAR ENT GRP ORDINARY,-0.016666666666666666,0.47999998927116394,0.4950000047683716,-0.031250032984341924,-0.031250032984341924,False,-0.0005208338830723654,-0.0005208338830723654,0.0001048076923076923,-0.0006256415753800577,1171.625,3.93,0.8858858858858859,0.3110367892976589,0.9498327759197325,0.5255255255255256,0.8930232558139535,0.6156156156156156,0.35735735735735735,0.34534534534534533,0.4444444444444444
2024-05-27,LKE,LAKE RESOURCES ORDINARY,-0.016666666666666666,0.06199999898672104,0.03999999910593033,0.3548387135538922,0.3548387135538922,False,0.005913978559231536,0.005913978559231536,0.0001048076923076923,0.005809170866923844,184.9224,2.27,0.7552552552552553,0.020066889632107024,0.7993311036789298,0.17117117117117117,,0.02702702702702703,0.0990990990990991,0.17117117117117117,0.042042042042042045
2024-05-27,SLC,SUPERLOOP LIMITED ORDINARY,-0.016666666666666666,1.434999942779541,1.5549999475479126,-0.08362370003718333,-0.08362370003718333,False,-0.0013937283339530556,-0.0013937283339530556,0.0001048076923076923,-0.0014985360262607479,318.625575,0.02,0.0960960960960961,0.9297658862876255,0.5719063545150501,0.24624624624624625,,0.7717717717717718,0.2072072072072072,0.3963963963963964,0.7087087087087087
2024-05-27,SHV,SELECT HARVESTS ORDINARY,-0.016666666666666666,3.2200000286102295,3.7100000381469727,-0.1521739146531096,-0.16,True,-0.0025362319108851597,-0.0026666666666666666,0.0001881410256410256,-0.002854807692307692,529.522,5.09,0.9219219219219219,0.0802675585284281,0.5016722408026756,0.3633633633633634,,0.16816816816816818,0.32432432432432434,0.8318318318318318,0.03903903903903904
2024-05-27,PPS,PRAEMIUM LIMITED ORDINARY,-0.016666666666666666,0.3931051790714264,0.4679824113845825,-0.19047633127100339,-0.16,True,-0.00317460552118339,-0.0026666666666666666,0.0001881410256410256,-0.002854807692307692,195.151758,0.52,0.3993993993993994,0.5785953177257525,0.4180602006688963,0.18618618618618618,0.6186046511627907,0.5975975975975976,0.5405405405405406,0.15015015015015015,0.30930930930930933
2024-05-27,KCN,KINGSGATE CONSOLID. ORDINARY,-0.016666666666666666,1.760751485824585,1.554183006286621,0.11731836162059228,0.11731836162059228,False,0.0019553060270098713,0.0019553060270098713,0.0001048076923076923,0.001850498334702179,355.56804,0.6,0.4294294294294294,0.9364548494983278,0.919732441471572,0.27627627627627627,,0.29429429429429427,0.042042042042042045,0.8708708708708709,0.960960960960961
2024-05-27,WHC,WHITEHAVEN COAL ORDINARY,-0.016666666666666666,7.438027381896973,7.732884883880615,-0.039641895202117805,-0.039641895202117805,False,-0.00066069825336863,-0.00066069825336863,0.0001048076923076923,-0.0007655059456763223,6432.428297,0.63,0.44594594594594594,0.7658862876254181,0.48494983277591974,0.8318318318318318,0.2930232558139535,0.15015015015015015,0.6156156156156156,0.19519519519519518,0.10510510510510511
2024-05-27,WBT,WEEBIT NANO LTD ORDINARY,-0.016666666666666666,2.2799999713897705,2.3499999046325684,-0.0307017254917461,-0.0307017254917461,False,-0.000511695424862435,-0.000511695424862435,0.0001048076923076923,-0.0006165031171701273,803.078388,8.06,0.96996996996997,0.023411371237458192,0.7324414715719063,0.43243243243243246,,0.3153153153153153,0.05105105105105105,0.07207207207207207,0.36486486486486486
2024-05-27,VUL,VULCAN ENERGY ORDINARY,-0.016666666666666666,4.820000171661377,3.7200000286102295,0.22821578918574914,0.22821578918574914,False,0.0038035964864291524,0.0038035964864291524,0.0001048076923076923,0.00369878879412146,289.159989,6.12,0.9429429429429429,0.9866220735785953,0.8929765886287625,0.23423423423423423,,0.05405405405405406,0.22822822822822822,0.14114114114114115,0.1021021021021021
2024-05-27,JMS,JUPITER MINES. ORDINARY,-0.016666666666666666,0.2805001437664032,0.26714298129081726,0.047619093153512315,0.047619093153512315,False,0.0007936515525585386,0.0007936515525585386,0.0001048076923076923,0.0006888438602508462,323.23352,0.05,0.14864864864864866,0.979933110367893,0.9832775919732442,0.24924924924924924,0.23255813953488372,0.4114114114114114,0.46546546546546547,0.04504504504504504,0.36486486486486486
2024-05-27,TOE,TORO ENERGY LIMITED ORDINARY,-0.016666666666666666,0.38999998569488525,0.3199999928474426,0.17948716773083884,0.17948716773083884,False,0.0029914527955139806,0.0029914527955139806,0.0001048076923076923,0.0028866451032062883,43.288082,0.11,0.19519519519519518,0.5919732441471572,0.4682274247491639,0.03903903903903904,,0.21021021021021022,0.09309309309309309,0.01951951951951952,0.36486486486486486
2024-05-27,TLG,TALGA GROUP LTD ORDINARY,-0.016666666666666666,0.7200000286102295,0.5950000286102295,0.17361110421242565,0.17361110421242565,False,0.0028935184035404275,0.0028935184035404275,0.0001048076923076923,0.0027887107112327353,288.774872,2.25,0.7492492492492493,0.20066889632107024,0.9732441471571907,0.22822822822822822,,0.15915915915915915,0.06006006006006006,0.2072072072072072,0.06006006006006006
2024-05-27,SVL,SILVER MINES LIMITED ORDINARY,-0.016666666666666666,0.19499999284744263,0.1550000011920929,0.20512816985918325,0.20512816985918325,False,0.0034188028309863876,0.0034188028309863876,0.0001048076923076923,0.0033139951386786954,225.037281,0.41,0.34684684684684686,0.903010033444816,0.9464882943143813,0.2012012012012012,,0.33633633633633636,0.3303303303303303,0.01951951951951952,0.993993993993994
2024-05-27,SPL,STARPHARMA HOLDINGS ORDINARY,-0.016666666666666666,0.11500000208616257,0.09200000017881393,0.20000001295753123,0.20000001295753123,False,0.003333333549292187,0.003333333549292187,0.0001048076923076923,0.003228525856984495,69.847011,0.43,0.3588588588588589,0.22073578595317725,0.40468227424749165,0.06306306306306306,,0.7387387387387387,0.25225225225225223,0.32732732732732733,0.990990990990991
2024-05-27,SLX,SILEX SYSTEMS ORDINARY,-0.016666666666666666,5.989999771118164,5.070000171661377,0.15358925452597294,0.15358925452597294,False,0.0025598209087662155,0.0025598209087662155,0.0001048076923076923,0.0024550132164585232,1026.365099,3.68,0.8708708708708709,0.8729096989966555,0.9565217391304348,0.4864864864864865,,0.45345345345345345,0.1891891891891892,0.08108108108108109,0.12612612612612611
2024-05-27,TTT,TITOMIC LIMITED ORDINARY,-0.016666666666666666,0.09000000357627869,0.08299999684095383,0.0777778495241066,0.0777778495241066,False,0.0012962974920684434,0.0012962974920684434,0.0001048076923076923,0.0011914897997607511,4599.127317,0.01,0.07507507507507508,0.9966555183946488,0.9866220735785953,0.7807807807807807,,0.42042042042042044,0.003003003003003003,0.9279279279279279,0.9369369369369369
2024-06-24,BOT,BOTANIX PHARMA LTD ORDINARY,-0.01639344262295082,0.375,0.375,-0.0,-0.0,False,-0.0,-0.0,0.00010308953341740226,-0.00010308953341740226,273.35813,0.02,0.09402985074626866,1.0,0.9801324503311258,0.23283582089552238,,0.191044776119403,0.15223880597014924,0.022388059701492536,0.11044776119402985
2024-06-24,BGL,BELLEVUE GOLD LTD ORDINARY,-0.01639344262295082,1.7300000190734863,1.399999976158142,0.19075146779020158,0.19075146779020158,False,0.0031270732424623212,0.0031270732424623212,0.00010308953341740226,0.003023983709044919,1927.533026,6.58,0.9611940298507463,0.4205298013245033,0.6920529801324503,0.6298507462686567,0.986046511627907,0.21492537313432836,0.36716417910447763,0.6597014925373135,0.3656716417910448
2024-06-24,BBN,BABY BUNTING GRP LTD ORDINARY,-0.01639344262295082,1.2350000143051147,1.375,-0.11336031099048816,-0.11336031099048816,False,-0.001858365753942429,-0.001858365753942429,0.00010308953341740226,-0.001961455287359831,269.812978,1.91,0.6955223880597015,0.04966887417218543,0.6357615894039735,0.2298507462686567,0.8325581395348837,0.9104477611940298,0.4597014925373134,0.8985074626865671,0.20298507462686566
2024-06-24,BAP,BAPCOR LIMITED ORDINARY,-0.01639344262295082,4.884302616119385,4.884302616119385,-0.0,-0.0,False,-0.0,-0.0,0.00010308953341740226,-0.00010308953341740226,1880.34525,5.12,0.9223880597014925,0.1986754966887417,0.7615894039735099,0.6179104477611941,0.5023255813953489,0.4626865671641791,0.5761194029850746,0.7373134328358208,0.31343283582089554
2024-06-24,ASX,ASX LIMITED ORDINARY,-0.01639344262295082,54.15658950805664,60.340850830078125,-0.11419222255680417,-0.11419222255680417,False,-0.0018720036484721997,-0.0018720036484721997,0.00010308953341740226,-0.001975093181889602,12207.1548,1.97,0.7014925373134329,0.32781456953642385,0.7119205298013245,0.9074626865671642,0.6325581395348837,0.14029850746268657,0.6835820895522388,0.9462686567164179,0.5074626865671642
2024-06-24,ASM,AUSSTRATMATERIALS ORDINARY,-0.01639344262295082,0.7749999761581421,0.6449999809265137,0.16774193449149388,0.16774193449149388,False,0.0027498677785490803,0.0027498677785490803,0.00010308953341740226,0.0026467782451316778,218.3892,2.03,0.7074626865671642,0.04304635761589404,0.8940397350993378,0.20597014925373133,,0.21194029850746268,0.23880597014925373,0.3253731343283582,0.6328358208955224
2024-06-24,ALC,ALCIDION GROUP LTD ORDINARY,-0.01639344262295082,0.04800000041723251,0.07800000160932541,-0.6250000194025536,-0.16,True,-0.010245901957418911,-0.002622950819672131,0.00018505674653215636,-0.0028080075662042874,96.777268,0.02,0.09402985074626866,0.47019867549668876,0.8774834437086093,0.0955223880597015,,0.1253731343283582,0.2208955223880597,0.18208955223880596,0.1701492537313433
2024-06-24,AQZ,ALLIANCE AVIATION ORDINARY,-0.01639344262295082,3.0118749141693115,3.0266876220703125,-0.004918101954139775,-0.004918101954139775,False,-8.062462219901271e-05,-8.062462219901271e-05,0.00010308953341740226,-0.00018371415561641496,517.565724,0.0,0.03283582089552239,0.7748344370860927,0.4867549668874172,0.3701492537313433,0.20465116279069767,0.22388059701492538,0.7164179104477612,0.7820895522388059,0.6985074626865672
2024-06-24,AGY,ARGOSY MINERALS LTD ORDINARY,-0.01639344262295082,0.07999999821186066,0.04399999976158142,0.4499999906867741,0.4499999906867741,False,0.007377049027652034,0.007377049027652034,0.00010308953341740226,0.007273959494234632,203.37236,2.11,0.7149253731343284,0.052980132450331126,0.8013245033112583,0.19701492537313434,,0.3582089552238806,0.10149253731343283,0.08358208955223881,0.3656716417910448
2024-06-24,ABB,AUSSIE BROADBAND ORDINARY,-0.01639344262295082,3.363434076309204,2.9854109287261963,0.11239201928935194,0.11239201928935194,False,0.001842492119497573,0.001842492119497573,0.00010308953341740226,0.0017394025860801706,975.590471,2.12,0.7194029850746269,0.5529801324503312,0.48013245033112584,0.48656716417910445,0.8186046511627907,0.6746268656716418,0.42388059701492536,0.42388059701492536,0.6835820895522388
2024-06-24,4DX,4DMEDICAL LIMITED ORDINARY,-0.01639344262295082,0.5899999737739563,0.5149999856948853,0.1271186295133725,0.1271186295133725,False,0.002083911959235615,0.002083911959235615,0.00010308953341740226,0.0019808224258182124,265.6813,0.05,0.14776119402985075,0.40397350993377484,0.9768211920529801,0.22686567164179106,,0.22686567164179106,0.11044776119402985,0.4388059701492537,0.9880597014925373
2024-06-24,BRN,BRAINCHIP LTD ORDINARY,-0.01639344262295082,0.20000000298023224,0.20499999821186066,-0.024999975785613415,-0.024999975785613415,False,-0.0004098356686166134,-0.0004098356686166134,0.00010308953341740226,-0.0005129252020340156,208.052823,3.82,0.8746268656716418,0.0695364238410596,0.3973509933774834,0.20298507462686566,,0.27761194029850744,0.023880597014925373,0.33432835820895523,0.5253731343283582
2024-06-24,ARU,ARAFURA RARE EARTHS ORDINARY,-0.01639344262295082,0.17499999701976776,0.17499999701976776,-0.0,-0.0,False,-0.0,-0.0,0.00010308953341740226,-0.00010308953341740226,355.896159,6.72,0.9641791044776119,0.2913907284768212,0.9105960264900662,0.29253731343283584,,0.05970149253731343,0.04477611940298507,0.23283582089552238,0.3656716417910448
2024-06-24,CCX,CITY CHIC COLLECTIVE ORDINARY,-0.01639344262295082,0.11999999731779099,0.11500000208616257,0.0416666278615585,0.0416666278615585,False,0.0006830594731403034,0.0006830594731403034,0.00010308953341740226,0.0005799699397229011,123.741308,0.66,0.4597014925373134,0.013245033112582781,0.9900662251655629,0.13134328358208955,,0.11343283582089553,0.07164179104477612,0.7522388059701492,0.11343283582089553
2024-06-24,GRR,GRANGE RESOURCES. ORDINARY,-0.01639344262295082,0.33306121826171875,0.31346938014030457,0.058823534675294886,0.058823534675294886,False,0.0009643202405786047,0.0009643202405786047,0.00010308953341740226,0.0008612307071612025,538.162635,0.57,0.43134328358208956,0.15562913907284767,0.8675496688741722,0.37910447761194027,0.05581395348837209,0.9134328358208955,0.7373134328358208,0.07164179104477612,0.844776119402985
2024-06-24,CIA,CHAMPION IRON LTD ORDINARY,-0.01639344262295082,5.893197059631348,5.780587673187256,0.019108369413857074,0.019108369413857074,False,0.00031325195760421436,0.00031325195760421436,0.00010308953341740226,0.0002101624241868121,3380.425553,3.66,0.8686567164179104,0.3079470198675497,0.37748344370860926,0.7283582089552239,0.8930232558139535,0.48656716417910445,0.408955223880597,0.6,0.08656716417910448
2024-06-24,GPR,GEOPACIFIC RESOURCES ORDINARY,-0.01639344262295082,0.020999999716877937,0.020999999716877937,-0.0,-0.0,False,-0.0,-0.0,0.00010308953341740226,-0.00010308953341740226,16.737366,0.0,0.03283582089552239,0.8642384105960265,0.7582781456953642,0.014925373134328358,,0.42686567164179107,0.3522388059701492,0.2626865671641791,0.3656716417910448
2024-06-24,FWD,FLEETWOOD LTD ORDINARY,-0.01639344262295082,1.2399382591247559,1.4408936500549316,-0.16206886871288706,-0.16,True,-0.0026568667002112635,-0.002622950819672131,0.00018505674653215636,-0.0028080075662042874,169.713,0.29,0.2835820895522388,0.5562913907284768,0.8112582781456954,0.16417910447761194,0.5441860465116279,0.2626865671641791,0.4298507462686567,0.3611940298507463,0.8686567164179104
2024-06-24,EVN,EVOLUTION MINING LTD ORDINARY,-0.01639344262295082,3.3712239265441895,3.733106851577759,-0.10734467152543381,-0.10734467152543381,False,-0.0017597487135317018,-0.0017597487135317018,0.00010308953341740226,-0.001862838246949104,7334.631738,0.61,0.4462686567164179,0.609271523178808,0.7814569536423841,0.8537313432835821,0.7627906976744186,0.5014925373134328,0.45671641791044776,0.6477611940298508,0.8656716417910447
2024-06-24,CHN,CHALICE MINING LTD ORDINARY,-0.01639344262295082,1.315000057220459,1.0700000524520874,0.18631178259127446,0.18631178259127446,False,0.003054291517889745,0.003054291517889745,0.00010308953341740226,0.0029512019844723427,644.3323,9.2,0.9791044776119403,0.9271523178807947,0.9602649006622517,0.41492537313432837,,0.23582089552238805,0.11641791044776119,0.1253731343283582,0.014925373134328358
2024-06-24,EGR,ECOGRAF LIMITED ORDINARY,-0.01639344262295082,0.11500000208616257,0.10499999672174454,0.08695656680880426,0.08695656680880426,False,0.0014255174886689224,0.0014255174886689224,0.00010308953341740226,0.0013224279552515202,63.2744,0.47,0.3805970149253731,0.06622516556291391,0.7947019867549668,0.04776119402985075,,0.08955223880597014,0.23283582089552238,0.09253731343283582,0.3656716417910448
2024-06-24,EDE,EDEN INV LTD ORDINARY,-0.01639344262295082,0.03999999910593033,0.03999999910593033,-0.0,-0.0,False,-0.0,-0.0,0.00010308953341740226,-0.00010308953341740226,146.680537,0.0,0.03283582089552239,0.6506622516556292,0.9966887417218543,0.1582089552238806,,0.3164179104477612,0.03582089552238806,0.8776119402985074,0.056716417910447764
2024-06-24,ERA,ENERGY RESOURCES ORDINARY 'A',-0.01639344262295082,0.03200000151991844,0.03500000014901161,-0.09374995270627773,-0.09374995270627773,False,-0.001536884470594717,-0.001536884470594717,0.00010308953341740226,-0.0016399740040121192,819.309765,0.0,0.03283582089552239,0.039735099337748346,0.8278145695364238,0.4507462686567164,,0.09850746268656717,0.9761194029850746,0.005970149253731343,0.9313432835820895
2024-06-24,CXO,CORE LITHIUM ORDINARY,-0.01639344262295082,0.07900000363588333,0.09399999678134918,-0.1898733222165645,-0.16,True,-0.0031126774133863034,-0.002622950819672131,0.00018505674653215636,-0.0028080075662042874,513.541666,5.08,0.9194029850746268,0.029801324503311258,0.7715231788079471,0.36716417910447763,,0.04477611940298507,0.029850746268656716,0.16119402985074627,0.9761194029850746
2024-06-24,CXL,CALIX LIMITED ORDINARY,-0.01639344262295082,1.2799999713897705,1.024999976158142,0.19921875072759576,0.19921875072759576,False,0.0032658811594687832,0.0032658811594687832,0.00010308953341740226,0.0031627916260513807,618.338794,3.97,0.8865671641791045,0.32450331125827814,0.956953642384106,0.408955223880597,,0.2507462686567164,0.14029850746268657,0.19402985074626866,0.8626865671641791
2024-06-24,CUV,CLINUVEL PHARMACEUT. ORDINARY,-0.01639344262295082,15.106886863708496,14.620848655700684,0.032173287083749114,0.032173287083749114,False,0.0005274309357991659,0.0005274309357991659,0.00010308953341740226,0.0004243414023817636,802.03632,5.75,0.9462686567164179,0.7913907284768212,0.4503311258278146,0.4417910447761194,0.7488372093023256,0.7074626865671642,0.6686567164179105,0.10746268656716418,0.08955223880597014
2024-06-24,CTM,CENTAURUS METALS LTD ORDINARY,-0.01639344262295082,0.46000000834465027,0.36500000953674316,0.20652173279251185,0.20652173279251185,False,0.0033856021769264237,0.0033856021769264237,0.00010308953341740226,0.0032825126435090217,252.06853,0.26,0.27313432835820894,0.9867549668874173,0.9337748344370861,0.2208955223880597,,0.43582089552238806,0.0626865671641791,0.11641791044776119,0.3656716417910448
2024-06-24,CLV,CLOVER CORPORATION ORDINARY,-0.01639344262295082,0.4458349943161011,0.46006375551223755,-0.031914859482852,-0.031914859482852,False,-0.0005231944177516722,-0.0005231944177516722,0.00010308953341740226,-0.0006262839511690744,135.26919,0.02,0.09402985074626866,0.5463576158940397,0.27483443708609273,0.15223880597014924,,0.28955223880597014,0.30149253731343284,0.4746268656716418,0.13432835820895522
2024-06-24,HGO,HILLGROVE RES LTD ORDINARY,-0.01639344262295082,0.06499999761581421,0.06199999898672104,0.046153826755884086,0.046153826755884086,False,0.0007566201107521982,0.0007566201107521982,0.00010308953341740226,0.0006535305773347959,179.725274,0.09,0.1880597014925373,0.9337748344370861,0.9933774834437086,0.1761194029850746,,0.0955223880597015,0.08358208955223881,0.5552238805970149,0.3656716417910448
2024-06-24,WHC,WHITEHAVEN COAL ORDINARY,-0.01639344262295082,7.314377307891846,7.257308006286621,0.007802345873468952,0.007802345873468952,False,0.00012790730940113036,0.00012790730940113036,0.00010308953341740226,2.4817775983728096e-05,6432.428297,1.34,0.6208955223880597,0.847682119205298,0.6887417218543046,0.8298507462686567,0.2930232558139535,0.15223880597014924,0.6179104477611941,0.20298507462686566,0.1044776119402985
2024-06-24,DUB,DUBBER CORP LTD ORDINARY,-0.01639344262295082,0.03799999877810478,0.042500000447034836,-0.11842110035863773,-0.11842110035863773,False,-0.0019413295140760286,-0.0019413295140760286,0.00010308953341740226,-0.0020444190474934306,92.63513,0.69,0.4746268656716418,0.006622516556291391,0.8642384105960265,0.08955223880597014,,0.11641791044776119,0.014925373134328358,0.6716417910447762,0.8059701492537313
2024-06-24,PEN,PENINSULA ENERGY LTD ORDINARY,-0.01639344262295082,2.0,2.200000047683716,-0.10000002384185791,-0.10000002384185791,False,-0.0016393446531452118,-0.0016393446531452118,0.00010308953341740226,-0.001742434186562614,283.426438,0.49,0.3940298507462687,0.24172185430463577,0.6125827814569537,0.23582089552238805,,0.35522388059701493,0.16119402985074627,0.03880597014925373,0.03582089552238806
2024-06-24,NMT,NEOMETALS LTD ORDINARY,-0.01639344262295082,0.08900000154972076,0.07100000232458115,0.2022471787832918,0.2022471787832918,False,0.0033155275210375707,0.0033155275210375707,0.00010308953341740226,0.0032124379876201682,117.529202,0.79,0.4955223880597015,0.08940397350993377,0.6622516556291391,0.11641791044776119,,0.43283582089552236,0.07761194029850746,0.12238805970149254,0.3656716417910448
2024-06-24,MVP,MEDICAL DEVELOPMENTS ORDINARY,-0.01639344262295082,0.4000000059604645,0.47242501378059387,-0.1810625168522817,-0.16,True,-0.002968237981184946,-0.002622950819672131,0.00018505674653215636,-0.0028080075662042874,66.476646,0.14,0.21791044776119403,0.076158940397351,0.30132450331125826,0.05373134328358209,,0.12238805970149254,0.13432835820895522,0.21791044776119403,0.14925373134328357
2024-06-24,MME,MONEYME LIMITED ORDINARY,-0.01639344262295082,0.06300000101327896,0.07500000298023224,-0.19047621863409092,-0.16,True,-0.0031225609612146052,-0.002622950819672131,0.00018505674653215636,-0.0028080075662042874,65.991513,0.0,0.03283582089552239,0.23509933774834438,0.9834437086092715,0.050746268656716415,0.09302325581395349,0.982089552238806,0.5283582089552239,0.9791044776119403,0.18507462686567164
2024-06-24,MIN,MINERAL RESOURCES. ORDINARY,-0.01639344262295082,54.7599983215332,54.0,0.013878713382544983,0.013878713382544983,False,0.00022751989151713087,0.00022751989151713087,0.00010308953341740226,0.0001244303580997286,13600.85286,5.52,0.9343283582089552,0.152317880794702,0.4900662251655629,0.9164179104477612,0.30697674418604654,0.13432835820895522,0.8716417910447761,0.8507462686567164,0.5164179104477612
2024-06-24,LTR,LIONTOWN RESOURCES ORDINARY,-0.01639344262295082,0.9100000262260437,0.949999988079071,-0.04395600076948947,-0.04395600076948947,False,-0.0007205901765490077,-0.0007205901765490077,0.00010308953341740226,-0.00082367970996641,3655.81095,11.16,0.9940298507462687,0.16556291390728478,0.6986754966887417,0.7432835820895523,,0.14925373134328357,0.24477611940298508,0.5791044776119403,0.3656716417910448
2024-06-24,LIC,LIFESTYLE COMMUNIT. ORDINARY,-0.01639344262295082,11.961409568786621,9.328707695007324,0.22009963446526826,0.22009963446526826,False,0.003608190728938824,0.003608190728938824,0.00010308953341740226,0.003505101195521422,1924.11575,5.61,0.9402985074626866,0.1490066225165563,0.2052980132450331,0.6268656716417911,0.19069767441860466,0.23283582089552238,0.9313432835820895,0.8029850746268656,0.10746268656716418
2024-06-24,JMS,JUPITER MINES. ORDINARY,-0.01639344262295082,0.2849524915218353,0.23597626388072968,0.1718750637326949,0.1718750637326949,False,0.002817623995617949,0.002817623995617949,0.00010308953341740226,0.002714534462200547,323.23352,0.07,0.16865671641791044,0.9768211920529801,0.9172185430463576,0.2626865671641791,0.22790697674418606,0.41492537313432837,0.4716417910447761,0.050746268656716415,0.3656716417910448
2024-06-24,KCN,KINGSGATE CONSOLID. ORDINARY,-0.01639344262295082,1.554183006286621,1.49024498462677,0.04113931332489407,0.04113931332489407,False,0.0006744149725392471,0.0006744149725392471,0.00010308953341740226,0.0005713254391218448,355.56804,0.68,0.4701492537313433,0.956953642384106,0.8410596026490066,0.28955223880597014,,0.30149253731343284,0.03880597014925373,0.8716417910447761,0.9611940298507463
2024-06-24,IXR,IONIC RARE EARTHS ORDINARY,-0.01639344262295082,0.27000001072883606,0.27000001072883606,-0.0,-0.0,False,-0.0,-0.0,0.00010308953341740226,-0.00010308953341740226,102.382605,0.1,0.19402985074626866,0.026490066225165563,0.9271523178807947,0.1044776119402985,,0.11044776119402985,0.041791044776119404,0.16417910447761194,0.020895522388059702
2024-06-24,IMU,IMUGENE LIMITED ORDINARY,-0.01639344262295082,1.8700000047683716,1.8359999656677246,0.018181839044892678,0.018181839044892678,False,0.00029806293516217505,0.00029806293516217505,0.00010308953341740226,0.0001949734017447728,757.020449,4.81,0.9074626865671642,0.033112582781456956,0.3576158940397351,0.43283582089552236,,0.16716417910447762,0.050746268656716415,0.1761194029850746,0.7910447761194029
2024-06-24,ILU,ILUKA RESOURCES ORDINARY,-0.01639344262295082,6.220137119293213,5.858842849731445,0.058084614958266556,0.058084614958266556,False,0.0009522068025945337,0.0009522068025945337,0.00010308953341740226,0.0008491172691771315,2811.1578,1.83,0.6865671641791045,0.3443708609271523,0.5894039735099338,0.6865671641791045,0.21395348837209302,0.2656716417910448,0.6895522388059702,0.3044776119402985,0.11641791044776119
2024-06-24,OCC,ORTHOCELL LIMITED ORDINARY,-0.01639344262295082,0.3700000047683716,0.38499999046325684,-0.04054050135560283,-0.04054050135560283,False,-0.000664598382878735,-0.000664598382878735,0.00010308953341740226,-0.0007676879162961372,81.699616,0.05,0.14776119402985075,0.39072847682119205,0.17880794701986755,0.07164179104477612,,0.2,0.008955223880597015,0.5522388059701493,0.1253731343283582
2024-06-24,KGN,KOGAN.COM LTD ORDINARY,-0.01639344262295082,3.9626944065093994,4.0186381340026855,-0.014117598218370997,-0.014117598218370997,False,-0.00023143603636673768,-0.00023143603636673768,0.00010308953341740226,-0.0003345255697841399,541.869688,0.85,0.5074626865671642,0.03642384105960265,0.45695364238410596,0.3850746268656716,0.7023255813953488,0.9313432835820895,0.6358208955223881,0.36716417910447763,0.7970149253731343
2024-06-24,PAR,PARADIGM BIO. ORDINARY,-0.01639344262295082,0.24500000476837158,0.2549999952316284,-0.04081628681073313,-0.04081628681073313,False,-0.0006691194559136579,-0.0006691194559136579,0.00010308953341740226,-0.0007722089893310601,127.41075,1.09,0.5850746268656717,0.09602649006622517,0.5993377483443708,0.1373134328358209,,0.020895522388059702,0.011940298507462687,0.11343283582089553,0.007462686567164179
2024-06-24,IDX,INTEGRAL DIAGNOSTICS ORDINARY,-0.01639344262295082,2.478623151779175,2.345670461654663,0.05363973544307343,0.05363973544307343,False,0.0008793399252962858,0.0008793399252962858,0.00010308953341740226,0.0007762503918788835,450.171486,3.63,0.8656716417910447,0.9072847682119205,0.5099337748344371,0.34626865671641793,,0.5313432835820896,0.08656716417910448,0.8477611940298507,0.48656716417910445
2024-06-24,PLS,PILBARA MIN LTD ORDINARY,-0.01639344262295082,3.109999895095825,2.9200000762939453,0.0610931913861128,0.0610931913861128,False,0.0010015277276411935,0.0010015277276411935,0.00010308953341740226,0.0008984381942237912,11879.894808,21.22,1.0,0.2251655629139073,0.7748344370860927,0.9014925373134328,0.641860465116279,0.208955223880597,0.7134328358208956,0.4059701492537313,0.03283582089552239
2024-06-24,WGX,WESTGOLD RESOURCES. ORDINARY,-0.01639344262295082,2.527022123336792,2.5097599029541016,0.0068310523375618715,0.0068310523375618715,False,0.00011198446455019462,0.00011198446455019462,0.00010308953341740226,8.894931132792357e-06,1032.497551,9.23,0.982089552238806,0.5827814569536424,0.8841059602649006,0.5044776119402985,0.2558139534883721,0.8328358208955224,0.7104477611940299,0.2656716417910448,0.6238805970149254
2024-06-24,WBT,WEEBIT NANO LTD ORDINARY,-0.01639344262295082,2.2799999713897705,2.299999952316284,-0.008771921569070251,-0.008771921569070251,False,-0.0001438019929355779,-0.0001438019929355779,0.00010308953341740226,-0.00024689152635298014,803.078388,7.82,0.9731343283582089,0.08278145695364239,0.6490066225165563,0.44477611940298506,,0.32238805970149254,0.04776119402985075,0.08059701492537313,0.3656716417910448
2024-06-24,VUL,VULCAN ENERGY ORDINARY,-0.01639344262295082,3.799999952316284,4.25,-0.11842106666591379,-0.11842106666591379,False,-0.0019413289617362917,-0.0019413289617362917,0.00010308953341740226,-0.002044418495153694,289.159989,5.56,0.9373134328358209,0.9635761589403974,0.9205298013245033,0.24477611940298508,,0.05373134328358209,0.2298507462686567,0.14925373134328357,0.10149253731343283
2024-06-24,IFL,INSIGNIA FINANCIAL ORDINARY,-0.01639344262295082,2.190000057220459,2.690000057220459,-0.228310496317794,-0.16,True,-0.0037427950216031803,-0.002622950819672131,0.00018505674653215636,-0.0028080075662042874,1554.696,5.63,0.9432835820895522,0.31788079470198677,0.2913907284768212,0.591044776119403,,0.1880597014925373,0.2656716417910448,0.6179104477611941,0.42388059701492536
2024-06-24,TLG,TALGA GROUP LTD ORDINARY,-0.01639344262295082,0.6499999761581421,0.42500001192092896,0.3461538038310199,0.3461538038310199,False,0.005674652521819998,0.005674652521819998,0.00010308953341740226,0.005571562988402596,288.774872,3.4,0.835820895522388,0.3741721854304636,0.9470198675496688,0.23880597014925373,,0.16119402985074627,0.056716417910447764,0.21194029850746268,0.05970149253731343
2024-06-24,STX,STRIKE ENERGY LTD ORDINARY,-0.01639344262295082,0.23000000417232513,0.20000000298023224,0.13043478542555031,0.13043478542555031,False,0.002138275170910661,0.002138275170910661,0.00010308953341740226,0.002035185637493259,1283.004877,7.78,0.9701492537313433,0.3509933774834437,0.9370860927152318,0.5462686567164179,0.8744186046511628,0.2537313432835821,0.44477611940298506,0.2716417910447761,0.3656716417910448
2024-06-24,TOE,TORO ENERGY LIMITED ORDINARY,-0.01639344262295082,0.36000001430511475,0.33000001311302185,0.08333333333333337,0.08333333333333337,False,0.0013661202185792356,0.0013661202185792356,0.00010308953341740226,0.0012630306851618334,43.288082,0.11,0.20149253731343283,0.10596026490066225,0.9701986754966887,0.03582089552238806,,0.21791044776119403,0.08955223880597014,0.022388059701492536,0.3656716417910448
2024-06-24,SLC,SUPERLOOP LIMITED ORDINARY,-0.01639344262295082,1.5299999713897705,1.4850000143051147,0.02941173720662238,0.02941173720662238,False,0.0004821596263380718,0.0004821596263380718,0.00010308953341740226,0.00037907009292066955,318.625575,0.09,0.1880597014925373,0.890728476821192,0.6754966887417219,0.25970149253731345,,0.7731343283582089,0.208955223880597,0.4,0.7164179104477612
2024-06-24,SHV,SELECT HARVESTS ORDINARY,-0.01639344262295082,3.819999933242798,4.340000152587891,-0.13612571424933617,-0.13612571424933617,False,-0.0022315690860546912,-0.0022315690860546912,0.00010308953341740226,-0.0023346586194720933,529.522,4.86,0.9134328358208955,0.30132450331125826,0.7649006622516556,0.3761194029850746,,0.1701492537313433,0.3283582089552239,0.835820895522388,0.03880597014925373
2024-06-24,SGR,THE STAR ENT GRP ORDINARY,-0.01639344262295082,0.4699999988079071,0.5849999785423279,-0.2446808085661767,-0.16,True,-0.004011160796166831,-0.002622950819672131,0.00018505674653215636,-0.0028080075662042874,1171.625,3.87,0.8776119402985074,0.23178807947019867,0.6324503311258278,0.5343283582089552,0.8883720930232558,0.6208955223880597,0.3611940298507463,0.3492537313432836,0.4507462686567164
2024-06-24,PPS,PRAEMIUM LIMITED ORDINARY,-0.01639344262295082,0.4492630660533905,0.4539429545402527,-0.010416811085703692,-0.010416811085703692,False,-0.00017076739484760153,-0.00017076739484760153,0.00010308953341740226,-0.00027385692826500376,195.151758,0.39,0.32985074626865674,0.8509933774834437,0.8245033112582781,0.19402985074626866,0.6139534883720931,0.6029850746268657,0.5462686567164179,0.1582089552238806,0.3044776119402985
2024-06-24,PPK,PPK GROUP LIMITED ORDINARY,-0.01639344262295082,0.4350000023841858,0.4449999928474426,-0.022988483697581552,-0.022988483697581552,False,-0.0003768603884849435,-0.0003768603884849435,0.00010308953341740226,-0.00047994992190234577,81.02549,0.41,0.33432835820895523,0.304635761589404,0.9503311258278145,0.06865671641791045,,0.10149253731343283,0.15522388059701492,0.3850746268656716,0.9850746268656716
2024-06-24,SPL,STARPHARMA HOLDINGS ORDINARY,-0.01639344262295082,0.08900000154972076,0.09700000286102295,-0.08988765361799356,-0.08988765361799356,False,-0.0014735680920982552,-0.0014735680920982552,0.00010308953341740226,-0.0015766576255156575,69.847011,0.42,0.33880597014925373,0.09933774834437085,0.24834437086092714,0.05970149253731343,,0.7432835820895523,0.2537313432835821,0.33134328358208953,0.991044776119403
2024-07-29,BRN,BRAINCHIP LTD ORDINARY,-0.01639344262295082,0.20499999821186066,0.16500000655651093,0.1951219122158776,0.1951219122158776,False,0.0031987198723914365,0.0031987198723914365,0.00010308953341740226,0.003095630338974034,266.817648,1.63,0.6570121951219512,0.12211221122112212,0.528052805280528,0.23780487804878048,,0.23170731707317074,0.039634146341463415,0.31097560975609756,0.23780487804878048
2024-07-29,BOT,BOTANIX PHARMA LTD ORDINARY,-0.01639344262295082,0.375,0.41499999165534973,-0.10666664441426588,-0.10666664441426588,False,-0.0017486335149879653,-0.0017486335149879653,0.00010308953341740226,-0.0018517230484053676,492.79482,0.02,0.10823170731707317,1.0,0.9042904290429042,0.35060975609756095,,0.3018292682926829,0.18902439024390244,0.028963414634146343,0.9878048780487805
2024-07-29,BMN,BANNERMAN ENERGY LTD ORDINARY,-0.01639344262295082,2.8399999141693115,2.240000009536743,0.2112675784386655,0.2112675784386655,False,0.003463402925224025,0.003463402925224025,0.00010308953341740226,0.003360313391806623,497.134608,0.5,0.3719512195121951,0.039603960396039604,0.7062706270627063,0.35365853658536583,,0.2652439024390244,0.2621951219512195,0.04878048780487805,0.5076219512195121
2024-07-29,BEN,BENDIGO AND ADELAIDE ORDINARY,-0.01639344262295082,11.08365535736084,10.961702346801758,0.011002959459407102,0.011002959459407102,False,0.0001803763845804443,0.0001803763845804443,0.00010308953341740226,7.728685116304204e-05,6459.18626,3.04,0.8048780487804879,0.9405940594059405,0.0858085808580858,0.8201219512195121,0.2233502538071066,0.021341463414634148,0.5884146341463414,0.8932926829268293,0.0701219512195122
2024-07-29,AUZ,AUSTRALIAN MINES LTD ORDINARY,-0.01639344262295082,0.008999999612569809,0.00800000037997961,0.11111103062644068,0.11111103062644068,False,0.0018214923053514866,0.0018214923053514866,0.00010308953341740226,0.0017184027719340843,8.170418,0.02,0.10823170731707317,0.0033003300330033004,0.9471947194719472,0.006097560975609756,,0.125,0.35060975609756095,0.028963414634146343,0.018292682926829267
2024-07-29,AFG,AUST FINANCE GRP ORDINARY,-0.01639344262295082,1.2969661951065063,1.4562427997589111,-0.1228070594695223,-0.1228070594695223,False,-0.0020132304831069234,-0.0020132304831069234,0.00010308953341740226,-0.002116320016524326,370.95353,0.8,0.4725609756097561,0.37623762376237624,0.3465346534653465,0.2774390243902439,0.2639593908629442,0.8079268292682927,0.7835365853658537,1.0,0.2774390243902439
2024-07-29,ASM,AUSSTRATMATERIALS ORDINARY,-0.01639344262295082,0.6449999809265137,0.550000011920929,0.14728677800753032,0.14728677800753032,False,0.002414537344385743,0.002414537344385743,0.00010308953341740226,0.0023114478109683406,134.781724,2.73,0.7774390243902439,0.0462046204620462,0.8976897689768977,0.1402439024390244,,0.15853658536585366,0.17682926829268292,0.2896341463414634,0.07317073170731707
2024-07-29,ARU,ARAFURA RARE EARTHS ORDINARY,-0.01639344262295082,0.17499999701976776,0.1599999964237213,0.08571429057997104,0.08571429057997104,False,0.0014051523045896892,0.0014051523045896892,0.00010308953341740226,0.001302062771172287,415.854394,4.42,0.9054878048780488,0.33003300330033003,0.8679867986798679,0.3170731707317073,,0.3597560975609756,0.38109756097560976,0.08841463414634146,0.5076219512195121
2024-07-29,APX,APPEN LIMITED ORDINARY,-0.01639344262295082,0.4300000071525574,1.0149999856948853,-1.3604650437477295,-0.16,True,-0.02230270563520868,-0.002622950819672131,0.00018505674653215636,-0.0028080075662042874,68.17114,3.09,0.8079268292682927,0.0858085808580858,0.8151815181518152,0.09451219512195122,,0.8628048780487805,0.10670731707317073,0.375,0.17378048780487804
2024-07-29,AMS,ATOMOS ORDINARY,-0.01639344262295082,0.039000000804662704,0.03999999910593033,-0.02564098155475092,-0.02564098155475092,False,-0.00042034395991394954,-0.00042034395991394954,0.00010308953341740226,-0.0005234334933313518,24.273246,0.21,0.2423780487804878,0.3234323432343234,0.9702970297029703,0.027439024390243903,,0.03048780487804878,0.006097560975609756,0.9237804878048781,0.6280487804878049
2024-07-29,AGI,AINSWORTH GAME TECH. ORDINARY,-0.01639344262295082,0.9049999713897705,0.800000011920929,0.11602205832956825,0.11602205832956825,False,0.0019020009562224303,0.0019020009562224303,0.00010308953341740226,0.001798911422805028,303.978,0.06,0.15853658536585366,0.1419141914191419,0.504950495049505,0.25,0.14720812182741116,0.11585365853658537,0.6158536585365854,0.3170731707317073,0.21341463414634146
2024-07-29,CAT,CATAPULT GRP INT LTD ORDINARY,-0.01639344262295082,1.9500000476837158,2.0999999046325684,-0.07692300168250155,-0.07692300168250155,False,-0.0012610328144672385,-0.0012610328144672385,0.00010308953341740226,-0.0013641223478846407,455.11824,0.0,0.0350609756097561,0.9834983498349835,0.9735973597359736,0.3384146341463415,,0.5060975609756098,0.24390243902439024,0.39634146341463417,1.0
2024-07-29,ASX,ASX LIMITED ORDINARY,-0.01639344262295082,60.340850830078125,59.61361312866211,0.01205216186732172,0.01205216186732172,False,0.00019757642405445443,0.00019757642405445443,0.00010308953341740226,9.448689063705216e-05,11565.59409,2.21,0.725609756097561,0.5511551155115512,0.46534653465346537,0.9024390243902439,0.5736040609137056,0.948170731707317,0.75,0.3048780487804878,0.6798780487804879
2024-07-29,4DX,4DMEDICAL LIMITED ORDINARY,-0.01639344262295082,0.5149999856948853,0.4399999976158142,0.14563104885891243,0.14563104885891243,False,0.0023873942435887283,0.0023873942435887283,0.00010308953341740226,0.0022843047101713263,223.665092,0.02,0.10823170731707317,0.28052805280528054,0.2607260726072607,0.21646341463414634,,0.16158536585365854,0.07926829268292683,0.2682926829268293,0.9817073170731707
2024-07-29,EOS,ELECTRO OPTIC SYS. ORDINARY,-0.01639344262295082,1.9049999713897705,1.475000023841858,0.22572176063299942,0.22572176063299942,False,0.0037003567316885155,0.0037003567316885155,0.00010308953341740226,0.0035972671982711134,256.557579,0.21,0.2423780487804878,0.9042904290429042,0.5610561056105611,0.22865853658536586,,0.08536585365853659,0.32926829268292684,0.5152439024390244,0.4329268292682927
2024-07-29,IMU,IMUGENE LIMITED ORDINARY,-0.01639344262295082,1.8359999656677246,2.312000036239624,-0.2592593025451313,-0.16,True,-0.004250152500739858,-0.002622950819672131,0.00018505674653215636,-0.0028080075662042874,400.087895,4.77,0.9146341463414634,0.07590759075907591,0.900990099009901,0.3018292682926829,,0.09451219512195122,0.042682926829268296,0.13719512195121952,0.01524390243902439
2024-07-29,GLL,GALILEE ENERGY LTD ORDINARY,-0.01639344262295082,0.02500000037252903,0.014999999664723873,0.4000000223517415,0.4000000223517415,False,0.00655737741560232,0.00655737741560232,0.00010308953341740226,0.0064542878821849175,7.465348,0.11,0.19664634146341464,0.0231023102310231,0.9900990099009901,0.003048780487804878,,0.3475609756097561,0.003048780487804878,0.3597560975609756,0.5076219512195121
2024-07-29,FML,FOCUS MINERALS LTD ORDINARY,-0.01639344262295082,0.13500000536441803,0.14000000059604645,-0.03703700024404788,-0.03703700024404788,False,-0.0006071639384270145,-0.0006071639384270145,0.00010308953341740226,-0.0007102534718444167,41.568272,0.0,0.0350609756097561,0.6204620462046204,0.6039603960396039,0.054878048780487805,,0.03353658536585366,0.06402439024390244,0.9085365853658537,0.9359756097560976
2024-07-29,CLV,CLOVER CORPORATION ORDINARY,-0.01639344262295082,0.46006375551223755,0.36520522832870483,0.20618561242216682,0.20618561242216682,False,0.0033800920069207677,0.0033800920069207677,0.00010308953341740226,0.003277002473503365,135.26919,0.02,0.10823170731707317,0.3465346534653465,0.10561056105610561,0.14329268292682926,,0.2347560975609756,0.3384146341463415,0.4725609756097561,0.14939024390243902
2024-07-29,ERA,ENERGY RESOURCES ORDINARY 'A',-0.01639344262295082,0.03500000014901161,0.004999999888241291,0.8571428609441738,0.8571428609441738,False,0.014051522310560227,0.014051522310560227,0.00010308953341740226,0.013948432777142824,797.165881,0.0,0.0350609756097561,0.0429042904290429,0.7887788778877888,0.43902439024390244,,0.10060975609756098,0.8170731707317073,0.012195121951219513,0.18902439024390244
2024-07-29,FBR,FBR LTD ORDINARY,-0.01639344262295082,0.04600000008940697,0.04100000113248825,0.10869562928696896,0.10869562928696896,False,0.0017818955620814586,0.0017818955620814586,0.00010308953341740226,0.0016788060286640563,94.952627,0.4,0.32621951219512196,0.9867986798679867,0.9933993399339934,0.12195121951219512,,0.0975609756097561,0.14939024390243902,0.3628048780487805,0.051829268292682924
2024-07-29,EDE,EDEN INV LTD ORDINARY,-0.01639344262295082,0.03999999910593033,0.029999999329447746,0.25,0.25,False,0.004098360655737705,0.004098360655737705,0.00010308953341740226,0.003995271122320303,61.79294,0.0,0.0350609756097561,0.5132013201320133,0.966996699669967,0.08231707317073171,,0.21951219512195122,0.036585365853658534,0.9603658536585366,0.9085365853658537
2024-07-29,DEV,DEVEX RESOURCES LTD ORDINARY,-0.01639344262295082,0.25,0.19499999284744263,0.2200000286102295,0.2200000286102295,False,0.003606557846069336,0.003606557846069336,0.00010308953341740226,0.003503468312651934,132.3573,0.48,0.36585365853658536,0.19306930693069307,0.6336633663366337,0.13719512195121952,,0.21341463414634146,0.08231707317073171,0.13109756097560976,0.9847560975609756
2024-07-29,CXL,CALIX LIMITED ORDINARY,-0.01639344262295082,1.024999976158142,0.8999999761581421,0.12195122234882316,0.12195122234882316,False,0.0019992003663741502,0.0019992003663741502,0.00010308953341740226,0.001896110832956748,265.607252,4.64,0.9085365853658537,0.10891089108910891,0.7623762376237624,0.2347560975609756,,0.25,0.13414634146341464,0.21951219512195122,0.4420731707317073
2024-07-29,CTM,CENTAURUS METALS LTD ORDINARY,-0.01639344262295082,0.36500000953674316,0.3700000047683716,-0.013698616715036138,-0.013698616715036138,False,-0.00022456748713173998,-0.00022456748713173998,0.00010308953341740226,-0.0003276570205491422,222.40575,0.21,0.2423780487804878,0.40594059405940597,0.8250825082508251,0.21341463414634146,,0.36890243902439024,0.11890243902439024,0.16463414634146342,0.5076219512195121
2024-07-29,CST,CASTILE RESOURCES ORDINARY,-0.01639344262295082,0.07999999821186066,0.07199999690055847,0.10000001862645191,0.10000001862645191,False,0.0016393445676467528,0.0016393445676467528,0.00010308953341740226,0.0015362550342293505,17.416974,0.01,0.08079268292682927,0.25412541254125415,0.9306930693069307,0.024390243902439025,,0.14329268292682926,0.31097560975609756,0.06402439024390244,0.29573170731707316
2024-07-29,EGR,ECOGRAF LIMITED ORDINARY,-0.01639344262295082,0.10499999672174454,0.0989999994635582,0.05714283281442989,0.05714283281442989,False,0.0009367677510562278,0.0009367677510562278,0.00010308953341740226,0.0008336782176388255,52.31097,0.44,0.3490853658536585,0.10231023102310231,0.9108910891089109,0.07317073170731707,,0.10365853658536585,0.21036585365853658,0.08536585365853659,0.5076219512195121
2024-07-29,88E,88 ENERGY LTD ORDINARY,-0.01639344262295082,0.07500000298023224,0.07500000298023224,-0.0,-0.0,False,-0.0,-0.0,0.00010308953341740226,-0.00010308953341740226,59.776972,0.02,0.10823170731707317,0.5132013201320133,0.9867986798679867,0.07926829268292683,,0.22560975609756098,0.11280487804878049,0.028963414634146343,0.5076219512195121
2024-07-29,COF,CENTURIA OFFICE REIT ORDINARY UNITS,-0.01639344262295082,1.047770380973816,1.0349407196044922,0.012244726136846573,0.012244726136846573,False,0.00020073321535814056,0.00020073321535814056,0.00010308953341740226,9.76436819407383e-05,674.989679,0.92,0.5182926829268293,0.7260726072607261,0.5907590759075908,0.42073170731707316,,0.7225609756097561,0.21341463414634146,0.7865853658536586,0.2530487804878049
2024-07-29,IXR,IONIC RARE EARTHS ORDINARY,-0.01639344262295082,0.27000001072883606,0.18000000715255737,0.33333333333333337,0.33333333333333337,False,0.005464480874316941,0.005464480874316941,0.00010308953341740226,0.005361391340899539,49.693557,0.08,0.17682926829268292,0.06435643564356436,0.7161716171617162,0.06707317073170732,,0.051829268292682924,0.11585365853658537,0.14329268292682926,0.9725609756097561
2024-07-29,KGN,KOGAN.COM LTD ORDINARY,-0.01639344262295082,4.0186381340026855,4.354301929473877,-0.08352675316323155,-0.08352675316323155,False,-0.0013692910354628123,-0.0013692910354628123,0.00010308953341740226,-0.0014723805688802145,422.203104,0.96,0.5304878048780488,0.31683168316831684,0.6732673267326733,0.3201219512195122,,0.18597560975609756,0.19817073170731708,0.4298780487804878,0.19817073170731708
2024-07-29,LKE,LAKE RESOURCES ORDINARY,-0.01639344262295082,0.03700000047683716,0.04100000113248825,-0.10810812443516538,-0.10810812443516538,False,-0.001772264335002711,-0.001772264335002711,0.00010308953341740226,-0.0018753538684201133,62.2522,1.7,0.6676829268292683,0.033003300330033,0.5478547854785478,0.08536585365853659,,0.042682926829268296,0.125,0.15853658536585366,0.04573170731707317
2024-07-29,PDN,PALADIN ENERGY LTD ORDINARY,-0.01639344262295082,11.180000305175781,9.600000381469727,0.14132378180478167,0.14132378180478167,False,0.002316783308275109,0.002316783308275109,0.00010308953341740226,0.0022136937748577067,2551.055262,8.14,0.9725609756097561,0.0924092409240924,0.8844884488448845,0.6798780487804879,,0.36585365853658536,0.3871951219512195,0.5701219512195121,0.5076219512195121
2024-07-29,PAR,PARADIGM BIO. ORDINARY,-0.01639344262295082,0.2549999952316284,0.23999999463558197,0.05882353284917219,0.05882353284917219,False,0.0009643202106421671,0.0009643202106421671,0.00010308953341740226,0.0008612306772247648,83.11371,1.11,0.5777439024390244,0.735973597359736,0.8052805280528053,0.11280487804878049,,0.3795731707317073,0.06097560975609756,0.125,0.5076219512195121
2024-07-29,OCC,ORTHOCELL LIMITED ORDINARY,-0.01639344262295082,0.38499999046325684,0.375,0.025974001846660322,0.025974001846660322,False,0.0004258033089616446,0.0004258033089616446,0.00010308953341740226,0.00032271377554424235,70.734802,0.03,0.12804878048780488,0.46864686468646866,0.858085808580858,0.10060975609756098,,0.22865853658536586,0.057926829268292686,0.38109756097560976,0.948170731707317
2024-07-29,NVX,NOVONIX LIMITED ORDINARY,-0.01639344262295082,0.7200000286102295,0.5950000286102295,0.17361110421242565,0.17361110421242565,False,0.0028460836756135353,0.0028460836756135353,0.00010308953341740226,0.002742994142196133,349.316636,4.97,0.9176829268292683,0.26732673267326734,0.6237623762376238,0.2682926829268293,,0.2225609756097561,0.12195121951219512,0.6310975609756098,0.10975609756097561
2024-07-29,LTR,LIONTOWN RESOURCES ORDINARY,-0.01639344262295082,0.949999988079071,0.7099999785423279,0.25263159215615416,0.25263159215615416,False,0.004141501510756626,0.004141501510756626,0.00010308953341740226,0.004038411977339224,2155.1617,11.65,0.9939024390243902,0.12871287128712872,0.5874587458745875,0.6463414634146342,,0.06097560975609756,0.24695121951219512,0.7408536585365854,0.009146341463414634
2024-07-29,NCK,NICK SCALI LIMITED ORDINARY,-0.01639344262295082,13.741105079650879,14.07557487487793,-0.024340822174656385,-0.024340822174656385,False,-0.00039902987171567845,-0.00039902987171567845,0.00010308953341740226,-0.0005021194051330807,1103.464834,2.56,0.7667682926829268,0.46534653465346537,0.49174917491749176,0.49085365853658536,0.3248730964467005,0.75,0.9176829268292683,0.8567073170731707,0.7042682926829268
2024-07-29,NAN,NANOSONICS LIMITED ORDINARY,-0.01639344262295082,3.049999952316284,3.1700000762939453,-0.03934430355860452,-0.03934430355860452,False,-0.000644988582927943,-0.000644988582927943,0.00010308953341740226,-0.0007480781163453453,869.603823,5.71,0.9344512195121951,0.7425742574257426,0.8118811881188119,0.4481707317073171,0.883248730964467,0.5091463414634146,0.5853658536585366,0.2347560975609756,0.801829268292683
2024-07-29,MVP,MEDICAL DEVELOPMENTS ORDINARY,-0.01639344262295082,0.47242501378059387,0.46000000834465027,0.026300481713515067,0.026300481713515067,False,0.0004311554379264765,0.0004311554379264765,0.00010308953341740226,0.00032806590450907425,34.550528,0.13,0.20884146341463414,0.6171617161716172,0.9537953795379538,0.042682926829268296,,0.0701219512195122,0.04573170731707317,0.23170731707317074,0.8841463414634146
2024-07-29,MIN,MINERAL RESOURCES. ORDINARY,-0.01639344262295082,54.0,39.5099983215332,0.2683333644160518,0.2683333644160518,False,0.004398907613377899,0.004398907613377899,0.00010308953341740226,0.004295818079960497,10775.485322,6.88,0.9542682926829268,0.07920792079207921,0.5148514851485149,0.8932926829268293,,0.09146341463414634,0.15548780487804878,0.8871951219512195,0.7591463414634146
2024-07-29,LYC,LYNAS RARE EARTHS ORDINARY,-0.01639344262295082,6.21999979019165,6.920000076293945,-0.11254024271932117,-0.11254024271932117,False,-0.0018449220117921505,-0.0018449220117921505,0.00010308953341740226,-0.0019480115452095528,5757.86288,10.63,0.9847560975609756,0.3927392739273927,0.5313531353135313,0.801829268292683,0.8883248730964467,0.21036585365853658,0.45121951219512196,0.28353658536585363,0.39634146341463417
2024-07-29,PLS,PILBARA MIN LTD ORDINARY,-0.01639344262295082,2.9200000762939453,2.8399999141693115,0.027397315080268658,0.027397315080268658,False,0.0004491363127912895,0.0004491363127912895,0.00010308953341740226,0.00034604677937388723,9269.46818,22.17,1.0,0.07260726072607261,0.44884488448844884,0.875,0.9289340101522843,0.1798780487804878,0.42378048780487804,0.4115853658536585,0.11585365853658537
2024-07-29,NEU,NEUREN PHARMACEUT. ORDINARY,-0.01639344262295082,19.860000610351562,14.470000267028809,0.2713998075364279,0.2713998075364279,False,0.004449177172728327,0.004449177172728327,0.00010308953341740226,0.004346087639310925,2580.292105,2.56,0.7667682926829268,0.5313531353135313,0.29042904290429045,0.6829268292682927,0.9593908629441624,0.31097560975609756,0.5762195121951219,0.028963414634146343,0.04878048780487805
2024-07-29,PPE,PEOPLEIN LIMITED ORDINARY,-0.01639344262295082,0.8999999761581421,0.7599999904632568,0.15555554378179826,0.15555554378179826,False,0.002550090881668824,0.002550090881668824,0.00010308953341740226,0.0024470013482514215,85.659946,1.0,0.5365853658536586,0.5478547854785478,0.7920792079207921,0.11585365853658537,,0.9329268292682927,0.36890243902439024,0.8109756097560976,0.3445121951219512
2024-07-29,SXL,STHN CROSS MEDIA ORDINARY,-0.01639344262295082,0.6472289562225342,0.5806024670600891,0.10294114396750997,0.10294114396750997,False,0.0016875597371722947,0.0016875597371722947,0.00010308953341740226,0.0015844702037548924,150.503555,1.72,0.6737804878048781,0.08250825082508251,0.9207920792079208,0.15853658536585366,,0.899390243902439,0.03048780487804878,0.850609756097561,0.45426829268292684
2024-07-29,PEN,PENINSULA ENERGY LTD ORDINARY,-0.01639344262295082,2.200000047683716,1.559999942779541,0.29090913228752113,0.29090913228752113,False,0.004769002168647888,0.004769002168647888,0.00010308953341740226,0.004665912635230486,295.97885,1.91,0.7057926829268293,0.44884488448844884,0.8316831683168316,0.24695121951219512,,0.13414634146341464,0.29878048780487804,0.04573170731707317,0.03353658536585366
2024-07-29,SHV,SELECT HARVESTS ORDINARY,-0.01639344262295082,4.340000152587891,4.210000038146973,0.029953942366430675,0.029953942366430675,False,0.000491048235515257,0.000491048235515257,0.00010308953341740226,0.0003879587020978548,529.522,4.03,0.8810975609756098,0.9471947194719472,0.7953795379537953,0.36890243902439024,,0.15548780487804878,0.36585365853658536,0.8445121951219512,0.09146341463414634
2024-07-29,PPK,PPK GROUP LIMITED ORDINARY,-0.01639344262295082,0.4449999928474426,0.4099999964237213,0.07865167862085831,0.07865167862085831,False,0.0012893717806698084,0.0012893717806698084,0.00010308953341740226,0.0011862822472524061,38.40702,0.39,0.3201219512195122,0.2706270627062706,0.9966996699669967,0.051829268292682924,,0.07317073170731707,0.2347560975609756,0.3902439024390244,0.13109756097560976
2024-07-29,LOT,LOTUS RESOURCES LTD ORDINARY,-0.01639344262295082,2.990000009536743,2.6449999809265137,0.11538462458522947,0.11538462458522947,False,0.0018915512227086798,0.0018915512227086798,0.00010308953341740226,0.0017884616892912776,605.097495,4.24,0.8963414634146342,0.0297029702970297,0.9174917491749175,0.4024390243902439,,0.29573170731707316,0.14634146341463414,0.028963414634146343,0.5076219512195121
2024-07-29,WBT,WEEBIT NANO LTD ORDINARY,-0.01639344262295082,2.299999952316284,2.0399999618530273,0.11304347645808255,0.11304347645808255,False,0.001853171745214468,0.001853171745214468,0.00010308953341740226,0.0017500822117970658,443.953843,8.53,0.975609756097561,0.14521452145214522,0.6402640264026402,0.3353658536585366,,0.27439024390243905,0.08536585365853659,0.10670731707317073,0.9969512195121951
2024-07-29,SGR,THE STAR ENT GRP ORDINARY,-0.01639344262295082,0.5849999785423279,0.44999998807907104,0.23076922293167035,0.23076922293167035,False,0.003783102015273285,0.003783102015273285,0.00010308953341740226,0.0036800124818558823,1371.331761,4.28,0.9024390243902439,0.9603960396039604,0.8811881188118812,0.551829268292683,,0.2073170731707317,0.01524390243902439,0.5792682926829268,0.3048780487804878
2024-07-29,TTT,TITOMIC LIMITED ORDINARY,-0.01639344262295082,0.14499999582767487,0.18000000715255737,-0.24137939539307474,-0.16,True,-0.00395703926873893,-0.002622950819672131,0.00018505674653215636,-0.0028080075662042874,9231.388255,0.01,0.08079268292682927,0.9966996699669967,1.0,0.8719512195121951,,0.35060975609756095,0.009146341463414634,0.8292682926829268,0.9390243902439024
2024-07-29,TPW,TEMPLE & WEBSTER LTD ORDINARY,-0.01639344262295082,9.470000267028809,11.649999618530273,-0.230200558609428,-0.16,True,-0.0037737796493348854,-0.002622950819672131,0.00018505674653215636,-0.0028080075662042874,1130.835399,2.45,0.75,0.1551155115511551,0.5412541254125413,0.5,,0.4298780487804878,0.29573170731707316,0.4451219512195122,0.35365853658536583
2024-07-29,VUL,VULCAN ENERGY ORDINARY,-0.01639344262295082,4.25,3.8299999237060547,0.09882354736328125,0.09882354736328125,False,0.001620058153496414,0.001620058153496414,0.00010308953341740226,0.0015169686200790118,401.510769,5.29,0.9237804878048781,0.9207920792079208,0.9438943894389439,0.3079268292682927,,0.1676829268292683,0.25609756097560976,0.14939024390243902,0.21951219512195122
2024-07-29,TLG,TALGA GROUP LTD ORDINARY,-0.01639344262295082,0.42500001192092896,0.4699999988079071,-0.10588231911708834,-0.10588231911708834,False,-0.0017357757232309564,-0.0017357757232309564,0.00010308953341740226,-0.0018388652566483587,216.935044,2.82,0.7942073170731707,0.026402640264026403,0.7524752475247525,0.21036585365853658,,0.13109756097560976,0.051829268292682924,0.21646341463414634,0.8932926829268293
2024-07-29,SYR,SYRAH RESOURCES ORDINARY,-0.01639344262295082,0.27000001072883606,0.2199999988079071,0.18518522197817433,0.18518522197817433,False,0.003035823311117612,0.003035823311117612,0.00010308953341740226,0.0029327337777002097,198.544733,10.72,0.9878048780487805,0.019801980198019802,0.6666666666666666,0.20121951219512196,,0.024390243902439025,0.12804878048780488,0.6798780487804879,0.3170731707317073
2024-07-29,SVL,SILVER MINES LIMITED ORDINARY,-0.01639344262295082,0.15000000596046448,0.10000000149011612,0.3333333498901785,0.3333333498901785,False,0.005464481145740632,0.005464481145740632,0.00010308953341740226,0.0053613916123232295,229.162044,0.51,0.3780487804878049,0.3102310231023102,0.7458745874587459,0.21951219512195122,,0.3932926829268293,0.3323170731707317,0.028963414634146343,0.14634146341463414
2024-07-29,SRL,SUNRISE ORDINARY,-0.01639344262295082,0.4099999964237213,0.5249999761581421,-0.280487757896398,-0.16,True,-0.004598159965514722,-0.002622950819672131,0.00018505674653215636,-0.0028080075662042874,34.488271,1.39,0.6310975609756098,0.09570957095709572,0.9636963696369637,0.039634146341463415,,0.19207317073170732,0.054878048780487805,0.2073170731707317,0.10670731707317073
2024-07-29,SLX,SILEX SYSTEMS ORDINARY,-0.01639344262295082,4.590000152587891,3.859999895095825,0.1590414451468991,0.1590414451468991,False,0.0026072368056868707,0.0026072368056868707,0.00010308953341740226,0.0025041472722694682,1197.70638,4.14,0.8902439024390244,0.1353135313531353,0.5808580858085809,0.5152439024390244,,0.4146341463414634,0.1676829268292683,0.11890243902439024,0.9542682926829268
2024-07-29,TOE,TORO ENERGY LIMITED ORDINARY,-0.01639344262295082,0.33000001311302185,0.20000000298023224,0.39393940899107127,0.39393940899107127,False,0.006458023098214283,0.006458023098214283,0.00010308953341740226,0.006354933564796881,37.243258,0.11,0.19664634146341464,0.132013201320132,0.7293729372937293,0.04573170731707317,,0.1524390243902439,0.16158536585365854,0.028963414634146343,0.025914634146341462
2024-08-26,BOE,BOSS ENERGY LTD ORDINARY,-0.01639344262295082,3.130000114440918,3.2899999618530273,-0.05111816024348248,-0.05111816024348248,False,-0.0008380026269423357,-0.0008380026269423357,0.00010308953341740226,-0.000941092160359738,1664.3858,9.27,0.9754601226993865,0.08609271523178808,0.7947019867549668,0.5950920245398773,,0.3558282208588957,0.2822085889570552,0.06134969325153374,0.5015337423312883
2024-08-26,BMN,BANNERMAN ENERGY LTD ORDINARY,-0.01639344262295082,2.4700000286102295,3.140000104904175,-0.27125508847501,-0.16,True,-0.004446804729098525,-0.002622950819672131,0.00018505674653215636,-0.0028080075662042874,497.134608,0.87,0.47392638036809814,0.033112582781456956,0.9006622516556292,0.3588957055214724,,0.2607361963190184,0.26380368098159507,0.049079754601226995,0.5015337423312883
2024-08-26,BEN,BENDIGO AND ADELAIDE ORDINARY,-0.01639344262295082,11.08365535736084,10.758537292480469,0.029333108473501457,0.029333108473501457,False,0.00048087063071313867,0.00048087063071313867,0.00010308953341740226,0.0003777810972957364,6459.18626,2.75,0.7684049079754601,0.7450331125827815,0.19205298013245034,0.8190184049079755,0.21717171717171718,0.018404907975460124,0.5920245398773006,0.8926380368098159,0.06748466257668712
2024-08-26,BBN,BABY BUNTING GRP LTD ORDINARY,-0.01639344262295082,1.649999976158142,1.8049999475479126,-0.09393937795724838,-0.09393937795724838,False,-0.0015399898025778424,-0.0015399898025778424,0.00010308953341740226,-0.0016430793359952446,209.535785,1.72,0.6763803680981595,0.8973509933774835,0.8079470198675497,0.2116564417177914,0.7878787878787878,0.8220858895705522,0.4754601226993865,0.9049079754601227,0.3987730061349693
2024-08-26,ARU,ARAFURA RARE EARTHS ORDINARY,-0.01639344262295082,0.1599999964237213,0.17499999701976776,-0.09375000582076631,-0.09375000582076631,False,-0.001536885341324038,-0.001536885341324038,0.00010308953341740226,-0.0016399748747414403,415.854394,4.66,0.8834355828220859,0.2814569536423841,0.6423841059602649,0.3220858895705521,,0.34355828220858897,0.37423312883435583,0.08895705521472393,0.5015337423312883
2024-08-26,IMU,IMUGENE LIMITED ORDINARY,-0.01639344262295082,1.7680000066757202,1.6660000085830688,0.05769230639565248,0.05769230639565248,False,0.0009457755146828277,0.0009457755146828277,0.00010308953341740226,0.0008426859812654254,400.087895,5.03,0.8957055214723927,0.2052980132450331,0.24172185430463577,0.3067484662576687,,0.09202453987730061,0.03987730061349693,0.1411042944785276,0.015337423312883436
2024-08-26,AMS,ATOMOS ORDINARY,-0.01639344262295082,0.039000000804662704,0.04100000113248825,-0.05128205862976376,-0.05128205862976376,False,-0.0008406894857338322,-0.0008406894857338322,0.00010308953341740226,-0.0009437790191512345,24.273246,0.17,0.22085889570552147,0.9900662251655629,0.9834437086092715,0.024539877300613498,,0.027607361963190184,0.006134969325153374,0.9233128834355828,0.6196319018404908
2024-08-26,AFG,AUST FINANCE GRP ORDINARY,-0.01639344262295082,1.3879814147949219,1.4882125854492188,-0.07221362590730829,-0.07221362590730829,False,-0.0011838299329066933,-0.0011838299329066933,0.00010308953341740226,-0.0012869194663240955,370.95353,0.63,0.40797546012269936,0.6589403973509934,0.5066225165562914,0.2822085889570552,0.25252525252525254,0.7975460122699386,0.7914110429447853,1.0,0.27300613496932513
2024-08-26,ABB,AUSSIE BROADBAND ORDINARY,-0.01639344262295082,3.382819414138794,3.7732274532318115,-0.1154090689740257,-0.1154090689740257,False,-0.001891951950393864,-0.001891951950393864,0.00010308953341740226,-0.0019950414838112666,979.67223,1.9,0.696319018404908,0.5728476821192053,0.6622516556291391,0.4723926380368098,0.6515151515151515,0.7730061349693251,0.5184049079754601,0.7484662576687117,0.901840490797546
2024-08-26,88E,88 ENERGY LTD ORDINARY,-0.01639344262295082,0.05000000074505806,0.0625,-0.24999998137354873,-0.16,True,-0.004098360350386045,-0.002622950819672131,0.00018505674653215636,-0.0028080075662042874,59.776972,0.02,0.1058282208588957,0.08278145695364239,1.0,0.08588957055214724,,0.22699386503067484,0.11042944785276074,0.029141104294478526,0.5015337423312883
2024-08-26,4DX,4DMEDICAL LIMITED ORDINARY,-0.01639344262295082,0.41999998688697815,0.675000011920929,-0.6071429357034033,-0.16,True,-0.009953162880383662,-0.002622950819672131,0.00018505674653215636,-0.0028080075662042874,223.665092,0.02,0.1058282208588957,0.1390728476821192,0.6258278145695364,0.22085889570552147,,0.15950920245398773,0.07668711656441718,0.26380368098159507,0.9754601226993865
2024-08-26,BOT,BOTANIX PHARMA LTD ORDINARY,-0.01639344262295082,0.36000001430511475,0.4050000011920929,-0.12499995860788715,-0.12499995860788715,False,-0.0020491796493096255,-0.0020491796493096255,0.00010308953341740226,-0.002152269182727028,492.79482,0.09,0.17791411042944785,0.9238410596026491,0.9039735099337748,0.3558282208588957,,0.294478527607362,0.1901840490797546,0.029141104294478526,0.9815950920245399
2024-08-26,APX,APPEN LIMITED ORDINARY,-0.01639344262295082,1.2599999904632568,1.9600000381469727,-0.555555597604688,-0.16,True,-0.009107468813191607,-0.002622950819672131,0.00018505674653215636,-0.0028080075662042874,68.17114,3.7,0.8404907975460123,0.9966887417218543,0.9503311258278145,0.10122699386503067,,0.8558282208588958,0.10429447852760736,0.37116564417177916,0.1687116564417178
2024-08-26,BRN,BRAINCHIP LTD ORDINARY,-0.01639344262295082,0.18000000715255737,0.23499999940395355,-0.30555550036607193,-0.16,True,-0.005009106563378229,-0.002622950819672131,0.00018505674653215636,-0.0028080075662042874,266.817648,2.03,0.7162576687116564,0.11258278145695365,0.804635761589404,0.24233128834355827,,0.23006134969325154,0.03680981595092025,0.3098159509202454,0.2361963190184049
2024-08-26,ERA,ENERGY RESOURCES ORDINARY 'A',-0.01639344262295082,0.01549999974668026,0.007000000216066837,0.5483870754535931,0.5483870754535931,False,0.00898995205661628,0.00898995205661628,0.00010308953341740226,0.008886862523198877,797.165881,0.0,0.03680981595092025,0.0033112582781456954,0.9933774834437086,0.4447852760736196,,0.09815950920245399,0.8282208588957055,0.012269938650306749,0.18404907975460122
2024-08-26,CHN,CHALICE MINING LTD ORDINARY,-0.01639344262295082,1.1449999809265137,1.5399999618530273,-0.3449781550274671,-0.16,True,-0.005655379590614215,-0.002622950819672131,0.00018505674653215636,-0.0028080075662042874,599.61158,10.14,0.9815950920245399,0.09933774834437085,0.6854304635761589,0.401840490797546,,0.24233128834355827,0.19631901840490798,0.13803680981595093,0.009202453987730062
2024-08-26,GLN,GALAN LITHIUM LTD ORDINARY,-0.01639344262295082,0.14499999582767487,0.11999999731779099,0.17241378778793282,0.17241378778793282,False,0.0028264555375070955,0.0028264555375070955,0.00010308953341740226,0.0027233660040896935,67.28703,1.14,0.5398773006134969,0.08940397350993377,0.9304635761589404,0.09815950920245399,,0.006134969325153374,0.26993865030674846,0.07975460122699386,0.5015337423312883
2024-08-26,CAT,CATAPULT GRP INT LTD ORDINARY,-0.01639344262295082,2.0399999618530273,2.430000066757202,-0.19117652558675524,-0.16,True,-0.0031340414030615613,-0.002622950819672131,0.00018505674653215636,-0.0028080075662042874,455.11824,0.0,0.03680981595092025,0.9933774834437086,0.9635761589403974,0.34355828220858897,,0.49079754601226994,0.24539877300613497,0.39263803680981596,0.9969325153374233
2024-08-26,GLL,GALILEE ENERGY LTD ORDINARY,-0.01639344262295082,0.01600000075995922,0.013000000268220901,0.18750002182787184,0.18750002182787184,False,0.0030737708496372433,0.0030737708496372433,0.00010308953341740226,0.0029706813162198413,7.465348,0.1,0.18711656441717792,0.052980132450331126,0.8443708609271523,0.003067484662576687,,0.3282208588957055,0.003067484662576687,0.3558282208588957,0.5015337423312883
2024-08-26,FML,FOCUS MINERALS LTD ORDINARY,-0.01639344262295082,0.14000000059604645,0.13500000536441803,0.035714251502436234,0.035714251502436234,False,0.0005854795328268235,0.0005854795328268235,0.00010308953341740226,0.0004823899994094213,41.568272,0.0,0.03680981595092025,0.6721854304635762,0.9403973509933775,0.05214723926380368,,0.03067484662576687,0.06134969325153374,0.9079754601226994,0.9355828220858896
2024-08-26,EDE,EDEN INV LTD ORDINARY,-0.01639344262295082,0.03999999910593033,0.03999999910593033,-0.0,-0.0,False,-0.0,-0.0,0.00010308953341740226,-0.00010308953341740226,61.79294,0.0,0.03680981595092025,0.48841059602649006,0.9801324503311258,0.08895705521472393,,0.22085889570552147,0.03374233128834356,0.9631901840490797,0.9049079754601227
2024-08-26,EOS,ELECTRO OPTIC SYS. ORDINARY,-0.01639344262295082,1.7899999618530273,1.4149999618530273,0.2094972111685388,0.2094972111685388,False,0.003434380510959653,0.003434380510959653,0.00010308953341740226,0.003331290977542251,256.557579,0.41,0.3266871165644172,0.9536423841059603,0.8973509933774835,0.2331288343558282,,0.08282208588957055,0.3282208588957055,0.5122699386503068,0.4263803680981595
2024-08-26,CXO,CORE LITHIUM ORDINARY,-0.01639344262295082,0.10000000149011612,0.12999999523162842,-0.29999993294477556,-0.16,True,-0.004918031687619272,-0.002622950819672131,0.00018505674653215636,-0.0028080075662042874,194.461134,5.68,0.9355828220858896,0.17218543046357615,0.3211920529801324,0.19938650306748465,,0.06134969325153374,0.13190184049079753,0.15030674846625766,0.07668711656441718
2024-08-26,CXL,CALIX LIMITED ORDINARY,-0.01639344262295082,0.8600000143051147,1.1549999713897705,-0.3430232002065925,-0.16,True,-0.0056233311509277465,-0.002622950819672131,0.00018505674653215636,-0.0028080075662042874,265.607252,4.74,0.8880368098159509,0.06291390728476821,0.8278145695364238,0.2392638036809816,,0.24539877300613497,0.13496932515337423,0.21779141104294478,0.43558282208588955
2024-08-26,CTM,CENTAURUS METALS LTD ORDINARY,-0.01639344262295082,0.3449999988079071,0.47999998927116394,-0.39130432153544326,-0.16,True,-0.006414824943203988,-0.002622950819672131,0.00018505674653215636,-0.0028080075662042874,222.40575,0.2,0.2285276073619632,0.0695364238410596,0.9105960264900662,0.21779141104294478,,0.35276073619631904,0.1196319018404908,0.1687116564417178,0.5015337423312883
2024-08-26,DEV,DEVEX RESOURCES LTD ORDINARY,-0.01639344262295082,0.1899999976158142,0.16500000655651093,0.1315789019632202,0.1315789019632202,False,0.0021570311797249214,0.0021570311797249214,0.00010308953341740226,0.002053941646307519,132.3573,0.5,0.3619631901840491,0.013245033112582781,0.3973509933774834,0.1441717791411043,,0.2147239263803681,0.07975460122699386,0.13496932515337423,0.9785276073619632
2024-08-26,CLV,CLOVER CORPORATION ORDINARY,-0.01639344262295082,0.41737744212150574,0.4837784171104431,-0.15909095290685804,-0.16,True,-0.002608048408309148,-0.002622950819672131,0.00018505674653215636,-0.0028080075662042874,80.75004,0.01,0.0843558282208589,0.31125827814569534,0.4337748344370861,0.11042944785276074,0.4090909090909091,0.9171779141104295,0.5398773006134969,0.3895705521472393,0.911042944785276
2024-08-26,GWA,GWA GROUP LTD ORDINARY,-0.01639344262295082,2.135016679763794,2.1988847255706787,-0.029914541845148745,-0.029914541845148745,False,-0.0004904023253303073,-0.0004904023253303073,0.00010308953341740226,-0.0005934918587477096,612.62355,1.55,0.6503067484662577,0.5894039735099338,0.39403973509933776,0.4110429447852761,0.46464646464646464,0.7239263803680982,0.6779141104294478,0.7392638036809815,0.5644171779141104
2024-08-26,ASM,AUSSTRATMATERIALS ORDINARY,-0.01639344262295082,0.5149999856948853,0.5600000023841858,-0.08737867561021839,-0.08737867561021839,False,-0.0014324373050855475,-0.0014324373050855475,0.00010308953341740226,-0.0015355268385029497,134.781724,2.66,0.7638036809815951,0.023178807947019868,0.8940397350993378,0.15030674846625766,,0.15644171779141106,0.17791411042944785,0.2852760736196319,0.0736196319018405
2024-08-26,TTT,TITOMIC LIMITED ORDINARY,-0.01639344262295082,0.1550000011920929,0.12999999523162842,0.16129035979478312,0.16129035979478312,False,0.002644104258930871,0.002644104258930871,0.00010308953341740226,0.002541014725513469,9231.388255,0.09,0.17791411042944785,1.0,0.9900662251655629,0.8711656441717791,,0.3312883435582822,0.009202453987730062,0.8220858895705522,0.9386503067484663
2024-08-26,CST,CASTILE RESOURCES ORDINARY,-0.01639344262295082,0.07000000029802322,0.07800000160932541,-0.11428573253203411,-0.11428573253203411,False,-0.0018735365988858052,-0.0018735365988858052,0.00010308953341740226,-0.0019766261323032074,17.416974,0.01,0.0843558282208589,0.2152317880794702,0.36423841059602646,0.02147239263803681,,0.1411042944785276,0.3128834355828221,0.06441717791411043,0.294478527607362
2024-08-26,PLS,PILBARA MIN LTD ORDINARY,-0.01639344262295082,3.0199999809265137,3.2699999809265137,-0.08278145747646715,-0.08278145747646715,False,-0.0013570730733847075,-0.0013570730733847075,0.00010308953341740226,-0.0014601626068021097,9269.46818,20.35,1.0,0.19536423841059603,0.38079470198675497,0.8742331288343558,0.9242424242424242,0.17791411042944785,0.42024539877300615,0.4110429447852761,0.11349693251533742
2024-08-26,IXR,IONIC RARE EARTHS ORDINARY,-0.01639344262295082,0.18000000715255737,0.23999999463558197,-0.3333332505491078,-0.16,True,-0.005464479517198488,-0.002622950819672131,0.00018505674653215636,-0.0028080075662042874,49.693557,0.08,0.17024539877300612,0.016556291390728478,0.9271523178807947,0.06748466257668712,,0.049079754601226995,0.1165644171779141,0.147239263803681,0.9693251533742331
2024-08-26,PAR,PARADIGM BIO. ORDINARY,-0.01639344262295082,0.23499999940395355,0.19499999284744263,0.17021279428921554,0.17021279428921554,False,0.002790373676872386,0.002790373676872386,0.00010308953341740226,0.002687284143454984,83.11371,0.96,0.5,0.39403973509933776,0.46357615894039733,0.1196319018404908,,0.36349693251533743,0.05828220858895705,0.12269938650306748,0.5015337423312883
2024-08-26,NVX,NOVONIX LIMITED ORDINARY,-0.01639344262295082,0.6100000143051147,0.699999988079071,-0.14754093715305938,-0.14754093715305938,False,-0.002418703887755072,-0.002418703887755072,0.00010308953341740226,-0.002521793421172474,349.316636,5.26,0.9141104294478528,0.22847682119205298,0.6357615894039735,0.27300613496932513,,0.22392638036809817,0.12269938650306748,0.6257668711656442,0.10736196319018405
2024-08-26,NMT,NEOMETALS LTD ORDINARY,-0.01639344262295082,0.0820000022649765,0.125,-0.5243902017962441,-0.16,True,-0.008596560685184329,-0.002622950819672131,0.00018505674653215636,-0.0028080075662042874,53.844434,0.5,0.3619631901840491,0.12251655629139073,0.7880794701986755,0.07975460122699386,,0.1165644171779141,0.02147239263803681,0.3282208588957055,0.5015337423312883
2024-08-26,NEU,NEUREN PHARMACEUT. ORDINARY,-0.01639344262295082,15.59000015258789,15.140000343322754,0.02886464431435165,0.02886464431435165,False,0.0004731908903992074,0.0004731908903992074,0.00010308953341740226,0.00037010135698180513,2580.292105,2.77,0.7730061349693251,0.16887417218543047,0.5827814569536424,0.6901840490797546,0.9545454545454546,0.3006134969325153,0.5797546012269938,0.029141104294478526,0.046012269938650305
2024-08-26,NCK,NICK SCALI LIMITED ORDINARY,-0.01639344262295082,14.577278137207031,15.738663673400879,-0.07967094578716494,-0.07967094578716494,False,-0.0013060810784781137,-0.0013060810784781137,0.00010308953341740226,-0.001409170611895516,1103.464834,2.49,0.754601226993865,0.7615894039735099,0.13245033112582782,0.4938650306748466,0.31313131313131315,0.7392638036809815,0.9233128834355828,0.8496932515337423,0.6993865030674846
2024-08-26,LIC,LIFESTYLE COMMUNIT. ORDINARY,-0.01639344262295082,8.225953102111816,8.430000305175781,-0.02480529618040017,-0.02480529618040017,False,-0.00040664419967869134,-0.00040664419967869134,0.00010308953341740226,-0.0005097337330960937,1417.96472,6.07,0.9447852760736196,0.07947019867549669,0.7582781456953642,0.558282208588957,0.5757575757575758,0.27607361963190186,0.5613496932515337,0.5858895705521472,0.9294478527607362
2024-08-26,MIN,MINERAL RESOURCES. ORDINARY,-0.01639344262295082,45.130001068115234,52.040000915527344,-0.15311322144625628,-0.16,True,-0.002510052810594365,-0.002622950819672131,0.00018505674653215636,-0.0028080075662042874,10775.485322,8.0,0.9693251533742331,0.046357615894039736,0.4735099337748344,0.8926380368098159,,0.08895705521472393,0.15337423312883436,0.8865030674846626,0.754601226993865
2024-08-26,LTR,LIONTOWN RESOURCES ORDINARY,-0.01639344262295082,0.7850000262260437,0.8050000071525574,-0.025477681857751344,-0.025477681857751344,False,-0.0004176669157008417,-0.0004176669157008417,0.00010308953341740226,-0.0005207564491182439,2155.1617,10.7,0.99079754601227,0.03642384105960265,0.5364238410596026,0.6503067484662577,,0.05828220858895705,0.24846625766871167,0.7361963190184049,0.009202453987730062
2024-08-26,LOT,LOTUS RESOURCES LTD ORDINARY,-0.01639344262295082,2.875,3.047499895095825,-0.059999963511591314,-0.059999963511591314,False,-0.000983605959206415,-0.000983605959206415,0.00010308953341740226,-0.0010866954926238173,605.097495,7.16,0.9662576687116564,0.026490066225165563,0.847682119205298,0.4049079754601227,,0.2883435582822086,0.1441717791411043,0.029141104294478526,0.5015337423312883
2024-08-26,LKE,LAKE RESOURCES ORDINARY,-0.01639344262295082,0.03700000047683716,0.04100000113248825,-0.10810812443516538,-0.10810812443516538,False,-0.001772264335002711,-0.001772264335002711,0.00010308953341740226,-0.0018753538684201133,62.2522,1.53,0.6457055214723927,0.04966887417218543,0.7251655629139073,0.09202453987730061,,0.03987730061349693,0.12576687116564417,0.16257668711656442,0.04294478527607362
2024-08-26,PDN,PALADIN ENERGY LTD ORDINARY,-0.01639344262295082,10.880000114440918,11.550000190734863,-0.06158088871751577,-0.06158088871751577,False,-0.0010095227658609143,-0.0010095227658609143,0.00010308953341740226,-0.0011126122992783166,2551.055262,9.54,0.9785276073619632,0.10264900662251655,0.8311258278145696,0.6871165644171779,,0.3496932515337423,0.3803680981595092,0.5644171779141104,0.5015337423312883
2024-08-26,MVP,MEDICAL DEVELOPMENTS ORDINARY,-0.01639344262295082,0.44999998807907104,0.4399999976158142,0.02222220161814692,0.02222220161814692,False,0.0003642983871827364,0.0003642983871827364,0.00010308953341740226,0.0002612088537653341,34.550528,0.03,0.12116564417177914,0.7086092715231788,0.7682119205298014,0.03987730061349693,,0.06748466257668712,0.04294478527607362,0.23006134969325154,0.8834355828220859
2024-08-26,PEN,PENINSULA ENERGY LTD ORDINARY,-0.01639344262295082,1.7799999713897705,1.8799999952316284,-0.05617978957818792,-0.05617978957818792,False,-0.0009209801570194742,-0.0009209801570194742,0.00010308953341740226,-0.0010240696904368764,295.97885,1.84,0.6840490797546013,0.17549668874172186,0.9437086092715232,0.25153374233128833,,0.13496932515337423,0.29754601226993865,0.046012269938650305,0.03374233128834356
2024-08-26,LYC,LYNAS RARE EARTHS ORDINARY,-0.01639344262295082,6.800000190734863,8.020000457763672,-0.1794117989424593,-0.16,True,-0.002941177031843595,-0.002622950819672131,0.00018505674653215636,-0.0028080075662042874,5757.86288,10.46,0.9877300613496932,0.5264900662251656,0.46688741721854304,0.8006134969325154,0.8838383838383839,0.2116564417177914,0.450920245398773,0.2791411042944785,0.39570552147239263
2024-08-26,PPK,PPK GROUP LIMITED ORDINARY,-0.01639344262295082,0.4449999928474426,0.39500001072883606,0.11235951218486384,0.11235951218486384,False,0.001841959216145309,0.001841959216145309,0.00010308953341740226,0.0017388696827279066,38.40702,0.37,0.3052147239263804,0.8741721854304636,0.8741721854304636,0.049079754601226995,,0.0705521472392638,0.2361963190184049,0.38650306748466257,0.12576687116564417
2024-08-26,KGN,KOGAN.COM LTD ORDINARY,-0.01639344262295082,4.5221333503723145,4.872671604156494,-0.07751612494030491,-0.07751612494030491,False,-0.0012707561465623756,-0.0012707561465623756,0.00010308953341740226,-0.0013738456799797778,422.203104,1.15,0.5460122699386503,0.7582781456953642,0.7086092715231788,0.32515337423312884,,0.18404907975460122,0.19938650306748465,0.4294478527607362,0.19325153374233128
2024-08-26,SRL,SUNRISE ORDINARY,-0.01639344262295082,0.4099999964237213,0.41499999165534973,-0.012195110427418276,-0.012195110427418276,False,-0.00019991984307243078,-0.00019991984307243078,0.00010308953341740226,-0.00030300937648983304,34.488271,1.4,0.6211656441717791,0.24834437086092714,0.6821192052980133,0.03680981595092025,,0.1901840490797546,0.05521472392638037,0.2085889570552147,0.10429447852760736
2024-08-26,VUL,VULCAN ENERGY ORDINARY,-0.01639344262295082,3.819999933242798,4.519999980926514,-0.18324608898343242,-0.16,True,-0.00300403424563004,-0.002622950819672131,0.00018505674653215636,-0.0028080075662042874,401.510769,5.04,0.8987730061349694,0.15562913907284767,0.4470198675496689,0.3128834355828221,,0.1656441717791411,0.25766871165644173,0.15337423312883436,0.21779141104294478
2024-08-26,WBT,WEEBIT NANO LTD ORDINARY,-0.01639344262295082,2.069999933242798,1.9049999713897705,0.07971012906968722,0.07971012906968722,False,0.0013067234273719218,0.0013067234273719218,0.00010308953341740226,0.0012036338939545195,443.953843,5.28,0.9202453987730062,0.27483443708609273,0.6490066225165563,0.34049079754601225,,0.26993865030674846,0.08282208588957055,0.10429447852760736,0.99079754601227
2024-08-26,TPW,TEMPLE & WEBSTER LTD ORDINARY,-0.01639344262295082,11.4399995803833,13.270000457763672,-0.1599651175266088,-0.16,True,-0.002622378975846046,-0.002622950819672131,0.00018505674653215636,-0.0028080075662042874,1130.835399,2.02,0.7116564417177914,0.8245033112582781,0.9072847682119205,0.5030674846625767,,0.40797546012269936,0.294478527607362,0.44171779141104295,0.35276073619631904
2024-08-26,SYR,SYRAH RESOURCES ORDINARY,-0.01639344262295082,0.25,0.25,-0.0,-0.0,False,-0.0,-0.0,0.00010308953341740226,-0.00010308953341740226,198.544733,12.72,0.9938650306748467,0.029801324503311258,0.8543046357615894,0.20552147239263804,,0.02147239263803681,0.12883435582822086,0.6748466257668712,0.3159509202453988
2024-08-26,TLG,TALGA GROUP LTD ORDINARY,-0.01639344262295082,0.4099999964237213,0.39500001072883606,0.03658533128225516,0.03658533128225516,False,0.0005997595292172978,0.0005997595292172978,0.00010308953341740226,0.0004966699957998955,216.935044,1.03,0.5214723926380368,0.06622516556291391,0.9172185430463576,0.2147239263803681,,0.13190184049079753,0.05214723926380368,0.2147239263803681,0.8926380368098159
2024-08-26,SVL,SILVER MINES LIMITED ORDINARY,-0.01639344262295082,0.09000000357627869,0.09099999815225601,-0.011111050402679012,-0.011111050402679012,False,-0.000182148367257033,-0.000182148367257033,0.00010308953341740226,-0.00028523790067443524,229.162044,1.17,0.5598159509202454,0.019867549668874173,0.9867549668874173,0.22392638036809817,,0.3773006134969325,0.3312883435582822,0.029141104294478526,0.1411042944785276
2024-08-26,SLX,SILEX SYSTEMS ORDINARY,-0.01639344262295082,4.420000076293945,4.300000190734863,0.027149294906731902,0.027149294906731902,False,0.0004450704083070804,0.0004450704083070804,0.00010308953341740226,0.00034198087488967815,1197.70638,4.42,0.8742331288343558,0.13245033112582782,0.7417218543046358,0.5184049079754601,,0.3987730061349693,0.1687116564417178,0.1165644171779141,0.950920245398773
2024-08-26,SHV,SELECT HARVESTS ORDINARY,-0.01639344262295082,3.990000009536743,3.680000066757202,0.0776942210623035,0.0776942210623035,False,0.0012736757551197297,0.0012736757551197297,0.00010308953341740226,0.0011705862217023274,529.522,4.16,0.8650306748466258,0.9105960264900662,0.4768211920529801,0.37423312883435583,,0.15337423312883436,0.3558282208588957,0.8374233128834356,0.09202453987730061
2024-08-26,S2R,S2 RESOURCES ORDINARY,-0.01639344262295082,0.10499999672174454,0.07999999821186066,0.23809523133734167,0.23809523133734167,False,0.003903200513726913,0.003903200513726913,0.00010308953341740226,0.0038001109803095104,42.568651,0.0,0.03680981595092025,0.17880794701986755,0.9701986754966887,0.05828220858895705,,0.12269938650306748,0.049079754601226995,0.13190184049079753,0.9938650306748467
2024-08-26,PWH,PWR HOLDINGS LIMITED ORDINARY,-0.01639344262295082,9.383565902709961,8.974206924438477,0.04362509759251143,0.04362509759251143,False,0.0007151655343034661,0.0007151655343034661,0.00010308953341740226,0.0006120760008860638,1099.296393,1.36,0.602760736196319,0.28807947019867547,0.7549668874172185,0.49079754601226994,0.7222222222222222,0.44785276073619634,0.9294478527607362,0.39570552147239263,0.852760736196319
2024-08-26,SXL,STHN CROSS MEDIA ORDINARY,-0.01639344262295082,0.5187349915504456,0.4568674862384796,0.11926611144363009,0.11926611144363009,False,0.001955182154813608,0.001955182154813608,0.00010308953341740226,0.0018520926213962056,150.503555,1.98,0.7055214723926381,0.152317880794702,0.5695364238410596,0.1656441717791411,,0.8895705521472392,0.027607361963190184,0.843558282208589,0.44785276073619634
2024-09-30,BBN,BABY BUNTING GRP LTD ORDINARY,-0.016666666666666666,1.8049999475479126,1.7450000047683716,0.03324096649479169,0.03324096649479169,False,0.0005540161082465281,0.0005540161082465281,0.0001048076923076923,0.0004492084159388358,209.535785,1.74,0.6677018633540373,0.9,0.7033333333333334,0.2080745341614907,0.7688442211055276,0.8198757763975155,0.4751552795031056,0.8975155279503105,0.38819875776397517
2024-09-30,BOE,BOSS ENERGY LTD ORDINARY,-0.016666666666666666,3.2899999618530273,3.180000066757202,0.03343461895782818,0.03343461895782818,False,0.0005572436492971363,0.0005572436492971363,0.0001048076923076923,0.00045243595698944396,1664.3858,13.34,0.9906832298136646,0.17333333333333334,0.8133333333333334,0.593167701863354,,0.3447204968944099,0.27639751552795033,0.059006211180124224,0.4906832298136646
2024-09-30,BMN,BANNERMAN ENERGY LTD ORDINARY,-0.016666666666666666,3.140000104904175,2.8499999046325684,0.09235674859331144,0.09235674859331144,False,0.0015392791432218573,0.0015392791432218573,0.0001048076923076923,0.001434471450914165,497.134608,2.05,0.718944099378882,0.385,0.9066666666666666,0.35714285714285715,,0.2577639751552795,0.2608695652173913,0.046583850931677016,0.4906832298136646
2024-09-30,BEN,BENDIGO AND ADELAIDE ORDINARY,-0.016666666666666666,10.758537292480469,11.34032917022705,-0.05407722833783524,-0.05407722833783524,False,-0.0009012871389639206,-0.0009012871389639206,0.0001048076923076923,-0.0010060948312716129,6459.18626,2.38,0.7515527950310559,0.49333333333333335,0.26666666666666666,0.8136645962732919,0.21608040201005024,0.024844720496894408,0.5838509316770186,0.8881987577639752,0.06521739130434782
2024-09-30,ASM,AUSSTRATMATERIALS ORDINARY,-0.016666666666666666,0.5600000023841858,0.5400000214576721,0.035714251502436234,0.035714251502436234,False,0.0005952375250406039,0.0005952375250406039,0.0001048076923076923,0.0004904298327329116,134.781724,1.18,0.5791925465838509,0.03666666666666667,0.8966666666666666,0.15217391304347827,,0.15838509316770186,0.17701863354037267,0.2857142857142857,0.07142857142857142
2024-09-30,88E,88 ENERGY LTD ORDINARY,-0.016666666666666666,0.0625,0.05000000074505806,0.19999998807907104,0.19999998807907104,False,0.003333333134651184,0.003333333134651184,0.0001048076923076923,0.0032285254423434916,59.776972,0.02,0.11180124223602485,0.8566666666666667,0.9766666666666667,0.09006211180124224,,0.2267080745341615,0.11801242236024845,0.027950310559006212,0.4906832298136646
2024-09-30,APX,APPEN LIMITED ORDINARY,-0.016666666666666666,1.9600000381469727,1.8899999856948853,0.035714311780456365,0.035714311780456365,False,0.0005952385296742728,0.0005952385296742728,0.0001048076923076923,0.0004904308373665804,68.17114,3.0,0.7919254658385093,1.0,0.9533333333333334,0.10559006211180125,,0.8540372670807453,0.11180124223602485,0.36645962732919257,0.16149068322981366
2024-09-30,AMS,ATOMOS ORDINARY,-0.016666666666666666,0.04100000113248825,0.02800000086426735,0.31707316851559175,0.31707316851559175,False,0.0052845528085931955,0.0052845528085931955,0.0001048076923076923,0.005179745116285503,24.273246,0.15,0.2080745341614907,0.9633333333333334,0.9633333333333334,0.027950310559006212,,0.034161490683229816,0.006211180124223602,0.9192546583850931,0.6024844720496895
2024-09-30,AGI,AINSWORTH GAME TECH. ORDINARY,-0.016666666666666666,0.8199999928474426,0.699999988079071,0.14634147050620405,0.14634147050620405,False,0.0024390245084367343,0.0024390245084367343,0.0001048076923076923,0.002334216816129042,303.978,0.06,0.14906832298136646,0.21333333333333335,0.6566666666666666,0.2546583850931677,0.1457286432160804,0.11490683229813664,0.6149068322981367,0.3136645962732919,0.19875776397515527
2024-09-30,A2M,THE A2 MILK COMPANY ORDINARY,-0.016666666666666666,6.079033374786377,5.445801258087158,0.10416658005623647,0.10416658005623647,False,0.001736109667603941,0.001736109667603941,0.0001048076923076923,0.0016313019752962489,4939.805425,5.2,0.9037267080745341,0.26666666666666666,0.8533333333333334,0.7795031055900621,0.8140703517587939,0.40993788819875776,0.5372670807453416,0.2608695652173913,0.08695652173913043
2024-09-30,BRN,BRAINCHIP LTD ORDINARY,-0.016666666666666666,0.23499999940395355,0.24500000476837158,-0.042553214424603025,-0.042553214424603025,False,-0.0007092202404100504,-0.0007092202404100504,0.0001048076923076923,-0.0008140279327177426,266.817648,2.64,0.7701863354037267,0.7166666666666667,0.97,0.2391304347826087,,0.22981366459627328,0.040372670807453416,0.30745341614906835,0.2236024844720497
2024-09-30,ARU,ARAFURA RARE EARTHS ORDINARY,-0.016666666666666666,0.17499999701976776,0.14499999582767487,0.1714285811599422,0.1714285811599422,False,0.00285714301933237,0.00285714301933237,0.0001048076923076923,0.0027523353270246776,415.854394,3.68,0.8509316770186336,0.19,0.74,0.3198757763975155,,0.33540372670807456,0.36335403726708076,0.08695652173913043,0.4906832298136646
2024-09-30,CAT,CATAPULT GRP INT LTD ORDINARY,-0.016666666666666666,2.430000066757202,2.740000009536743,-0.12757198940872105,-0.12757198940872105,False,-0.002126199823478684,-0.002126199823478684,0.0001048076923076923,-0.0022310075157863764,617.84208,0.01,0.09006211180124224,0.9966666666666667,0.92,0.40993788819875776,,0.42857142857142855,0.2391304347826087,0.38509316770186336,0.41304347826086957
2024-09-30,EOS,ELECTRO OPTIC SYS. ORDINARY,-0.016666666666666666,1.4149999618530273,1.3700000047683716,0.03180209066982986,0.03180209066982986,False,0.0005300348444971643,0.0005300348444971643,0.0001048076923076923,0.00042522715218947204,256.557579,0.39,0.3090062111801242,0.23666666666666666,0.7866666666666666,0.22981366459627328,,0.08695652173913043,0.3198757763975155,0.5093167701863354,0.4161490683229814
2024-09-30,CIA,CHAMPION IRON LTD ORDINARY,-0.016666666666666666,6.897292613983154,5.733667850494385,0.16870746662679015,0.16870746662679015,False,0.0028117911104465023,0.0028117911104465023,0.0001048076923076923,0.00270698341813881,3558.760424,4.58,0.8913043478260869,0.6866666666666666,0.9266666666666666,0.7422360248447205,0.8944723618090452,0.27639751552795033,0.4192546583850932,0.5993788819875776,0.13354037267080746
2024-09-30,CHN,CHALICE MINING LTD ORDINARY,-0.016666666666666666,1.5399999618530273,1.840000033378601,-0.19480524607584693,-0.16,True,-0.0032467541012641153,-0.0026666666666666666,0.0001881410256410256,-0.002854807692307692,599.61158,7.01,0.9565217391304348,0.7766666666666666,0.9033333333333333,0.39751552795031053,,0.2391304347826087,0.19254658385093168,0.13354037267080746,0.009316770186335404
2024-09-30,IPD,IMPEDIMED LIMITED ORDINARY,-0.016666666666666666,0.0560000017285347,0.05400000140070915,0.03571429046593133,0.03571429046593133,False,0.0005952381744321888,0.0005952381744321888,0.0001048076923076923,0.0004904304821244966,145.259394,0.48,0.35248447204968947,0.11666666666666667,0.9166666666666666,0.16149068322981366,,0.13043478260869565,0.09937888198757763,0.1956521739130435,0.8291925465838509
2024-09-30,IMU,IMUGENE LIMITED ORDINARY,-0.016666666666666666,1.6660000085830688,1.496000051498413,0.10204079004131605,0.10204079004131605,False,0.0017006798340219343,0.0017006798340219343,0.0001048076923076923,0.001595872141714242,400.087895,6.03,0.9285714285714286,0.3333333333333333,0.78,0.30434782608695654,,0.09627329192546584,0.043478260869565216,0.13664596273291926,0.015527950310559006
2024-09-30,GLN,GALAN LITHIUM LTD ORDINARY,-0.016666666666666666,0.11999999731779099,0.16500000655651093,-0.37500008537123786,-0.16,True,-0.006250001422853964,-0.0026666666666666666,0.0001881410256410256,-0.002854807692307692,67.28703,0.68,0.4301242236024845,0.07833333333333334,0.86,0.10248447204968944,,0.009316770186335404,0.2670807453416149,0.07763975155279502,0.4906832298136646
2024-09-30,FBR,FBR LTD ORDINARY,-0.016666666666666666,0.05000000074505806,0.039000000804662704,0.21999999552965166,0.21999999552965166,False,0.003666666592160861,0.003666666592160861,0.0001048076923076923,0.0035618588998531688,94.952627,0.41,0.3198757763975155,0.8066666666666666,0.9133333333333333,0.13043478260869565,,0.09937888198757763,0.15527950310559005,0.35714285714285715,0.052795031055900624
2024-09-30,ERA,ENERGY RESOURCES ORDINARY 'A',-0.016666666666666666,0.007000000216066837,0.003000000026077032,0.5714285809318627,0.5714285809318627,False,0.009523809682197711,0.009523809682197711,0.0001048076923076923,0.009419001989890019,797.165881,0.0,0.03881987577639751,0.0033333333333333335,0.82,0.4409937888198758,,0.10248447204968944,0.8260869565217391,0.012422360248447204,0.17701863354037267
2024-09-30,FML,FOCUS MINERALS LTD ORDINARY,-0.016666666666666666,0.13500000536441803,0.20000000298023224,-0.4814814446884923,-0.16,True,-0.008024690744808206,-0.0026666666666666666,0.0001881410256410256,-0.002854807692307692,41.568272,0.0,0.03881987577639751,0.23333333333333334,0.7433333333333333,0.055900621118012424,,0.037267080745341616,0.06521739130434782,0.9037267080745341,0.9285714285714286
2024-09-30,EDE,EDEN INV LTD ORDINARY,-0.016666666666666666,0.03999999910593033,0.03999999910593033,-0.0,-0.0,False,-0.0,-0.0,0.0001048076923076923,-0.0001048076923076923,61.79294,0.0,0.03881987577639751,0.385,0.99,0.09316770186335403,,0.2204968944099379,0.037267080745341616,0.953416149068323,0.9037267080745341
2024-09-30,DEV,DEVEX RESOURCES LTD ORDINARY,-0.016666666666666666,0.16500000655651093,0.125,0.24242427252759713,0.24242427252759713,False,0.004040404542126619,0.004040404542126619,0.0001048076923076923,0.003935596849818927,132.3573,0.5,0.36645962732919257,0.013333333333333334,0.98,0.14596273291925466,,0.21428571428571427,0.08385093167701864,0.13043478260869565,0.9751552795031055
2024-09-30,CXO,CORE LITHIUM ORDINARY,-0.016666666666666666,0.12999999523162842,0.10499999672174454,0.1923076878990646,0.1923076878990646,False,0.0032051281316510766,0.0032051281316510766,0.0001048076923076923,0.0031003204393433843,194.461134,2.47,0.7577639751552795,0.9133333333333333,0.9666666666666667,0.19875776397515527,,0.06521739130434782,0.13975155279503104,0.14596273291925466,0.07453416149068323
2024-09-30,CXL,CALIX LIMITED ORDINARY,-0.016666666666666666,1.1549999713897705,0.8450000286102295,0.2683982255051739,0.2683982255051739,False,0.004473303758419565,0.004473303758419565,0.0001048076923076923,0.004368496066111872,265.607252,3.21,0.8136645962732919,0.25,0.93,0.2360248447204969,,0.2422360248447205,0.14285714285714285,0.21428571428571427,0.422360248447205
2024-09-30,4DX,4DMEDICAL LIMITED ORDINARY,-0.016666666666666666,0.675000011920929,0.5400000214576721,0.19999998233936478,0.19999998233936478,False,0.0033333330389894128,0.0033333330389894128,0.0001048076923076923,0.0032285253466817205,223.665092,0.1,0.18633540372670807,0.81,0.9833333333333333,0.21739130434782608,,0.16149068322981366,0.08074534161490683,0.2639751552795031,0.968944099378882
2024-09-30,KGN,KOGAN.COM LTD ORDINARY,-0.016666666666666666,4.872671604156494,4.521914958953857,0.07198446226161304,0.07198446226161304,False,0.0011997410376935506,0.0011997410376935506,0.0001048076923076923,0.0010949333453858583,422.203104,1.15,0.5729813664596274,0.8466666666666667,0.48333333333333334,0.32298136645962733,,0.18322981366459629,0.1956521739130435,0.4254658385093168,0.18322981366459629
2024-09-30,IXR,IONIC RARE EARTHS ORDINARY,-0.016666666666666666,0.23999999463558197,0.27000001072883606,-0.12500006984919465,-0.12500006984919465,False,-0.0020833344974865776,-0.0020833344974865776,0.0001048076923076923,-0.00218814218979427,49.693557,0.07,0.16614906832298137,0.07833333333333334,0.9366666666666666,0.07142857142857142,,0.049689440993788817,0.12422360248447205,0.14285714285714285,0.9627329192546584
2024-09-30,CST,CASTILE RESOURCES ORDINARY,-0.016666666666666666,0.07800000160932541,0.09000000357627869,-0.15384617588929128,-0.16,True,-0.002564102931488188,-0.0026666666666666666,0.0001881410256410256,-0.002854807692307692,17.416974,0.01,0.09006211180124224,0.79,0.25,0.024844720496894408,,0.14596273291925466,0.30745341614906835,0.062111801242236024,0.2826086956521739
2024-09-30,LIC,LIFESTYLE COMMUNIT. ORDINARY,-0.016666666666666666,8.430000305175781,8.449999809265137,-0.0023724203280368616,-0.0023724203280368616,False,-3.954033880061436e-05,-3.954033880061436e-05,0.0001048076923076923,-0.00014434803110830667,1417.96472,7.59,0.9627329192546584,0.06,0.67,0.5590062111801242,0.5477386934673367,0.2732919254658385,0.5527950310559007,0.5807453416149069,0.9254658385093167
2024-09-30,NHC,NEW HOPE CORPORATION ORDINARY,-0.016666666666666666,4.5142130851745605,4.4143290519714355,0.022126565875049464,0.022126565875049464,False,0.0003687760979174911,0.0003687760979174911,0.0001048076923076923,0.0002639684056097988,4116.783709,4.62,0.8944099378881988,0.4766666666666667,0.73,0.7577639751552795,0.08542713567839195,0.8509316770186336,0.8354037267080745,0.3695652173913043,0.7701863354037267
2024-09-30,PDN,PALADIN ENERGY LTD ORDINARY,-0.016666666666666666,11.550000190734863,9.829999923706055,0.1489177695779219,0.1489177695779219,False,0.0024819628262986986,0.0024819628262986986,0.0001048076923076923,0.0023771551339910064,2551.055262,13.8,0.9937888198757764,0.21666666666666667,0.8866666666666667,0.6832298136645962,,0.3385093167701863,0.3695652173913043,0.5590062111801242,0.4906832298136646
2024-09-30,NVX,NOVONIX LIMITED ORDINARY,-0.016666666666666666,0.699999988079071,0.675000011920929,0.035714252262698754,0.035714252262698754,False,0.0005952375377116459,0.0005952375377116459,0.0001048076923076923,0.0004904298454039536,349.316636,5.5,0.9161490683229814,0.44,0.96,0.2732919254658385,,0.2236024844720497,0.13043478260869565,0.6211180124223602,0.10248447204968944
2024-09-30,NMT,NEOMETALS LTD ORDINARY,-0.016666666666666666,0.125,0.09000000357627869,0.2799999713897705,0.2799999713897705,False,0.004666666189829509,0.004666666189829509,0.0001048076923076923,0.0045618584975218165,53.844434,0.2,0.2360248447204969,0.9766666666666667,0.9966666666666667,0.08385093167701864,,0.11801242236024845,0.024844720496894408,0.32608695652173914,0.4906832298136646
2024-09-30,NEU,NEUREN PHARMACEUT. ORDINARY,-0.016666666666666666,15.140000343322754,12.34000015258789,0.18494056322592867,0.18494056322592867,False,0.0030823427204321446,0.0030823427204321446,0.0001048076923076923,0.0029775350281244523,2580.292105,3.41,0.8291925465838509,0.08666666666666667,0.5766666666666667,0.6863354037267081,0.9547738693467337,0.2981366459627329,0.5714285714285714,0.027950310559006212,0.049689440993788817
2024-09-30,LOT,LOTUS RESOURCES LTD ORDINARY,-0.016666666666666666,3.047499895095825,2.817500114440918,0.07547162873574931,0.07547162873574931,False,0.0012578604789291552,0.0012578604789291552,0.0001048076923076923,0.001153052786621463,605.097495,8.42,0.968944099378882,0.12,0.7366666666666667,0.40062111801242234,,0.2888198757763975,0.15217391304347827,0.027950310559006212,0.4906832298136646
2024-09-30,MIN,MINERAL RESOURCES. ORDINARY,-0.016666666666666666,52.040000915527344,36.70000076293945,0.2947732490913705,0.2947732490913705,False,0.004912887484856175,0.004912887484856175,0.0001048076923076923,0.004808079792548482,10775.485322,13.02,0.9875776397515528,0.25666666666666665,0.9933333333333333,0.8913043478260869,,0.09316770186335403,0.16149068322981366,0.8819875776397516,0.7453416149068323
2024-09-30,MGX,MOUNT GIBSON IRON ORDINARY,-0.016666666666666666,0.33500000834465027,0.3149999976158142,0.0597015230765604,0.0597015230765604,False,0.0009950253846093401,0.0009950253846093401,0.0001048076923076923,0.0008902176923016479,505.203716,0.75,0.453416149068323,0.09,0.84,0.3695652173913043,,0.9409937888198758,0.10248447204968944,0.18012422360248448,0.09006211180124224
2024-09-30,LYC,LYNAS RARE EARTHS ORDINARY,-0.016666666666666666,8.020000457763672,7.940000057220459,0.009975111717826612,0.009975111717826612,False,0.00016625186196377688,0.00016625186196377688,0.0001048076923076923,6.144416965608458e-05,5757.86288,9.87,0.9782608695652174,0.8733333333333333,0.6866666666666666,0.7981366459627329,0.8743718592964824,0.2111801242236025,0.4472049689440994,0.2795031055900621,0.38509316770186336
2024-09-30,LTR,LIONTOWN RESOURCES ORDINARY,-0.016666666666666666,0.8050000071525574,0.800000011920929,0.006211174145593357,0.006211174145593357,False,0.00010351956909322262,0.00010351956909322262,0.0001048076923076923,-1.288123214469679e-06,2155.1617,10.47,0.9813664596273292,0.22666666666666666,0.95,0.6490683229813664,,0.062111801242236024,0.2422360248447205,0.7298136645962733,0.009316770186335404
2024-09-30,PEN,PENINSULA ENERGY LTD ORDINARY,-0.016666666666666666,1.8799999952316284,1.7799999713897705,0.0531915021784547,0.0531915021784547,False,0.0008865250363075782,0.0008865250363075782,0.0001048076923076923,0.000781717343999886,295.97885,1.77,0.6754658385093167,0.23,0.6066666666666667,0.2484472049689441,,0.13664596273291926,0.2950310559006211,0.043478260869565216,0.037267080745341616
2024-09-30,NCK,NICK SCALI LIMITED ORDINARY,-0.016666666666666666,15.738663673400879,13.273571968078613,0.15662649361320258,0.15662649361320258,False,0.002610441560220043,0.002610441560220043,0.0001048076923076923,0.0025056338679123507,1103.464834,2.22,0.7453416149068323,0.8966666666666666,0.31,0.4937888198757764,0.3015075376884422,0.7391304347826086,0.922360248447205,0.84472049689441,0.6863354037267081
2024-09-30,PLS,PILBARA MIN LTD ORDINARY,-0.016666666666666666,3.2699999809265137,2.950000047683716,0.09785930737287951,0.09785930737287951,False,0.0016309884562146586,0.0016309884562146586,0.0001048076923076923,0.0015261807639069664,9269.46818,19.19,1.0,0.6366666666666667,0.94,0.8726708074534162,0.9195979899497487,0.17701863354037267,0.41304347826086957,0.40683229813664595,0.10869565217391304
2024-09-30,WBT,WEEBIT NANO LTD ORDINARY,-0.016666666666666666,1.9049999713897705,2.059999942779541,-0.08136481559980924,-0.08136481559980924,False,-0.0013560802599968207,-0.0013560802599968207,0.0001048076923076923,-0.001460887952304513,443.953843,6.48,0.9472049689440993,0.10666666666666667,0.44666666666666666,0.3385093167701863,,0.2670807453416149,0.08695652173913043,0.10248447204968944,0.9937888198757764
2024-09-30,VUL,VULCAN ENERGY ORDINARY,-0.016666666666666666,4.519999980926514,4.889999866485596,-0.0818583821062846,-0.0818583821062846,False,-0.0013643063684380767,-0.0013643063684380767,0.0001048076923076923,-0.001469114060745769,401.510769,4.73,0.9006211180124224,0.36,0.8366666666666667,0.3105590062111801,,0.16459627329192547,0.2546583850931677,0.14906832298136646,0.20496894409937888
2024-09-30,SHV,SELECT HARVESTS ORDINARY,-0.016666666666666666,3.680000066757202,3.559999942779541,0.0326087287502157,0.0326087287502157,False,0.000543478812503595,0.000543478812503595,0.0001048076923076923,0.0004386711201959027,445.69952,3.85,0.860248447204969,0.43,0.65,0.3416149068322981,0.8492462311557789,0.8850931677018633,0.391304347826087,0.7888198757763976,0.9720496894409938
2024-09-30,S2R,S2 RESOURCES ORDINARY,-0.016666666666666666,0.07999999821186066,0.07800000160932541,0.024999958090483165,0.024999958090483165,False,0.0004166659681747194,0.0004166659681747194,0.0001048076923076923,0.0003118582758670271,42.568651,0.0,0.03881987577639751,0.02,0.6,0.062111801242236024,,0.12422360248447205,0.052795031055900624,0.12732919254658384,0.9968944099378882
2024-09-30,PPE,PEOPLEIN LIMITED ORDINARY,-0.016666666666666666,0.8500000238418579,0.7549999952316284,0.11176473640653006,0.11176473640653006,False,0.001862745606775501,0.001862745606775501,0.0001048076923076923,0.0017579379144678088,85.659946,0.89,0.5139751552795031,0.33,0.8666666666666667,0.12422360248447205,,0.9316770186335404,0.35093167701863354,0.8043478260869565,0.33229813664596275
2024-09-30,LKE,LAKE RESOURCES ORDINARY,-0.016666666666666666,0.04100000113248825,0.05999999865889549,-0.46341456101452927,-0.16,True,-0.007723576016908821,-0.0026666666666666666,0.0001881410256410256,-0.002854807692307692,62.2522,0.84,0.4813664596273292,0.44333333333333336,0.8,0.09627329192546584,,0.040372670807453416,0.13354037267080746,0.15838509316770186,0.046583850931677016
2024-09-30,TTT,TITOMIC LIMITED ORDINARY,-0.016666666666666666,0.12999999523162842,0.19499999284744263,-0.5,-0.16,True,-0.008333333333333333,-0.0026666666666666666,0.0001881410256410256,-0.002854807692307692,9231.388255,0.07,0.16614906832298137,0.9566666666666667,0.9566666666666667,0.8695652173913043,,0.32919254658385094,0.009316770186335404,0.8198757763975155,0.9316770186335404
2024-09-30,TOE,TORO ENERGY LIMITED ORDINARY,-0.016666666666666666,0.23499999940395355,0.35499998927116394,-0.5106382560492533,-0.16,True,-0.008510637600820888,-0.0026666666666666666,0.0001881410256410256,-0.002854807692307692,37.243258,0.0,0.03881987577639751,0.06333333333333334,0.9733333333333334,0.046583850931677016,,0.15527950310559005,0.16770186335403728,0.027950310559006212,0.027950310559006212
2024-09-30,TLG,TALGA GROUP LTD ORDINARY,-0.016666666666666666,0.39500001072883606,0.6150000095367432,-0.5569620071705139,-0.16,True,-0.009282700119508566,-0.0026666666666666666,0.0001881410256410256,-0.002854807692307692,216.935044,0.24,0.2484472049689441,0.06666666666666667,0.49333333333333335,0.2111801242236025,,0.13354037267080746,0.055900621118012424,0.2111801242236025,0.8881987577639752
2024-09-30,TPW,TEMPLE & WEBSTER LTD ORDINARY,-0.016666666666666666,13.270000457763672,11.380000114440918,0.14242654695742685,0.14242654695742685,False,0.0023737757826237807,0.0023737757826237807,0.0001048076923076923,0.0022689680903160885,1130.835399,1.9,0.6894409937888198,0.9666666666666667,0.6333333333333333,0.5031055900621118,,0.39751552795031053,0.2919254658385093,0.43788819875776397,0.3416149068322981
2024-09-30,SYR,SYRAH RESOURCES ORDINARY,-0.016666666666666666,0.25,0.2800000011920929,-0.12000000476837158,-0.12000000476837158,False,-0.0020000000794728598,-0.0020000000794728598,0.0001048076923076923,-0.002104807771780552,198.544733,12.56,0.984472049689441,0.1,0.7266666666666667,0.20186335403726707,,0.027950310559006212,0.13664596273291926,0.6708074534161491,0.30434782608695654
2024-09-30,SXL,STHN CROSS MEDIA ORDINARY,-0.016666666666666666,0.4568674862384796,0.49018073081970215,-0.07291664560220723,-0.07291664560220723,False,-0.0012152774267034539,-0.0012152774267034539,0.0001048076923076923,-0.0013200851190111461,150.503555,0.88,0.5015527950310559,0.10333333333333333,0.5833333333333334,0.16770186335403728,,0.8944099378881988,0.031055900621118012,0.8385093167701864,0.43478260869565216
2024-09-30,SVL,SILVER MINES LIMITED ORDINARY,-0.016666666666666666,0.09099999815225601,0.10999999940395355,-0.20879122678560735,-0.16,True,-0.0034798537797601226,-0.0026666666666666666,0.0001881410256410256,-0.002854807692307692,229.162044,0.21,0.2422360248447205,0.016666666666666666,0.4166666666666667,0.2204968944099379,,0.3695652173913043,0.32608695652173914,0.027950310559006212,0.13664596273291926
2024-09-30,SRL,SUNRISE ORDINARY,-0.016666666666666666,0.41499999165534973,0.3400000035762787,0.18072286647503655,0.18072286647503655,False,0.0030120477745839425,0.0030120477745839425,0.0001048076923076923,0.0029072400822762502,34.488271,1.39,0.6164596273291926,0.15,0.5366666666666666,0.040372670807453416,,0.18944099378881987,0.059006211180124224,0.20496894409937888,0.09937888198757763
2024-09-30,SLX,SILEX SYSTEMS ORDINARY,-0.016666666666666666,4.300000190734863,5.269999980926514,-0.22558133655009893,-0.16,True,-0.003759688942501649,-0.0026666666666666666,0.0001881410256410256,-0.002854807692307692,1197.70638,5.27,0.906832298136646,0.16333333333333333,0.7633333333333333,0.5186335403726708,,0.38819875776397517,0.17080745341614906,0.11490683229813664,0.9440993788819876
2024-09-30,TER,TERRACOM LTD ORDINARY,-0.016666666666666666,0.19622227549552917,0.2105799913406372,-0.07317067243690767,-0.07317067243690767,False,-0.0012195112072817945,-0.0012195112072817945,0.0001048076923076923,-0.0013243188995894868,184.229968,0.5,0.36645962732919257,0.2733333333333333,0.87,0.18944099378881987,,0.12111801242236025,0.2484472049689441,0.18633540372670807,0.16770186335403728
2024-10-28,APX,APPEN LIMITED ORDINARY,-0.01694915254237288,1.8849999904632568,2.359999895095825,-0.2519893406025071,-0.16,True,-0.0042710057729238495,-0.002711864406779661,0.0001913298565840939,-0.0029031942633637553,68.17114,0.1,0.18454258675078863,1.0,0.9324324324324325,0.10094637223974763,,0.8517350157728707,0.11041009463722397,0.35646687697160884,0.15772870662460567
2024-10-28,BEN,BENDIGO AND ADELAIDE ORDINARY,-0.01694915254237288,11.312623977661133,12.356157302856445,-0.0922450288505976,-0.0922450288505976,False,-0.0015634750652643661,-0.0015634750652643661,0.00010658409387222948,-0.0016700591591365956,6459.18626,2.18,0.7476340694006309,0.5033783783783784,0.34121621621621623,0.8107255520504731,0.20812182741116753,0.025236593059936908,0.5867507886435331,0.886435331230284,0.05993690851735016
2024-10-28,BBN,BABY BUNTING GRP LTD ORDINARY,-0.01694915254237288,1.909999966621399,1.7599999904632568,0.07853402030340195,0.07853402030340195,False,0.0013310850898881686,0.0013310850898881686,0.00010658409387222948,0.001224500996015939,209.535785,1.7,0.6782334384858044,0.9324324324324325,0.7905405405405406,0.20189274447949526,0.7715736040609137,0.8201892744479495,0.47318611987381703,0.8958990536277602,0.38485804416403785
2024-10-28,ASM,AUSSTRATMATERIALS ORDINARY,-0.01694915254237288,0.5699999928474426,0.4749999940395355,0.16666666666666663,0.16666666666666663,False,0.0028248587570621464,0.0028248587570621464,0.00010658409387222948,0.002718274663189917,134.781724,1.22,0.5962145110410094,0.4155405405405405,0.6418918918918919,0.15141955835962145,,0.15141955835962145,0.17350157728706625,0.2744479495268139,0.06624605678233439
2024-10-28,APE,EAGERS AUTOMOTIVE ORDINARY,-0.01694915254237288,10.667397499084473,10.686178207397461,-0.0017605707778864943,-0.0017605707778864943,False,-2.9840182676042278e-05,-2.9840182676042278e-05,0.00010658409387222948,-0.00013642427654827176,2695.33656,5.41,0.9116719242902208,0.6148648648648649,0.6587837837837838,0.6876971608832808,0.17258883248730963,0.8706624605678234,0.8391167192429022,0.9274447949526814,0.7255520504731862
2024-10-28,KGN,KOGAN.COM LTD ORDINARY,-0.01694915254237288,4.427116394042969,4.7209930419921875,-0.0663810529907578,-0.0663810529907578,False,-0.0011251025930636917,-0.0011251025930636917,0.00010658409387222948,-0.0012316866869359212,422.203104,1.19,0.5772870662460567,0.6385135135135135,0.6216216216216216,0.31545741324921134,,0.17665615141955837,0.19242902208201892,0.416403785488959,0.17665615141955837
2024-10-28,AGI,AINSWORTH GAME TECH. ORDINARY,-0.01694915254237288,0.7549999952316284,0.7400000095367432,0.01986753084718018,0.01986753084718018,False,0.00033673781096915564,0.00033673781096915564,0.00010658409387222948,0.00023015371709692614,303.978,0.06,0.15457413249211358,0.10135135135135136,0.30743243243243246,0.24605678233438485,0.14213197969543148,0.11041009463722397,0.6182965299684543,0.3028391167192429,0.19242902208201892
2024-10-28,ADH,ADAIRS LIMITED ORDINARY,-0.01694915254237288,2.445236921310425,2.4544992446899414,-0.003787904271686182,-0.003787904271686182,False,-6.420176731671495e-05,-6.420176731671495e-05,0.00010658409387222948,-0.00017078586118894444,330.501475,1.01,0.5441640378548895,0.8851351351351351,0.8648648648648649,0.2555205047318612,0.2233502538071066,0.8580441640378549,0.7381703470031545,0.8422712933753943,0.35331230283911674
2024-10-28,ABB,AUSSIE BROADBAND ORDINARY,-0.01694915254237288,3.6948230266571045,3.6164183616638184,0.02122014083695445,0.02122014083695445,False,0.0003596634040161771,0.0003596634040161771,0.00010658409387222948,0.0002530793101439476,979.67223,1.85,0.7129337539432177,0.8006756756756757,0.7128378378378378,0.4637223974763407,0.6446700507614214,0.7728706624605678,0.5141955835962145,0.7413249211356467,0.8958990536277602
2024-10-28,88E,88 ENERGY LTD ORDINARY,-0.01694915254237288,0.05000000074505806,0.03750000149011612,0.24999998137354873,0.24999998137354873,False,0.004237287819890656,0.004237287819890656,0.00010658409387222948,0.004130703726018427,59.776972,0.02,0.10252365930599369,0.32263513513513514,0.8783783783783784,0.08517350157728706,,0.21766561514195584,0.1167192429022082,0.02050473186119874,0.48738170347003157
2024-10-28,BET,BETMAKERS TECH GROUP ORDINARY,-0.01694915254237288,0.09099999815225601,0.10999999940395355,-0.20879122678560735,-0.16,True,-0.00353883435229843,-0.002711864406779661,0.0001913298565840939,-0.0029031942633637553,81.85399,3.19,0.8217665615141956,0.543918918918919,0.7432432432432432,0.11041009463722397,,0.35331230283911674,0.11356466876971609,0.1892744479495268,0.17350157728706625
2024-10-28,AMS,ATOMOS ORDINARY,-0.01694915254237288,0.028999999165534973,0.014000000432133675,0.5172413505179695,0.5172413505179695,False,0.008766802551152026,0.008766802551152026,0.00010658409387222948,0.008660218457279796,24.273246,0.15,0.20977917981072555,0.11486486486486487,0.8682432432432432,0.025236593059936908,,0.03470031545741325,0.006309148264984227,0.917981072555205,0.5993690851735016
2024-10-28,BMN,BANNERMAN ENERGY LTD ORDINARY,-0.01694915254237288,3.069999933242798,2.7899999618530273,0.09120520439035007,0.09120520439035007,False,0.0015458509218703401,0.0015458509218703401,0.00010658409387222948,0.0014392668279981106,497.134608,1.61,0.6640378548895899,0.8648648648648649,0.668918918918919,0.3470031545741325,,0.24921135646687698,0.2618296529968454,0.03470031545741325,0.48738170347003157
2024-10-28,DEV,DEVEX RESOURCES LTD ORDINARY,-0.01694915254237288,0.14499999582767487,0.11999999731779099,0.17241378778793282,0.17241378778793282,False,0.00292226758962598,0.00292226758962598,0.00010658409387222948,0.002815683495753751,132.3573,0.5,0.3627760252365931,0.016891891891891893,0.8141891891891891,0.14511041009463724,,0.20504731861198738,0.08517350157728706,0.11987381703470032,0.9747634069400631
2024-10-28,BOQ,BANK OF QUEENSLAND. ORDINARY,-0.01694915254237288,6.025181293487549,6.347136974334717,-0.05343501965578379,-0.05343501965578379,False,-0.0009056782992505727,-0.0009056782992505727,0.00010658409387222948,-0.0010122623931228022,4290.259168,4.32,0.8801261829652997,0.5743243243243243,0.8006756756756757,0.7634069400630915,0.3248730964467005,0.832807570977918,0.47003154574132494,0.9463722397476341,0.9905362776025236
2024-10-28,BOE,BOSS ENERGY LTD ORDINARY,-0.01694915254237288,3.4100000858306885,2.75,0.19354840739539458,0.19354840739539458,False,0.0032804814812778743,0.0032804814812778743,0.00010658409387222948,0.003173897387405645,1664.3858,15.42,0.9968454258675079,0.6114864864864865,0.8108108108108109,0.5867507886435331,,0.33753943217665616,0.277602523659306,0.0473186119873817,0.48738170347003157
2024-10-28,GLL,GALILEE ENERGY LTD ORDINARY,-0.01694915254237288,0.014000000432133675,0.009999999776482582,0.28571432372745087,0.28571432372745087,False,0.004842615656397473,0.004842615656397473,0.00010658409387222948,0.004736031562525243,7.465348,0.07,0.167192429022082,0.037162162162162164,0.527027027027027,0.0031545741324921135,,0.31545741324921134,0.0031545741324921135,0.3438485804416404,0.48738170347003157
2024-10-28,FML,FOCUS MINERALS LTD ORDINARY,-0.01694915254237288,0.19499999284744263,0.16500000655651093,0.1538460891862804,0.1538460891862804,False,0.0026075608336657693,0.0026075608336657693,0.00010658409387222948,0.00250097673979354,41.568272,0.0,0.03943217665615142,0.9222972972972973,0.918918918918919,0.05362776025236593,,0.03785488958990536,0.06624605678233439,0.9022082018927445,0.9274447949526814
2024-10-28,EOS,ELECTRO OPTIC SYS. ORDINARY,-0.01694915254237288,1.4700000286102295,1.25,0.14965988049552792,0.14965988049552792,False,0.0025366081439919985,0.0025366081439919985,0.00010658409387222948,0.0024300240501197693,256.557579,0.35,0.2823343848580442,0.21283783783783783,0.8547297297297297,0.22397476340694006,,0.08517350157728706,0.3217665615141956,0.501577287066246,0.41324921135646686
2024-10-28,CXL,CALIX LIMITED ORDINARY,-0.01694915254237288,1.0399999618530273,0.8949999809265137,0.1394230636971937,0.1394230636971937,False,0.002363102774528707,0.002363102774528707,0.00010658409387222948,0.0022565186806564777,265.607252,2.96,0.8028391167192429,0.7601351351351351,0.8581081081081081,0.2302839116719243,,0.2334384858044164,0.14195583596214512,0.20504731861198738,0.4195583596214511
2024-10-28,GLN,GALAN LITHIUM LTD ORDINARY,-0.01694915254237288,0.17499999701976776,0.11999999731779099,0.3142857179349783,0.3142857179349783,False,0.005326876575169124,0.005326876575169124,0.00010658409387222948,0.005220292481296894,67.28703,1.31,0.61198738170347,0.6418918918918919,0.9662162162162162,0.09779179810725552,,0.00946372239747634,0.26813880126182965,0.06624605678233439,0.48738170347003157
2024-10-28,CIA,CHAMPION IRON LTD ORDINARY,-0.01694915254237288,5.574138164520264,5.50206184387207,0.012930486923873441,0.012930486923873441,False,0.00021916079531988884,0.00021916079531988884,0.00010658409387222948,0.00011257670144765936,3558.760424,4.46,0.8832807570977917,0.3581081081081081,0.26013513513513514,0.7381703470031545,0.8984771573604061,0.26813880126182965,0.416403785488959,0.5930599369085173,0.12933753943217666
2024-10-28,CHN,CHALICE MINING LTD ORDINARY,-0.01694915254237288,1.9600000381469727,1.4199999570846558,0.27551024007777314,0.27551024007777314,False,0.004669665086063952,0.004669665086063952,0.00010658409387222948,0.004563080992191723,599.61158,5.58,0.917981072555205,0.972972972972973,0.8918918918918919,0.3911671924290221,,0.2302839116719243,0.1892744479495268,0.12302839116719243,0.00946372239747634
2024-10-28,CAT,CATAPULT GRP INT LTD ORDINARY,-0.01694915254237288,2.4600000381469727,3.549999952316284,-0.44308938913284246,-0.16,True,-0.007509989646319363,-0.002711864406779661,0.0001913298565840939,-0.0029031942633637553,617.84208,0.13,0.20189274447949526,0.9966216216216216,0.9358108108108109,0.4037854889589905,,0.4227129337539432,0.23974763406940064,0.3753943217665615,0.41009463722397477
2024-10-28,BUB,BUBS AUST LTD ORDINARY,-0.01694915254237288,0.125,0.10999999940395355,0.12000000476837158,0.12000000476837158,False,0.002033898385904603,0.002033898385904603,0.00010658409387222948,0.0019273142920323736,92.99145,0.26,0.2539432176656151,0.42905405405405406,0.8378378378378378,0.12302839116719243,,0.07570977917981073,0.0694006309148265,0.4195583596214511,0.580441640378549
2024-10-28,BRN,BRAINCHIP LTD ORDINARY,-0.01694915254237288,0.24500000476837158,0.23999999463558197,0.020408204226431526,0.020408204226431526,False,0.00034590176654968687,0.00034590176654968687,0.00010658409387222948,0.00023931767267745737,266.817648,2.99,0.807570977917981,0.918918918918919,0.9594594594594594,0.2334384858044164,,0.22082018927444794,0.04100946372239748,0.29652996845425866,0.22082018927444794
2024-10-28,IMU,IMUGENE LIMITED ORDINARY,-0.01694915254237288,1.6319999694824219,1.2920000553131104,0.20833328463672718,0.20833328463672718,False,0.0035310726209614777,0.0035310726209614777,0.00010658409387222948,0.0034244885270892484,400.087895,6.12,0.9369085173501577,0.20945945945945946,0.7533783783783784,0.29652996845425866,,0.0946372239747634,0.04416403785488959,0.12618296529968454,0.015772870662460567
2024-10-28,ARU,ARAFURA RARE EARTHS ORDINARY,-0.01694915254237288,0.1550000011920929,0.11500000208616257,0.25806450837608685,0.25806450837608685,False,0.00437397471823876,0.00437397471823876,0.00010658409387222948,0.004267390624366531,415.854394,3.41,0.8359621451104101,0.32263513513513514,0.7297297297297297,0.31230283911671924,,0.3249211356466877,0.3627760252365931,0.07570977917981073,0.48738170347003157
2024-10-28,CST,CASTILE RESOURCES ORDINARY,-0.01694915254237288,0.08799999952316284,0.07500000298023224,0.1477272342428686,0.1477272342428686,False,0.0025038514278452307,0.0025038514278452307,0.00010658409387222948,0.0023972673339730014,17.416974,0.01,0.08832807570977919,0.5641891891891891,0.44256756756756754,0.022082018927444796,,0.138801261829653,0.30914826498422715,0.050473186119873815,0.277602523659306
2024-10-28,WBT,WEEBIT NANO LTD ORDINARY,-0.01694915254237288,1.9600000381469727,2.9200000762939453,-0.4897959282973168,-0.16,True,-0.008301625903344352,-0.002711864406779661,0.0001913298565840939,-0.0029031942633637553,443.953843,6.33,0.9400630914826499,0.2702702702702703,0.6351351351351351,0.3280757097791798,,0.2586750788643533,0.08832807570977919,0.0914826498422713,0.9936908517350158
2024-10-28,PPK,PPK GROUP LIMITED ORDINARY,-0.01694915254237288,0.4699999988079071,0.38499999046325684,0.1808510820430671,0.1808510820430671,False,0.0030652725770011374,0.0030652725770011374,0.00010658409387222948,0.002958688483128908,38.40702,0.33,0.27129337539432175,0.7635135135135135,0.9256756756756757,0.050473186119873815,,0.07255520504731862,0.2302839116719243,0.3722397476340694,0.1167192429022082
2024-10-28,IXR,IONIC RARE EARTHS ORDINARY,-0.01694915254237288,0.30000001192092896,0.20999999344348907,0.3000000496705353,0.3000000496705353,False,0.005084746604585344,0.005084746604585344,0.00010658409387222948,0.0049781625107131145,49.693557,0.06,0.15457413249211358,0.32263513513513514,0.9797297297297297,0.0694006309148265,,0.050473186119873815,0.12302839116719243,0.13249211356466878,0.9621451104100947
2024-10-28,NEU,NEUREN PHARMACEUT. ORDINARY,-0.01694915254237288,12.609999656677246,12.6899995803833,-0.006344165415079317,-0.006344165415079317,False,-0.00010752822737422571,-0.00010752822737422571,0.00010658409387222948,-0.0002141123212464552,2580.292105,3.14,0.8138801261829653,0.04054054054054054,0.4831081081081081,0.6813880126182965,0.9593908629441624,0.2902208201892745,0.5741324921135647,0.02050473186119874,0.04416403785488959
2024-10-28,PDN,PALADIN ENERGY LTD ORDINARY,-0.01694915254237288,10.359999656677246,7.659999847412109,0.2606177508437394,0.2606177508437394,False,0.004417250014300668,0.004417250014300668,0.00010658409387222948,0.004310665920428438,2551.055262,14.64,0.9905362776025236,0.5101351351351351,0.9425675675675675,0.6782334384858044,,0.3312302839116719,0.36908517350157727,0.5520504731861199,0.48738170347003157
2024-10-28,NVX,NOVONIX LIMITED ORDINARY,-0.01694915254237288,0.800000011920929,0.7200000286102295,0.09999997764825852,0.09999997764825852,False,0.0016949148753942123,0.0016949148753942123,0.00010658409387222948,0.0015883307815219828,349.316636,5.32,0.9053627760252366,0.8243243243243243,0.6993243243243243,0.26498422712933756,,0.21451104100946372,0.12933753943217666,0.6151419558359621,0.09779179810725552
2024-10-28,NVA,NOVA MINERALS LTD ORDINARY,-0.01694915254237288,0.30000001192092896,0.23499999940395355,0.2166666997803569,0.2166666997803569,False,0.003672316945429778,0.003672316945429778,0.00010658409387222948,0.0035657328515575487,42.4472,0.0,0.03943217665615142,0.9864864864864865,1.0,0.056782334384858045,,0.17350157728706625,0.17981072555205047,0.2618296529968454,0.48738170347003157
2024-10-28,NCK,NICK SCALI LIMITED ORDINARY,-0.01694915254237288,13.624373435974121,13.614892959594727,0.0006958467795930012,0.0006958467795930012,False,1.1794013213440698e-05,1.1794013213440698e-05,0.00010658409387222948,-9.479008065878879e-05,1103.464834,5.27,0.9022082018927445,0.2972972972972973,0.652027027027027,0.4889589905362776,0.29441624365482233,0.7381703470031545,0.9211356466876972,0.8454258675078864,0.6845425867507886
2024-10-28,LKE,LAKE RESOURCES ORDINARY,-0.01694915254237288,0.0689999982714653,0.04600000008940697,0.33333331533676136,0.33333331533676136,False,0.00564971720909765,0.00564971720909765,0.00010658409387222948,0.005543133115225421,62.2522,0.85,0.4889589905362776,0.9831081081081081,0.9898648648648649,0.0914826498422713,,0.04100946372239748,0.13249211356466878,0.14826498422712933,0.04100946372239748
2024-10-28,MIN,MINERAL RESOURCES. ORDINARY,-0.01694915254237288,34.529998779296875,35.720001220703125,-0.03446285790544934,-0.03446285790544934,False,-0.000584116235685582,-0.000584116235685582,0.00010658409387222948,-0.0006907003295578115,10775.485322,10.12,0.9842271293375394,0.02364864864864865,0.8952702702702703,0.889589905362776,,0.0914826498422713,0.15772870662460567,0.8801261829652997,0.7413249211356467
2024-10-28,LTR,LIONTOWN RESOURCES ORDINARY,-0.01694915254237288,0.9200000166893005,0.7149999737739563,0.22282612956144787,0.22282612956144787,False,0.0037767140603635232,0.0037767140603635232,0.00010658409387222948,0.003670129966491294,2155.1617,10.09,0.9810725552050473,0.46283783783783783,0.7702702702702703,0.6435331230283912,,0.05993690851735016,0.24290220820189273,0.7287066246056783,0.00946372239747634
2024-10-28,LOT,LOTUS RESOURCES LTD ORDINARY,-0.01694915254237288,3.047499895095825,2.759999990463257,0.09433959459530294,0.09433959459530294,False,0.0015989761795814057,0.0015989761795814057,0.00010658409387222948,0.0014923920857091762,605.097495,5.04,0.8958990536277602,0.6959459459459459,0.9493243243243243,0.3943217665615142,,0.2807570977917981,0.14826498422712933,0.02050473186119874,0.48738170347003157
2024-10-28,PEN,PENINSULA ENERGY LTD ORDINARY,-0.01694915254237288,1.8600000143051147,1.059999942779541,0.4301075620284063,0.4301075620284063,False,0.007289958678447564,0.007289958678447564,0.00010658409387222948,0.0071833745845753345,295.97885,1.31,0.61198738170347,0.6047297297297297,0.8243243243243243,0.24290220820189273,,0.12933753943217666,0.29652996845425866,0.031545741324921134,0.031545741324921134
2024-10-28,MVP,MEDICAL DEVELOPMENTS ORDINARY,-0.01694915254237288,0.45500001311302185,0.41499999165534973,0.0879121325381943,0.0879121325381943,False,0.0014900361447151575,0.0014900361447151575,0.00010658409387222948,0.001383452050842928,34.550528,0.0,0.03943217665615142,0.527027027027027,0.5743243243243243,0.04100946372239748,,0.0694006309148265,0.0473186119873817,0.21766561514195584,0.8738170347003155
2024-10-28,PLS,PILBARA MIN LTD ORDINARY,-0.01694915254237288,2.8299999237060547,2.430000066757202,0.14134270944609384,0.14134270944609384,False,0.002395639143154133,0.002395639143154133,0.00010658409387222948,0.0022890550492819036,9269.46818,19.13,1.0,0.32263513513513514,0.5641891891891891,0.8706624605678234,0.9238578680203046,0.17034700315457413,0.41009463722397477,0.39747634069400634,0.10410094637223975
2024-10-28,LYC,LYNAS RARE EARTHS ORDINARY,-0.01694915254237288,7.519999980926514,6.980000019073486,0.07180850574769493,0.07180850574769493,False,0.0012170933177575412,0.0012170933177575412,0.00010658409387222948,0.0011105092238853117,5757.86288,10.01,0.9779179810725552,0.793918918918919,0.32094594594594594,0.7949526813880127,0.8781725888324873,0.20189274447949526,0.444794952681388,0.26813880126182965,0.38170347003154576
2024-10-28,PWH,PWR HOLDINGS LIMITED ORDINARY,-0.01694915254237288,8.637054443359375,8.230488777160645,0.04707225928294567,0.04707225928294567,False,0.000797834903100774,0.000797834903100774,0.00010658409387222948,0.0006912508092285445,1099.296393,2.72,0.7917981072555205,0.0472972972972973,0.46959459459459457,0.48580441640378547,0.7157360406091371,0.43217665615141954,0.9274447949526814,0.38170347003154576,0.8391167192429022
2024-10-28,SXL,STHN CROSS MEDIA ORDINARY,-0.01694915254237288,0.4616265296936035,0.5330120921134949,-0.15463921119800528,-0.16,True,-0.002621003579627208,-0.002711864406779661,0.0001913298565840939,-0.0029031942633637553,150.503555,0.93,0.5347003154574133,0.04391891891891892,0.40540540540540543,0.167192429022082,,0.8927444794952681,0.031545741324921134,0.8391167192429022,0.43217665615141954
2024-10-28,WAF,WEST AFRICAN RES LTD ORDINARY,-0.01694915254237288,1.809999942779541,1.4550000429153442,0.1961325475618736,0.1961325475618736,False,0.0033242804671503997,0.0033242804671503997,0.00010658409387222948,0.0032176963732781705,1633.039345,0.6,0.41009463722397477,0.8074324324324325,0.9695945945945946,0.583596214511041,0.1116751269035533,0.1861198738170347,0.8296529968454258,0.580441640378549,0.48738170347003157
2024-10-28,VUL,VULCAN ENERGY ORDINARY,-0.01694915254237288,5.139999866485596,6.570000171661377,-0.2782101833309043,-0.16,True,-0.004715426836117022,-0.002711864406779661,0.0001913298565840939,-0.0029031942633637553,401.510769,4.48,0.886435331230284,0.875,0.43243243243243246,0.3028391167192429,,0.15772870662460567,0.2555205047318612,0.138801261829653,0.19873817034700317
2024-10-28,TTT,TITOMIC LIMITED ORDINARY,-0.01694915254237288,0.16500000655651093,0.20999999344348907,-0.2727271824172084,-0.16,True,-0.0046224946172408205,-0.002711864406779661,0.0001913298565840939,-0.0029031942633637553,9231.388255,0.0,0.03943217665615142,0.7871621621621622,0.8074324324324325,0.8675078864353313,,0.3186119873817035,0.00946372239747634,0.8201892744479495,0.9305993690851735
2024-10-28,TPW,TEMPLE & WEBSTER LTD ORDINARY,-0.01694915254237288,12.4399995803833,11.829999923706055,0.04903534383065078,0.04903534383065078,False,0.000831107522553403,0.000831107522553403,0.00010658409387222948,0.0007245234286811735,1130.835399,2.4,0.7634069400630915,0.8513513513513513,0.7331081081081081,0.49842271293375395,,0.3911671924290221,0.29337539432176657,0.42902208201892744,0.33753943217665616
2024-10-28,TOE,TORO ENERGY LIMITED ORDINARY,-0.01694915254237288,0.3100000023841858,0.2549999952316284,0.17741937654695683,0.17741937654695683,False,0.003007108077067065,0.003007108077067065,0.00010658409387222948,0.0029005239831948358,37.243258,0.0,0.03943217665615142,0.6790540540540541,0.8986486486486487,0.04416403785488959,,0.14826498422712933,0.1640378548895899,0.02050473186119874,0.02365930599369085
2024-10-28,LIC,LIFESTYLE COMMUNIT. ORDINARY,-0.01694915254237288,8.65999984741211,8.960000038146973,-0.03464205496776218,-0.03464205496776218,False,-0.0005871534740298675,-0.0005871534740298675,0.00010658409387222948,-0.000693737567902097,1417.96472,7.45,0.9574132492113565,0.3952702702702703,0.5574324324324325,0.5520504731861199,0.5482233502538071,0.26498422712933756,0.555205047318612,0.5741324921135647,0.9242902208201893
2024-10-28,SYR,SYRAH RESOURCES ORDINARY,-0.01694915254237288,0.2849999964237213,0.22499999403953552,0.21052632679679506,0.21052632679679506,False,0.003568242827064323,0.003568242827064323,0.00010658409387222948,0.0034616587331920937,198.544733,12.85,0.9873817034700315,0.6706081081081081,0.9628378378378378,0.19873817034700317,,0.028391167192429023,0.13564668769716087,0.6656151419558359,0.2996845425867508
2024-10-28,SVL,SILVER MINES LIMITED ORDINARY,-0.01694915254237288,0.11500000208616257,0.0989999994635582,0.13913045506396193,0.13913045506396193,False,0.0023581433061688464,0.0023581433061688464,0.00010658409387222948,0.002251559212296617,229.162044,0.37,0.29652996845425866,0.06756756756756757,0.9763513513513513,0.21451104100946372,,0.3627760252365931,0.3280757097791798,0.02050473186119874,0.13249211356466878
2024-10-28,SRL,SUNRISE ORDINARY,-0.01694915254237288,0.36000001430511475,0.23999999463558197,0.3333333747254461,0.3333333747254461,False,0.005649718215685527,0.005649718215685527,0.00010658409387222948,0.005543134121813298,34.488271,1.35,0.6214511041009464,0.125,0.4527027027027027,0.03785488958990536,,0.1829652996845426,0.05993690851735016,0.19558359621451105,0.0946372239747634
2024-10-28,SLX,SILEX SYSTEMS ORDINARY,-0.01694915254237288,5.019999980926514,5.909999847412109,-0.1772908107305078,-0.16,True,-0.0030049289954323355,-0.002711864406779661,0.0001913298565840939,-0.0029031942633637553,1197.70638,5.97,0.9242902208201893,0.6824324324324325,0.8716216216216216,0.5110410094637224,,0.38170347003154576,0.167192429022082,0.10410094637223975,0.943217665615142
2024-10-28,SHV,SELECT HARVESTS ORDINARY,-0.01694915254237288,3.950000047683716,4.050000190734863,-0.025316491606066638,-0.025316491606066638,False,-0.00042909307806892607,-0.00042909307806892607,0.00010658409387222948,-0.0005356771719411556,445.69952,3.43,0.8391167192429022,0.2905405405405405,0.4391891891891892,0.3312302839116719,0.8527918781725888,0.8832807570977917,0.38801261829652994,0.7886435331230284,0.9716088328075709
2024-10-28,TLG,TALGA GROUP LTD ORDINARY,-0.01694915254237288,0.4099999964237213,0.4699999988079071,-0.14634147050620405,-0.14634147050620405,False,-0.0024803639068848144,-0.0024803639068848144,0.00010658409387222948,-0.0025869480007570437,216.935044,0.2,0.22870662460567823,0.3614864864864865,0.6959459459459459,0.20504731861198738,,0.12618296529968454,0.056782334384858045,0.20189274447949526,0.886435331230284
2024-11-25,KGN,KOGAN.COM LTD ORDINARY,-0.016666666666666666,4.711513042449951,5.8396220207214355,-0.23943666675809006,-0.16,True,-0.003990611112634834,-0.0026666666666666666,0.0001881410256410256,-0.002854807692307692,422.203104,1.22,0.5962145110410094,0.6321070234113713,0.04013377926421405,0.3186119873817035,,0.167192429022082,0.1892744479495268,0.416403785488959,0.17350157728706625
2024-11-25,BEN,BENDIGO AND ADELAIDE ORDINARY,-0.016666666666666666,12.346921920776367,12.199164390563965,0.011967155146884734,0.011967155146884734,False,0.00019945258578141223,0.00019945258578141223,0.0001048076923076923,9.464489347371993e-05,6459.18626,2.03,0.7129337539432177,0.7190635451505016,0.28762541806020064,0.8107255520504731,0.22110552763819097,0.025236593059936908,0.583596214511041,0.886435331230284,0.056782334384858045
2024-11-25,BBN,BABY BUNTING GRP LTD ORDINARY,-0.016666666666666666,1.659999966621399,1.7200000286102295,-0.036144616382703276,-0.036144616382703276,False,-0.0006024102730450546,-0.0006024102730450546,0.0001048076923076923,-0.000707217965352747,209.535785,1.6,0.6624605678233438,0.3511705685618729,0.6622073578595318,0.20504731861198738,0.7688442211055276,0.807570977917981,0.4668769716088328,0.8958990536277602,0.38485804416403785
2024-11-25,ASX,ASX LIMITED ORDINARY,-0.016666666666666666,65.61007690429688,62.44105529785156,0.048300836639284084,0.048300836639284084,False,0.0008050139439880681,0.0008050139439880681,0.0001048076923076923,0.0007002062516803759,11565.59409,1.73,0.6782334384858044,0.6722408026755853,0.48494983277591974,0.8990536277602523,0.542713567839196,0.9400630914826499,0.7570977917981072,0.2870662460567823,0.6561514195583596
2024-11-25,ASM,AUSSTRATMATERIALS ORDINARY,-0.016666666666666666,0.47999998927116394,0.5099999904632568,-0.0625000038805108,-0.0625000038805108,False,-0.0010416667313418466,-0.0010416667313418466,0.0001048076923076923,-0.0011464744236495388,134.781724,1.15,0.5867507886435331,0.12374581939799331,0.7959866220735786,0.15457413249211358,,0.14195583596214512,0.17034700315457413,0.27129337539432175,0.06309148264984227
2024-11-25,ALC,ALCIDION GROUP LTD ORDINARY,-0.016666666666666666,0.06700000166893005,0.05999999865889549,0.10447765426371136,0.10447765426371136,False,0.0017412942377285226,0.0017412942377285226,0.0001048076923076923,0.0016364865454208304,68.466134,0.0,0.03943217665615142,0.6956521739130435,0.7892976588628763,0.10094637223974763,,0.804416403785489,0.2302839116719243,0.15772870662460567,0.305993690851735
2024-11-25,APX,APPEN LIMITED ORDINARY,-0.016666666666666666,2.3499999046325684,2.680000066757202,-0.14042560660283532,-0.14042560660283532,False,-0.002340426776713922,-0.002340426776713922,0.0001048076923076923,-0.002445234469021614,68.17114,0.46,0.34858044164037855,0.979933110367893,0.9765886287625418,0.09779179810725552,,0.8422712933753943,0.10725552050473186,0.35331230283911674,0.15457413249211358
2024-11-25,AGI,AINSWORTH GAME TECH. ORDINARY,-0.016666666666666666,0.7250000238418579,0.7950000166893005,-0.09655171109720051,-0.09655171109720051,False,-0.0016091951849533418,-0.0016091951849533418,0.0001048076923076923,-0.001714002877261034,303.978,0.06,0.14826498422712933,0.17391304347826086,0.725752508361204,0.24921135646687698,0.1507537688442211,0.10410094637223975,0.6151419558359621,0.2996845425867508,0.1892744479495268
2024-11-25,AFG,AUST FINANCE GRP ORDINARY,-0.016666666666666666,1.4089034795761108,1.4275643825531006,-0.013244983242290065,-0.013244983242290065,False,-0.00022074972070483442,-0.00022074972070483442,0.0001048076923076923,-0.0003255574130125267,370.95353,0.73,0.45425867507886436,0.3110367892976589,0.6020066889632107,0.277602523659306,0.2562814070351759,0.7791798107255521,0.7854889589905363,1.0,0.2586750788643533
2024-11-25,AD8,AUDINATEGROUPLTD ORDINARY,-0.016666666666666666,8.579999923706055,7.429999828338623,0.1340326463395467,0.1340326463395467,False,0.002233877438992445,0.002233877438992445,0.0001048076923076923,0.0021290697466847526,1274.889544,6.36,0.9463722397476341,0.1705685618729097,0.68561872909699,0.5299684542586751,0.914572864321608,0.3753943217665615,0.5299684542586751,0.1640378548895899,0.3470031545741325
2024-11-25,BMN,BANNERMAN ENERGY LTD ORDINARY,-0.016666666666666666,2.759999990463257,2.759999990463257,-0.0,-0.0,False,-0.0,-0.0,0.0001048076923076923,-0.0001048076923076923,497.134608,2.55,0.7712933753943217,0.8461538461538461,0.4080267558528428,0.3501577287066246,,0.23974763406940064,0.2586750788643533,0.031545741324921134,0.48738170347003157
2024-11-25,ARU,ARAFURA RARE EARTHS ORDINARY,-0.016666666666666666,0.125,0.11500000208616257,0.07999998331069946,0.07999998331069946,False,0.0013333330551783243,0.0013333330551783243,0.0001048076923076923,0.001228525362870632,415.854394,3.29,0.8391167192429022,0.056856187290969896,0.1939799331103679,0.31545741324921134,,0.31230283911671924,0.35646687697160884,0.07255520504731862,0.48738170347003157
2024-11-25,BOE,BOSS ENERGY LTD ORDINARY,-0.016666666666666666,3.0199999809265137,2.380000114440918,0.21192048692968812,0.21192048692968812,False,0.003532008115494802,0.003532008115494802,0.0001048076923076923,0.00342720042318711,1664.3858,14.29,0.9968454258675079,0.68561872909699,0.3010033444816054,0.5867507886435331,,0.3249211356466877,0.2744479495268139,0.04416403785488959,0.48738170347003157
2024-11-25,A2M,THE A2 MILK COMPANY ORDINARY,-0.016666666666666666,5.367864608764648,5.669867992401123,-0.05626136380998936,-0.05626136380998936,False,-0.000937689396833156,-0.000937689396833156,0.0001048076923076923,-0.0010424970891408482,4939.805425,3.85,0.861198738170347,0.2909698996655518,0.882943143812709,0.7760252365930599,0.8140703517587939,0.3911671924290221,0.5362776025236593,0.24605678233438485,0.07886435331230283
2024-11-25,CAT,CATAPULT GRP INT LTD ORDINARY,-0.016666666666666666,3.4200000762939453,3.7300000190734863,-0.09064325610058743,-0.09064325610058743,False,-0.0015107209350097906,-0.0015107209350097906,0.0001048076923076923,-0.0016155286273174829,617.84208,0.48,0.35646687697160884,1.0,0.822742474916388,0.4037854889589905,,0.41009463722397477,0.23659305993690852,0.3753943217665615,0.41009463722397477
2024-11-25,HFR,HIGHFIELD RES LTD ORDINARY,-0.016666666666666666,0.2800000011920929,0.23499999940395355,0.1607142914162606,0.1607142914162606,False,0.0026785715236043433,0.0026785715236043433,0.0001048076923076923,0.002573763831296651,110.11532,0.01,0.08832807570977919,0.47157190635451507,0.9063545150501672,0.13249211356466878,,0.31545741324921134,0.2334384858044164,0.5173501577287066,0.48738170347003157
2024-11-25,GLN,GALAN LITHIUM LTD ORDINARY,-0.016666666666666666,0.12999999523162842,0.13500000536441803,-0.03846161781683777,-0.03846161781683777,False,-0.0006410269636139628,-0.0006410269636139628,0.0001048076923076923,-0.000745834655921655,67.28703,2.12,0.7287066246056783,0.3979933110367893,0.8862876254180602,0.0946372239747634,,0.00946372239747634,0.26498422712933756,0.06309148264984227,0.48738170347003157
2024-11-25,BRN,BRAINCHIP LTD ORDINARY,-0.016666666666666666,0.24500000476837158,0.41999998688697815,-0.7142856273984788,-0.16,True,-0.011904760456641314,-0.0026666666666666666,0.0001881410256410256,-0.002854807692307692,266.817648,3.06,0.8170347003154574,0.9565217391304348,0.9431438127090301,0.23659305993690852,,0.2113564668769716,0.04100946372239748,0.29337539432176657,0.21766561514195584
2024-11-25,EOS,ELECTRO OPTIC SYS. ORDINARY,-0.016666666666666666,1.340000033378601,1.284999966621399,0.04104482491580841,0.04104482491580841,False,0.0006840804152634735,0.0006840804152634735,0.0001048076923076923,0.0005792727229557812,256.557579,0.39,0.31703470031545744,0.1806020066889632,0.8729096989966555,0.22712933753943218,,0.07886435331230283,0.31545741324921134,0.501577287066246,0.41324921135646686
2024-11-25,EDE,EDEN INV LTD ORDINARY,-0.016666666666666666,0.03999999910593033,0.029999999329447746,0.25,0.25,False,0.004166666666666667,0.004166666666666667,0.0001048076923076923,0.004061858974358974,61.79294,0.0,0.03943217665615142,0.9130434782608695,0.9899665551839465,0.08517350157728706,,0.20189274447949526,0.03785488958990536,0.9526813880126183,0.8958990536277602
2024-11-25,FML,FOCUS MINERALS LTD ORDINARY,-0.016666666666666666,0.18000000715255737,0.17000000178813934,0.055555583150297405,0.055555583150297405,False,0.0009259263858382901,0.0009259263858382901,0.0001048076923076923,0.0008211186935305978,41.568272,0.0,0.03943217665615142,0.8862876254180602,0.8528428093645485,0.050473186119873815,,0.03785488958990536,0.06624605678233439,0.9022082018927445,0.9242902208201893
2024-11-25,CXL,CALIX LIMITED ORDINARY,-0.016666666666666666,0.8899999856948853,0.7450000047683716,0.16292132950238425,0.16292132950238425,False,0.002715355491706404,0.002715355491706404,0.0001048076923076923,0.0026105477993987117,265.607252,2.74,0.7933753943217665,0.36789297658862874,0.903010033444816,0.2334384858044164,,0.22397476340694006,0.138801261829653,0.20189274447949526,0.4195583596214511
2024-11-25,CTD,CORP TRAVEL LIMITED ORDINARY,-0.016666666666666666,13.926108360290527,13.260120391845703,0.04782297761978138,0.04782297761978138,False,0.0007970496269963564,0.0007970496269963564,0.0001048076923076923,0.000692241934688664,1958.507587,7.7,0.9621451104100947,0.7926421404682275,0.7357859531772575,0.6214511041009464,0.6130653266331658,0.7034700315457413,0.5141955835962145,0.19558359621451105,0.3722397476340694
2024-11-25,CST,CASTILE RESOURCES ORDINARY,-0.016666666666666666,0.07699999958276749,0.07999999821186066,-0.03896102136816859,-0.03896102136816859,False,-0.0006493503561361432,-0.0006493503561361432,0.0001048076923076923,-0.0007541580484438355,17.416974,0.0,0.03943217665615142,0.5986622073578596,0.9130434782608695,0.01892744479495268,,0.12933753943217666,0.3028391167192429,0.0473186119873817,0.277602523659306
2024-11-25,CLV,CLOVER CORPORATION ORDINARY,-0.016666666666666666,0.4660907983779907,0.4276503026485443,0.08247426437771443,0.08247426437771443,False,0.0013745710729619071,0.0013745710729619071,0.0001048076923076923,0.0012697633806542149,80.75004,0.01,0.08832807570977919,0.44816053511705684,0.9832775919732442,0.11041009463722397,0.4020100502512563,0.9148264984227129,0.526813880126183,0.3722397476340694,0.9022082018927445
2024-11-25,CIA,CHAMPION IRON LTD ORDINARY,-0.016666666666666666,5.3110175132751465,5.530717849731445,-0.041366901145994506,-0.041366901145994506,False,-0.0006894483524332417,-0.0006894483524332417,0.0001048076923076923,-0.000794256044740934,3558.760424,5.15,0.9148264984227129,0.23076923076923078,0.5384615384615384,0.7413249211356467,0.8944723618090452,0.2586750788643533,0.41009463722397477,0.5899053627760252,0.12618296529968454
2024-11-25,DEV,DEVEX RESOURCES LTD ORDINARY,-0.016666666666666666,0.11999999731779099,0.09200000017881393,0.23333331470688146,0.23333331470688146,False,0.0038888885784480244,0.0038888885784480244,0.0001048076923076923,0.003784080886140332,132.3573,0.11,0.17981072555205047,0.030100334448160536,0.8795986622073578,0.14826498422712933,,0.19558359621451105,0.08517350157728706,0.1167192429022082,0.9716088328075709
2024-11-25,4DX,4DMEDICAL LIMITED ORDINARY,-0.016666666666666666,0.5049999952316284,0.46000000834465027,0.08910888576610376,0.08910888576610376,False,0.0014851480961017294,0.0014851480961017294,0.0001048076923076923,0.0013803404037940371,223.665092,0.08,0.16246056782334384,0.7658862876254181,0.7658862876254181,0.21451104100946372,,0.14511041009463724,0.08201892744479496,0.24921135646687698,0.9652996845425867
2024-11-25,IXR,IONIC RARE EARTHS ORDINARY,-0.016666666666666666,0.27000001072883606,0.20999999344348907,0.22222227741170597,0.22222227741170597,False,0.003703704623528433,0.003703704623528433,0.0001048076923076923,0.0035988969312207406,49.693557,0.19,0.23186119873817035,0.959866220735786,0.9498327759197325,0.06624605678233439,,0.0473186119873817,0.11987381703470032,0.12933753943217666,0.9558359621451105
2024-11-25,IMU,IMUGENE LIMITED ORDINARY,-0.016666666666666666,1.2920000553131104,1.2239999771118164,0.052631637221419836,0.052631637221419836,False,0.0008771939536903306,0.0008771939536903306,0.0001048076923076923,0.0007723862613826383,400.087895,6.08,0.9337539432176656,0.020066889632107024,0.8896321070234113,0.2996845425867508,,0.08832807570977919,0.04416403785488959,0.12302839116719243,0.015772870662460567
2024-11-25,LIC,LIFESTYLE COMMUNIT. ORDINARY,-0.016666666666666666,8.989999771118164,8.670000076293945,0.03559507263306838,0.03559507263306838,False,0.0005932512105511397,0.0005932512105511397,0.0001048076923076923,0.0004884435182434474,1417.96472,8.46,0.9652996845425867,0.7859531772575251,0.4280936454849498,0.5520504731861199,0.5577889447236181,0.2555205047318612,0.5520504731861199,0.5709779179810726,0.9211356466876972
2024-11-25,PDN,PALADIN ENERGY LTD ORDINARY,-0.016666666666666666,8.3100004196167,7.619999885559082,0.08303255104882934,0.08303255104882934,False,0.0013838758508138223,0.0013838758508138223,0.0001048076923076923,0.00127906815850613,2551.055262,15.06,1.0,0.11036789297658862,0.9230769230769231,0.6782334384858044,,0.3186119873817035,0.3627760252365931,0.5488958990536278,0.48738170347003157
2024-11-25,PAR,PARADIGM BIO. ORDINARY,-0.016666666666666666,0.46000000834465027,0.3799999952316284,0.1739130688299524,0.1739130688299524,False,0.0028985511471658733,0.0028985511471658733,0.0001048076923076923,0.002793743454858181,83.11371,0.25,0.2618296529968454,0.9832775919732442,1.0,0.11987381703470032,,0.334384858044164,0.06309148264984227,0.10725552050473186,0.48738170347003157
2024-11-25,NVX,NOVONIX LIMITED ORDINARY,-0.016666666666666666,0.9649999737739563,0.7400000095367432,0.23316059103843834,0.23316059103843834,False,0.003886009850640639,0.003886009850640639,0.0001048076923076923,0.0037812021583329466,349.316636,3.25,0.8359621451104101,0.9765886287625418,0.9531772575250836,0.26813880126182965,,0.20504731861198738,0.12618296529968454,0.61198738170347,0.0946372239747634
2024-11-25,NEU,NEUREN PHARMACEUT. ORDINARY,-0.016666666666666666,12.65999984741211,12.199999809265137,0.03633491656328913,0.03633491656328913,False,0.0006055819427214855,0.0006055819427214855,0.0001048076923076923,0.0005007742504137933,2580.292105,3.48,0.8454258675078864,0.13043478260869565,0.979933110367893,0.6813880126182965,0.9547738693467337,0.2807570977917981,0.5709779179810726,0.02050473186119874,0.04100946372239748
2024-11-25,M7T,MACH7 TECH LIMITED ORDINARY,-0.016666666666666666,0.36500000953674316,0.36500000953674316,-0.0,-0.0,False,-0.0,-0.0,0.0001048076923076923,-0.0001048076923076923,153.203463,0.1,0.17034700315457413,0.03678929765886288,0.8394648829431438,0.17665615141955837,,0.5583596214511041,0.2082018927444795,0.17034700315457413,0.8454258675078864
2024-11-25,MIN,MINERAL RESOURCES. ORDINARY,-0.016666666666666666,33.459999084472656,34.189998626708984,-0.021817081954885298,-0.021817081954885298,False,-0.0003636180325814216,-0.0003636180325814216,0.0001048076923076923,-0.0004684257248891139,10775.485322,11.98,0.9873817034700315,0.0903010033444816,0.6923076923076923,0.889589905362776,,0.08517350157728706,0.15457413249211358,0.8769716088328076,0.7381703470031545
2024-11-25,LYC,LYNAS RARE EARTHS ORDINARY,-0.016666666666666666,6.71999979019165,6.510000228881836,0.031249935694391606,0.031249935694391606,False,0.0005208322615731934,0.0005208322615731934,0.0001048076923076923,0.0004160245692655011,5757.86288,8.64,0.9716088328075709,0.3177257525083612,0.7759197324414716,0.7949526813880127,0.8743718592964824,0.19242902208201892,0.4384858044164038,0.26498422712933756,0.38170347003154576
2024-11-25,LTR,LIONTOWN RESOURCES ORDINARY,-0.016666666666666666,0.7950000166893005,0.5400000214576721,0.32075470424963115,0.32075470424963115,False,0.0053459117374938525,0.0053459117374938525,0.0001048076923076923,0.00524110404518616,2155.1617,9.46,0.9747634069400631,0.705685618729097,0.842809364548495,0.6435331230283912,,0.05362776025236593,0.23974763406940064,0.7255520504731862,0.00946372239747634
2024-11-25,LOT,LOTUS RESOURCES LTD ORDINARY,-0.016666666666666666,2.817500114440918,2.184999942779541,0.22448984772690428,0.22448984772690428,False,0.0037414974621150713,0.0037414974621150713,0.0001048076923076923,0.003636689769807379,605.097495,5.34,0.9211356466876972,0.5852842809364549,0.6454849498327759,0.3943217665615142,,0.27129337539432175,0.14511041009463724,0.02050473186119874,0.48738170347003157
2024-11-25,PWH,PWR HOLDINGS LIMITED ORDINARY,-0.016666666666666666,7.833837985992432,7.853671073913574,-0.0025317204614909716,-0.0025317204614909716,False,-4.2195341024849525e-05,-4.2195341024849525e-05,0.0001048076923076923,-0.00014700303333254182,1099.296393,4.42,0.8958990536277602,0.09698996655518395,0.8595317725752508,0.48580441640378547,0.7135678391959799,0.4195583596214511,0.9274447949526814,0.38170347003154576,0.832807570977918
2024-11-25,NCK,NICK SCALI LIMITED ORDINARY,-0.016666666666666666,12.799515724182129,14.430268287658691,-0.1274073643579796,-0.1274073643579796,False,-0.0021234560726329935,-0.0021234560726329935,0.0001048076923076923,-0.0022282637649406857,1103.464834,4.17,0.8832807570977917,0.18394648829431437,0.27759197324414714,0.4889589905362776,0.3065326633165829,0.7255520504731862,0.9211356466876972,0.8391167192429022,0.6845425867507886
2024-11-25,SLX,SILEX SYSTEMS ORDINARY,-0.016666666666666666,5.900000095367432,5.019999980926514,0.14915255935874938,0.14915255935874938,False,0.00248587598931249,0.00248587598931249,0.0001048076923076923,0.0023810682970047976,1197.70638,6.1,0.9369085173501577,0.9665551839464883,0.4816053511705686,0.5110410094637224,,0.36908517350157727,0.1640378548895899,0.10094637223974763,0.9400630914826499
2024-11-25,S2R,S2 RESOURCES ORDINARY,-0.016666666666666666,0.07400000095367432,0.0689999982714653,0.06756760294285846,0.06756760294285846,False,0.0011261267157143078,0.0011261267157143078,0.0001048076923076923,0.0010213190234066155,42.568651,0.0,0.03943217665615142,0.043478260869565216,0.8093645484949833,0.056782334384858045,,0.11356466876971609,0.05362776025236593,0.11356466876971609,0.9936908517350158
2024-11-25,LKE,LAKE RESOURCES ORDINARY,-0.016666666666666666,0.04699999839067459,0.04100000113248825,0.1276595205028096,0.1276595205028096,False,0.0021276586750468268,0.0021276586750468268,0.0001048076923076923,0.0020228509827391345,62.2522,0.91,0.5331230283911672,0.7625418060200669,0.35785953177257523,0.08832807570977919,,0.04100946372239748,0.12933753943217666,0.14511041009463724,0.03785488958990536
2024-11-25,PLS,PILBARA MIN LTD ORDINARY,-0.016666666666666666,2.509999990463257,2.200000047683716,0.12350595376788265,0.12350595376788265,False,0.002058432562798044,0.002058432562798044,0.0001048076923076923,0.001953624870490352,9269.46818,11.63,0.9842271293375394,0.14046822742474915,0.9096989966555183,0.8706624605678234,0.9195979899497487,0.1608832807570978,0.4037854889589905,0.39747634069400634,0.10094637223974763
2024-11-25,SRL,SUNRISE ORDINARY,-0.016666666666666666,0.2549999952316284,0.2199999988079071,0.1372548905027593,0.1372548905027593,False,0.0022875815083793216,0.0022875815083793216,0.0001048076923076923,0.0021827738160716294,34.488271,1.32,0.6151419558359621,0.010033444816053512,0.7625418060200669,0.03470031545741325,,0.17350157728706625,0.05993690851735016,0.19242902208201892,0.0914826498422713
2024-11-25,SHV,SELECT HARVESTS ORDINARY,-0.016666666666666666,3.680000066757202,4.329999923706055,-0.1766303927058428,-0.16,True,-0.0029438398784307133,-0.0026666666666666666,0.0001881410256410256,-0.002854807692307692,445.69952,3.49,0.8485804416403786,0.12709030100334448,0.7859531772575251,0.334384858044164,0.8492462311557789,0.8738170347003155,0.38170347003154576,0.7854889589905363,0.9684542586750788
2024-11-25,WBT,WEEBIT NANO LTD ORDINARY,-0.016666666666666666,2.950000047683716,3.4600000381469727,-0.17288134990495996,-0.16,True,-0.0028813558317493325,-0.0026666666666666666,0.0001881410256410256,-0.002854807692307692,443.953843,3.07,0.8201892744479495,0.9498327759197325,0.9866220735785953,0.3312302839116719,,0.24921135646687698,0.08832807570977919,0.08832807570977919,0.9905362776025236
2024-11-25,WAF,WEST AFRICAN RES LTD ORDINARY,-0.016666666666666666,1.5,1.4500000476837158,0.03333330154418945,0.03333330154418945,False,0.0005555550257364908,0.0005555550257364908,0.0001048076923076923,0.00045074733342879855,1633.039345,1.37,0.6261829652996845,0.6020066889632107,0.8561872909698997,0.583596214511041,0.11557788944723618,0.17665615141955837,0.8264984227129337,0.5772870662460567,0.48738170347003157
2024-11-25,SIG,SIGMA HEALTH LTD ORDINARY,-0.016666666666666666,2.5998895168304443,2.6097748279571533,-0.003802204310112467,-0.003802204310112467,False,-6.337007183520778e-05,-6.337007183520778e-05,0.0001048076923076923,-0.0001681777641429001,2415.4,3.88,0.8690851735015773,0.9933110367892977,0.9331103678929766,0.6719242902208202,0.9899497487437185,0.17981072555205047,0.3785488958990536,0.38485804416403785,0.7949526813880127
2024-11-25,TTT,TITOMIC LIMITED ORDINARY,-0.016666666666666666,0.23999999463558197,0.1850000023841858,0.22916663950309102,0.22916663950309102,False,0.0038194439917181838,0.0038194439917181838,0.0001048076923076923,0.0037146362994104915,9231.388255,0.02,0.10725552050473186,0.9096989966555183,0.9632107023411371,0.8675078864353313,,0.305993690851735,0.00946372239747634,0.8138801261829653,0.9274447949526814
2024-11-25,TPW,TEMPLE & WEBSTER LTD ORDINARY,-0.016666666666666666,11.630000114440918,13.149999618530273,-0.13069643070785353,-0.13069643070785353,False,-0.002178273845130892,-0.002178273845130892,0.0001048076923076923,-0.0022830815374385843,1130.835399,1.85,0.7018927444794952,0.38461538461538464,0.745819397993311,0.49842271293375395,,0.3785488958990536,0.2902208201892745,0.42902208201892744,0.34069400630914826
2024-11-25,VUL,VULCAN ENERGY ORDINARY,-0.016666666666666666,7.730000019073486,5.53000020980835,0.28460540799957557,0.28460540799957557,False,0.004743423466659593,0.004743423466659593,0.0001048076923076923,0.004638615774351901,401.510769,4.73,0.9022082018927445,0.9899665551839465,0.9364548494983278,0.305993690851735,,0.14826498422712933,0.25236593059936907,0.13564668769716087,0.19558359621451105
2024-11-25,TLG,TALGA GROUP LTD ORDINARY,-0.016666666666666666,0.4699999988079071,0.4350000023841858,0.07446807768615782,0.07446807768615782,False,0.0012411346281026303,0.0012411346281026303,0.0001048076923076923,0.001136326935794938,216.935044,0.2,0.24132492113564669,0.3979933110367893,0.9933110367892977,0.2082018927444795,,0.11987381703470032,0.056782334384858045,0.19873817034700317,0.8801261829652997
2024-11-25,TER,TERRACOM LTD ORDINARY,-0.016666666666666666,0.23000000417232513,0.18000000715255737,0.21739128744669833,0.21739128744669833,False,0.0036231881241116388,0.0036231881241116388,0.0001048076923076923,0.0035183804318039465,184.229968,0.61,0.4069400630914827,0.8929765886287625,0.8361204013377926,0.1892744479495268,,0.11041009463722397,0.24605678233438485,0.17350157728706625,0.1608832807570978
2024-11-25,SYR,SYRAH RESOURCES ORDINARY,-0.016666666666666666,0.2199999988079071,0.1899999976158142,0.13636364252114097,0.13636364252114097,False,0.0022727273753523495,0.0022727273753523495,0.0001048076923076923,0.002167919683044657,198.544733,13.24,0.9936908517350158,0.3979933110367893,0.43812709030100333,0.20189274447949526,,0.028391167192429023,0.13249211356466878,0.6624605678233438,0.2996845425867508
2024-11-25,SXL,STHN CROSS MEDIA ORDINARY,-0.016666666666666666,0.5044578313827515,0.5615662336349487,-0.11320748474785192,-0.11320748474785192,False,-0.0018867914124641985,-0.0018867914124641985,0.0001048076923076923,-0.001991599104771891,150.503555,0.95,0.5520504731861199,0.11705685618729098,0.5284280936454849,0.17034700315457413,,0.8832807570977917,0.031545741324921134,0.832807570977918,0.43217665615141954
2024-11-25,SVL,SILVER MINES LIMITED ORDINARY,-0.016666666666666666,0.0949999988079071,0.07999999821186066,0.15789474509759638,0.15789474509759638,False,0.0026315790849599395,0.0026315790849599395,0.0001048076923076923,0.0025267713926522472,229.162044,0.85,0.5047318611987381,0.25418060200668896,0.6889632107023411,0.22082018927444794,,0.3501577287066246,0.3217665615141956,0.02050473186119874,0.12933753943217666
2024-11-25,TOE,TORO ENERGY LIMITED ORDINARY,-0.016666666666666666,0.25999999046325684,0.23999999463558197,0.0769230636971937,0.0769230636971937,False,0.0012820510616198951,0.0012820510616198951,0.0001048076923076923,0.001177243369312203,37.243258,0.0,0.03943217665615142,0.8963210702341137,0.939799331103679,0.04100946372239748,,0.138801261829653,0.1608832807570978,0.02050473186119874,0.02365930599369085
2024-12-30,BMN,BANNERMAN ENERGY LTD ORDINARY,-0.016666666666666666,2.759999990463257,2.880000114440918,-0.04347830593924007,-0.04347830593924007,False,-0.0007246384323206679,-0.0007246384323206679,0.0001048076923076923,-0.0008294461246283601,497.134608,3.63,0.8591772151898734,0.19594594594594594,0.6073825503355704,0.3512658227848101,,0.2468354430379747,0.25,0.03481012658227848,0.4588607594936709
2024-12-30,BEN,BENDIGO AND ADELAIDE ORDINARY,-0.016666666666666666,12.199164390563965,12.300747871398926,-0.008327085166057513,-0.008327085166057513,False,-0.0001387847527676252,-0.0001387847527676252,0.0001048076923076923,-0.0002435924450753175,6459.18626,1.84,0.7151898734177216,0.831081081081081,0.1040268456375839,0.8164556962025317,0.235,0.028481012658227847,0.5791139240506329,0.8892405063291139,0.05379746835443038
2024-12-30,BBN,BABY BUNTING GRP LTD ORDINARY,-0.016666666666666666,1.7200000286102295,1.8250000476837158,-0.061046521701704215,-0.061046521701704215,False,-0.001017442028361737,-0.001017442028361737,0.0001048076923076923,-0.0011222497206694292,239.08,1.51,0.6677215189873418,0.5304054054054054,0.6510067114093959,0.21835443037974683,0.675,0.8575949367088608,0.569620253164557,0.8924050632911392,0.6265822784810127
2024-12-30,ASM,AUSSTRATMATERIALS ORDINARY,-0.016666666666666666,0.5099999904632568,0.4749999940395355,0.06862744525137965,0.06862744525137965,False,0.0011437907541896608,0.0011437907541896608,0.0001048076923076923,0.0010389830618819686,89.014125,0.84,0.5063291139240507,0.27702702702702703,0.3724832214765101,0.12341772151898735,,0.060126582278481014,0.17405063291139242,0.2879746835443038,0.9462025316455697
2024-12-30,ARU,ARAFURA RARE EARTHS ORDINARY,-0.016666666666666666,0.11500000208616257,0.125,-0.08695650202114802,-0.08695650202114802,False,-0.0014492750336858003,-0.0014492750336858003,0.0001048076923076923,-0.0015540827259934926,415.854394,3.18,0.8354430379746836,0.030405405405405407,0.5771812080536913,0.3069620253164557,,0.31645569620253167,0.3512658227848101,0.0759493670886076,0.4588607594936709
2024-12-30,4DX,4DMEDICAL LIMITED ORDINARY,-0.016666666666666666,0.46000000834465027,0.5299999713897705,-0.15217382994626716,-0.16,True,-0.0025362304991044526,-0.0026666666666666666,0.0001881410256410256,-0.002854807692307692,223.665092,0.07,0.1518987341772152,0.2533783783783784,0.8154362416107382,0.20569620253164558,,0.14873417721518986,0.06962025316455696,0.25316455696202533,0.9620253164556962
2024-12-30,AMS,ATOMOS ORDINARY,-0.016666666666666666,0.007000000216066837,0.004000000189989805,0.42857141906813734,0.42857141906813734,False,0.0071428569844689555,0.0071428569844689555,0.0001048076923076923,0.007038049292161263,24.273246,0.07,0.1518987341772152,0.0033783783783783786,0.9530201342281879,0.022151898734177215,,0.0379746835443038,0.0031645569620253164,0.9177215189873418,0.569620253164557
2024-12-30,AGY,ARGOSY MINERALS LTD ORDINARY,-0.016666666666666666,0.028999999165534973,0.02500000037252903,0.13793099683119092,0.13793099683119092,False,0.0022988499471865154,0.0022988499471865154,0.0001048076923076923,0.002194042254878823,127.12977,0.51,0.375,0.10472972972972973,0.8657718120805369,0.13924050632911392,,0.30063291139240506,0.006329113924050633,0.11075949367088607,0.023734177215189875
2024-12-30,AGI,AINSWORTH GAME TECH. ORDINARY,-0.016666666666666666,0.7950000166893005,0.6899999976158142,0.13207549291728138,0.13207549291728138,False,0.002201258215288023,0.002201258215288023,0.0001048076923076923,0.0020964505229803306,303.978,0.06,0.1439873417721519,0.5608108108108109,0.6677852348993288,0.2468354430379747,0.155,0.10759493670886076,0.6044303797468354,0.3037974683544304,0.18354430379746836
2024-12-30,A2M,THE A2 MILK COMPANY ORDINARY,-0.016666666666666666,5.669867992401123,5.660125732421875,0.0017182516404800063,0.0017182516404800063,False,2.863752734133344e-05,2.863752734133344e-05,0.0001048076923076923,-7.617016496635885e-05,4939.805425,3.7,0.8670886075949367,0.3547297297297297,0.07046979865771812,0.7784810126582279,0.83,0.3987341772151899,0.5253164556962026,0.25,0.07278481012658228
2024-12-30,88E,88 ENERGY LTD ORDINARY,-0.016666666666666666,0.05000000074505806,0.05000000074505806,-0.0,-0.0,False,-0.0,-0.0,0.0001048076923076923,-0.0001048076923076923,59.776972,0.02,0.10917721518987342,0.5760135135135135,1.0,0.0759493670886076,,0.21518987341772153,0.10126582278481013,0.020569620253164556,0.4588607594936709
2024-12-30,BRN,BRAINCHIP LTD ORDINARY,-0.016666666666666666,0.41999998688697815,0.2849999964237213,0.32142855875751564,0.32142855875751564,False,0.0053571426459585935,0.0053571426459585935,0.0001048076923076923,0.005252334953650901,266.817648,2.59,0.7879746835443038,0.9763513513513513,0.9865771812080537,0.2310126582278481,,0.21835443037974683,0.03164556962025317,0.2974683544303797,0.20253164556962025
2024-12-30,APX,APPEN LIMITED ORDINARY,-0.016666666666666666,2.680000066757202,2.559999942779541,0.04477616454795885,0.04477616454795885,False,0.0007462694091326475,0.0007462694091326475,0.0001048076923076923,0.0006414617168249552,68.17114,0.02,0.10917721518987342,0.956081081081081,0.9328859060402684,0.0949367088607595,,0.8417721518987342,0.0949367088607595,0.34810126582278483,0.14873417721518986
2024-12-30,ARB,ARB CORPORATION. ORDINARY,-0.016666666666666666,39.13776779174805,35.375431060791016,0.09613059055836848,0.09613059055836848,False,0.0016021765093061412,0.0016021765093061412,0.0001048076923076923,0.001497368816998449,3047.0956,3.63,0.8591772151898734,0.40878378378378377,0.6208053691275168,0.7088607594936709,0.665,0.40822784810126583,0.7911392405063291,0.23417721518987342,0.5759493670886076
2024-12-30,EDE,EDEN INV LTD ORDINARY,-0.016666666666666666,0.029999999329447746,0.03999999910593033,-0.33333333333333326,-0.16,True,-0.005555555555555554,-0.0026666666666666666,0.0001881410256410256,-0.002854807692307692,61.79294,0.0,0.04113924050632911,0.10810810810810811,0.9966442953020134,0.07911392405063292,,0.2088607594936709,0.028481012658227847,0.9525316455696202,0.8892405063291139
2024-12-30,CAT,CATAPULT GRP INT LTD ORDINARY,-0.016666666666666666,3.7300000190734863,3.890000104904175,-0.04289546515081022,-0.04289546515081022,False,-0.0007149244191801703,-0.0007149244191801703,0.0001048076923076923,-0.0008197321114878627,617.84208,1.16,0.6044303797468354,0.972972972972973,0.7516778523489933,0.3987341772151899,,0.41455696202531644,0.22468354430379747,0.37341772151898733,0.37658227848101267
2024-12-30,FML,FOCUS MINERALS LTD ORDINARY,-0.016666666666666666,0.17000000178813934,0.20000000298023224,-0.17647059339140525,-0.16,True,-0.002941176556523421,-0.0026666666666666666,0.0001881410256410256,-0.002854807692307692,41.568272,0.0,0.04113924050632911,0.918918918918919,0.7651006711409396,0.04430379746835443,,0.04113924050632911,0.056962025316455694,0.9018987341772152,0.9177215189873418
2024-12-30,EXR,ELIXIR ENERGY LTD ORDINARY,-0.016666666666666666,0.04600000008940697,0.0430000014603138,0.06521736137526701,0.06521736137526701,False,0.0010869560229211169,0.0010869560229211169,0.0001048076923076923,0.0009821483306134246,124.263123,0.21,0.254746835443038,0.006756756756756757,0.6912751677852349,0.1360759493670886,,0.13291139240506328,0.27848101265822783,0.3227848101265823,0.023734177215189875
2024-12-30,EOS,ELECTRO OPTIC SYS. ORDINARY,-0.016666666666666666,1.284999966621399,1.1799999475479126,0.08171207922250678,0.08171207922250678,False,0.0013618679870417798,0.0013618679870417798,0.0001048076923076923,0.0012570602947340876,256.557579,0.47,0.3560126582278481,0.14527027027027026,0.9463087248322147,0.22151898734177214,,0.08227848101265822,0.310126582278481,0.5,0.379746835443038
2024-12-30,EGR,ECOGRAF LIMITED ORDINARY,-0.016666666666666666,0.09000000357627869,0.09399999678134918,-0.04444436717916722,-0.04444436717916722,False,-0.0007407394529861203,-0.0007407394529861203,0.0001048076923076923,-0.0008455471452938127,52.31097,0.09,0.17405063291139242,0.5135135135135135,0.9563758389261745,0.06645569620253164,,0.0981012658227848,0.1930379746835443,0.07278481012658228,0.4588607594936709
2024-12-30,GLN,GALAN LITHIUM LTD ORDINARY,-0.016666666666666666,0.13500000536441803,0.11999999731779099,0.11111116630059481,0.11111116630059481,False,0.0018518527716765802,0.0018518527716765802,0.0001048076923076923,0.001747045079368888,67.28703,1.3,0.6313291139240507,0.3952702702702703,0.9228187919463087,0.09177215189873418,,0.00949367088607595,0.2563291139240506,0.06645569620253164,0.4588607594936709
2024-12-30,CXL,CALIX LIMITED ORDINARY,-0.016666666666666666,0.7450000047683716,0.5600000023841858,0.24832214926187046,0.24832214926187046,False,0.004138702487697841,0.004138702487697841,0.0001048076923076923,0.004033894795390148,265.607252,1.77,0.7056962025316456,0.016891891891891893,0.785234899328859,0.22784810126582278,,0.2310126582278481,0.12658227848101267,0.2088607594936709,0.3860759493670886
2024-12-30,CTM,CENTAURUS METALS LTD ORDINARY,-0.016666666666666666,0.3499999940395355,0.3700000047683716,-0.057142888769811995,-0.057142888769811995,False,-0.0009523814794968666,-0.0009523814794968666,0.0001048076923076923,-0.001057189171804559,222.40575,0.09,0.17405063291139242,0.057432432432432436,0.9194630872483222,0.20253164556962025,,0.3259493670886076,0.11075949367088607,0.15822784810126583,0.4588607594936709
2024-12-30,CST,CASTILE RESOURCES ORDINARY,-0.016666666666666666,0.07999999821186066,0.06300000101327896,0.21249996973201568,0.21249996973201568,False,0.003541666162200261,0.003541666162200261,0.0001048076923076923,0.003436858469892569,17.416974,0.0,0.04113924050632911,0.6486486486486487,0.610738255033557,0.015822784810126583,,0.1360759493670886,0.2974683544303797,0.05063291139240506,0.25949367088607594
2024-12-30,CLV,CLOVER CORPORATION ORDINARY,-0.016666666666666666,0.4276503026485443,0.3844047784805298,0.10112356731699779,0.10112356731699779,False,0.0016853927886166296,0.0016853927886166296,0.0001048076923076923,0.0015805850963089374,80.75004,0.01,0.09177215189873418,0.8648648648648649,0.7583892617449665,0.10759493670886076,0.425,0.9145569620253164,0.5158227848101266,0.370253164556962,0.8955696202531646
2024-12-30,CIA,CHAMPION IRON LTD ORDINARY,-0.016666666666666666,5.530717849731445,5.081765174865723,0.08117439490924716,0.08117439490924716,False,0.001352906581820786,0.001352906581820786,0.0001048076923076923,0.0012480988895130938,3558.760424,6.24,0.930379746835443,0.1858108108108108,0.4899328859060403,0.7436708860759493,0.895,0.2689873417721519,0.40189873417721517,0.5886075949367089,0.12025316455696203
2024-12-30,DEV,DEVEX RESOURCES LTD ORDINARY,-0.016666666666666666,0.09200000017881393,0.08500000089406967,0.0760869485993354,0.0760869485993354,False,0.0012681158099889234,0.0012681158099889234,0.0001048076923076923,0.0011633081176812311,132.3573,0.11,0.18354430379746836,0.033783783783783786,0.9261744966442953,0.14556962025316456,,0.20253164556962025,0.07278481012658228,0.12341772151898735,0.9683544303797469
2024-12-30,HGO,HILLGROVE RES LTD ORDINARY,-0.016666666666666666,0.050999999046325684,0.04100000113248825,0.19607839413396788,0.19607839413396788,False,0.0032679732355661312,0.0032679732355661312,0.0001048076923076923,0.003163165543258439,161.228,0.0,0.04113924050632911,0.08108108108108109,0.7885906040268457,0.17405063291139242,,0.1550632911392405,0.16139240506329114,0.43354430379746833,0.4588607594936709
2024-12-30,CCX,CITY CHIC COLLECTIVE ORDINARY,-0.016666666666666666,0.10499999672174454,0.11500000208616257,-0.09523814930126684,-0.09523814930126684,False,-0.0015873024883544472,-0.0015873024883544472,0.0001048076923076923,-0.0016921101806621395,20.37588,0.66,0.43354430379746833,0.15878378378378377,0.9664429530201343,0.0189873417721519,,0.012658227848101266,0.1518987341772152,0.8132911392405063,0.9525316455696202
2024-12-30,IMU,IMUGENE LIMITED ORDINARY,-0.016666666666666666,1.2239999771118164,1.2580000162124634,-0.027777810242181955,-0.027777810242181955,False,-0.0004629635040363659,-0.0004629635040363659,0.0001048076923076923,-0.0005677711963440582,400.087895,6.13,0.9240506329113924,0.10135135135135136,0.1610738255033557,0.2911392405063291,,0.0949367088607595,0.03481012658227848,0.12974683544303797,0.015822784810126583
2024-12-30,IPD,IMPEDIMED LIMITED ORDINARY,-0.016666666666666666,0.052000001072883606,0.052000001072883606,-0.0,-0.0,False,-0.0,-0.0,0.0001048076923076923,-0.0001048076923076923,145.259394,0.46,0.3512658227848101,0.31756756756756754,0.9161073825503355,0.15822784810126583,,0.12025316455696203,0.08227848101265822,0.189873417721519,0.8164556962025317
2024-12-30,PWH,PWR HOLDINGS LIMITED ORDINARY,-0.016666666666666666,7.853671073913574,7.942917346954346,-0.01136363774352711,-0.01136363774352711,False,-0.00018939396239211852,-0.00018939396239211852,0.0001048076923076923,-0.0002942016546998108,1099.296393,3.8,0.8765822784810127,0.2668918918918919,0.05704697986577181,0.48417721518987344,0.735,0.4240506329113924,0.9272151898734177,0.379746835443038,0.8259493670886076
2024-12-30,PDN,PALADIN ENERGY LTD ORDINARY,-0.016666666666666666,7.619999885559082,8.569999694824219,-0.1246718928520607,-0.1246718928520607,False,-0.0020778648808676783,-0.0020778648808676783,0.0001048076923076923,-0.0021826725731753705,2551.055262,16.0,0.9968354430379747,0.04054054054054054,0.3959731543624161,0.680379746835443,,0.3227848101265823,0.3575949367088608,0.5474683544303798,0.4588607594936709
2024-12-30,NVX,NOVONIX LIMITED ORDINARY,-0.016666666666666666,0.7400000095367432,0.550000011920929,0.2567567502259338,0.2567567502259338,False,0.00427927917043223,0.00427927917043223,0.0001048076923076923,0.004174471478124538,349.316636,2.83,0.8069620253164557,0.47635135135135137,0.959731543624161,0.25949367088607594,,0.2120253164556962,0.11392405063291139,0.6075949367088608,0.08860759493670886
2024-12-30,NEU,NEUREN PHARMACEUT. ORDINARY,-0.016666666666666666,12.199999809265137,13.670000076293945,-0.12049182705006567,-0.12049182705006567,False,-0.0020081971175010946,-0.0020081971175010946,0.0001048076923076923,-0.002113004809808787,2580.292105,4.49,0.9018987341772152,0.22972972972972974,0.7416107382550335,0.6835443037974683,0.95,0.2911392405063291,0.5632911392405063,0.020569620253164556,0.04430379746835443
2024-12-30,NCK,NICK SCALI LIMITED ORDINARY,-0.016666666666666666,14.430268287658691,15.018097877502441,-0.04073587393704137,-0.04073587393704137,False,-0.0006789312322840228,-0.0006789312322840228,0.0001048076923076923,-0.000783738924591715,1103.464834,4.97,0.9113924050632911,0.44594594594594594,0.3859060402684564,0.4873417721518987,0.33,0.7246835443037974,0.9208860759493671,0.8449367088607594,0.6677215189873418
2024-12-30,MIN,MINERAL RESOURCES. ORDINARY,-0.016666666666666666,34.189998626708984,33.08000183105469,0.03246554080839226,0.03246554080839226,False,0.0005410923468065377,0.0005410923468065377,0.0001048076923076923,0.00043628465449884536,10775.485322,12.67,0.9873417721518988,0.037162162162162164,0.5536912751677853,0.8892405063291139,,0.08860759493670886,0.13924050632911392,0.879746835443038,0.7278481012658228
2024-12-30,KGN,KOGAN.COM LTD ORDINARY,-0.016666666666666666,5.8396220207214355,4.379715919494629,0.2500001020693541,0.2500001020693541,False,0.004166668367822568,0.004166668367822568,0.0001048076923076923,0.004061860675514875,422.203104,1.1,0.5870253164556962,0.8783783783783784,0.9026845637583892,0.310126582278481,,0.17405063291139242,0.18037974683544303,0.41455696202531644,0.16772151898734178
2024-12-30,M7T,MACH7 TECH LIMITED ORDINARY,-0.016666666666666666,0.36500000953674316,0.38999998569488525,-0.06849308357518114,-0.06849308357518114,False,-0.0011415513929196855,-0.0011415513929196855,0.0001048076923076923,-0.0012463590852273777,153.203463,0.03,0.12025316455696203,0.04391891891891892,0.9093959731543624,0.16772151898734178,,0.560126582278481,0.19936708860759494,0.17721518987341772,0.8386075949367089
2024-12-30,LOT,LOTUS RESOURCES LTD ORDINARY,-0.016666666666666666,2.184999942779541,2.6449999809265137,-0.21052633876127524,-0.16,True,-0.0035087723126879205,-0.0026666666666666666,0.0001881410256410256,-0.002854807692307692,605.097495,3.39,0.8449367088607594,0.09797297297297297,0.8389261744966443,0.3924050632911392,,0.28164556962025317,0.13291139240506328,0.020569620253164556,0.4588607594936709
2024-12-30,LKE,LAKE RESOURCES ORDINARY,-0.016666666666666666,0.04100000113248825,0.039000000804662704,0.04878049445322463,0.04878049445322463,False,0.0008130082408870772,0.0008130082408870772,0.0001048076923076923,0.0007082005485793848,62.2522,0.65,0.4287974683544304,0.5101351351351351,0.7046979865771812,0.08227848101265822,,0.04746835443037975,0.11708860759493671,0.1518987341772152,0.04113924050632911
2024-12-30,LIC,LIFESTYLE COMMUNIT. ORDINARY,-0.016666666666666666,8.670000076293945,9.229999542236328,-0.06459047993247058,-0.06459047993247058,False,-0.0010765079988745096,-0.0010765079988745096,0.0001048076923076923,-0.0011813156911822018,1417.96472,9.0,0.9620253164556962,0.5236486486486487,0.5033557046979866,0.5506329113924051,0.57,0.26582278481012656,0.5443037974683544,0.569620253164557,0.9145569620253164
2024-12-30,PEN,PENINSULA ENERGY LTD ORDINARY,-0.016666666666666666,1.3049999475479126,1.090000033378601,0.16475089870562454,0.16475089870562454,False,0.002745848311760409,0.002745848311760409,0.0001048076923076923,0.002641040619452717,295.97885,1.45,0.6518987341772152,0.07432432432432433,0.7785234899328859,0.24050632911392406,,0.12658227848101267,0.2848101265822785,0.03164556962025317,0.03164556962025317
2024-12-30,MGX,MOUNT GIBSON IRON ORDINARY,-0.016666666666666666,0.3050000071525574,0.3100000023841858,-0.01639342660450316,-0.01639342660450316,False,-0.0002732237767417193,-0.0002732237767417193,0.0001048076923076923,-0.0003780314690494116,505.203716,0.65,0.4287974683544304,0.4527027027027027,0.47651006711409394,0.3639240506329114,,0.9367088607594937,0.08544303797468354,0.17405063291139242,0.0759493670886076
2024-12-30,PLS,PILBARA MIN LTD ORDINARY,-0.016666666666666666,2.200000047683716,2.2300000190734863,-0.013636350336153846,-0.013636350336153846,False,-0.0002272725056025641,-0.0002272725056025641,0.0001048076923076923,-0.0003320801979102564,9269.46818,14.26,0.9936708860759493,0.09121621621621621,0.8187919463087249,0.870253164556962,0.92,0.16772151898734178,0.39556962025316456,0.39556962025316456,0.0949367088607595
2024-12-30,LTR,LIONTOWN RESOURCES ORDINARY,-0.016666666666666666,0.5400000214576721,0.6399999856948853,-0.18518511159920692,-0.16,True,-0.0030864185266534488,-0.0026666666666666666,0.0001881410256410256,-0.002854807692307692,2155.1617,9.73,0.9683544303797469,0.02364864864864865,0.8489932885906041,0.6455696202531646,,0.06329113924050633,0.22784810126582278,0.7278481012658228,0.00949367088607595
2024-12-30,S2R,S2 RESOURCES ORDINARY,-0.016666666666666666,0.0689999982714653,0.07199999690055847,-0.043478242090533525,-0.043478242090533525,False,-0.0007246373681755587,-0.0007246373681755587,0.0001048076923076923,-0.0008294450604832511,42.568651,0.0,0.04113924050632911,0.23986486486486486,0.8087248322147651,0.05063291139240506,,0.11708860759493671,0.04113924050632911,0.12025316455696203,0.9936708860759493
2024-12-30,SXL,STHN CROSS MEDIA ORDINARY,-0.016666666666666666,0.5615662336349487,0.5901204943656921,-0.05084753858136226,-0.05084753858136226,False,-0.0008474589763560377,-0.0008474589763560377,0.0001048076923076923,-0.0009522666686637301,150.503555,0.94,0.5363924050632911,0.9087837837837838,0.8825503355704698,0.16455696202531644,,0.8860759493670886,0.022151898734177215,0.8386075949367089,0.39556962025316456
2024-12-30,WBT,WEEBIT NANO LTD ORDINARY,-0.016666666666666666,3.4600000381469727,2.200000047683716,0.3641618429397644,0.3641618429397644,False,0.0060693640489960735,0.0060693640489960735,0.0001048076923076923,0.005964556356688381,443.953843,2.52,0.7784810126582279,0.9864864864864865,0.8691275167785235,0.3291139240506329,,0.25949367088607594,0.0759493670886076,0.0949367088607595,0.990506329113924
2024-12-30,WAF,WEST AFRICAN RES LTD ORDINARY,-0.016666666666666666,1.4500000476837158,1.6549999713897705,-0.14137925307901145,-0.14137925307901145,False,-0.0023563208846501906,-0.0023563208846501906,0.0001048076923076923,-0.002461128576957883,1633.039345,0.93,0.5316455696202531,0.7466216216216216,0.8590604026845637,0.5822784810126582,0.12,0.18354430379746836,0.819620253164557,0.5759493670886076,0.4588607594936709
2024-12-30,VUL,VULCAN ENERGY ORDINARY,-0.016666666666666666,5.53000020980835,4.170000076293945,0.2459312987189809,0.2459312987189809,False,0.004098854978649681,0.004098854978649681,0.0001048076923076923,0.003994047286341989,401.510769,1.01,0.5712025316455697,0.8851351351351351,0.5234899328859061,0.2974683544303797,,0.1518987341772152,0.24367088607594936,0.14240506329113925,0.18670886075949367
2024-12-30,TPW,TEMPLE & WEBSTER LTD ORDINARY,-0.016666666666666666,13.149999618530273,13.84000015258789,-0.05247152502463237,-0.05247152502463237,False,-0.0008745254170772061,-0.0008745254170772061,0.0001048076923076923,-0.0009793331093848985,1130.835399,2.0,0.7310126582278481,0.5912162162162162,0.7718120805369127,0.49683544303797467,,0.3860759493670886,0.28164556962025317,0.4272151898734177,0.3227848101265823
2024-12-30,TOE,TORO ENERGY LIMITED ORDINARY,-0.016666666666666666,0.23999999463558197,0.1899999976158142,0.20833332557231166,0.20833332557231166,False,0.003472222092871861,0.003472222092871861,0.0001048076923076923,0.0033674144005641686,37.243258,0.0,0.04113924050632911,0.2635135135135135,0.8926174496644296,0.03481012658227848,,0.14556962025316456,0.14556962025316456,0.020569620253164556,0.023734177215189875
2024-12-30,IXR,IONIC RARE EARTHS ORDINARY,-0.016666666666666666,0.20999999344348907,0.18000000715255737,0.14285708203607483,0.14285708203607483,False,0.002380951367267914,0.002380951367267914,0.0001048076923076923,0.002276143674960222,49.693557,0.07,0.1518987341772152,0.2702702702702703,0.9932885906040269,0.060126582278481014,,0.05379746835443038,0.10759493670886076,0.1360759493670886,0.9493670886075949
2024-12-30,SYR,SYRAH RESOURCES ORDINARY,-0.016666666666666666,0.1899999976158142,0.23000000417232513,-0.21052635293918343,-0.16,True,-0.0035087725489863905,-0.0026666666666666666,0.0001881410256410256,-0.002854807692307692,198.544733,12.8,0.990506329113924,0.02027027027027027,0.9630872483221476,0.1962025316455696,,0.03164556962025317,0.12025316455696203,0.6613924050632911,0.28164556962025317
2024-12-30,SVL,SILVER MINES LIMITED ORDINARY,-0.016666666666666666,0.07999999821186066,0.0729999989271164,0.08749999301508049,0.08749999301508049,False,0.001458333216918008,0.001458333216918008,0.0001048076923076923,0.0013535255246103159,229.162044,0.75,0.46835443037974683,0.15033783783783783,0.9697986577181208,0.2120253164556962,,0.3512658227848101,0.31645569620253167,0.020569620253164556,0.12341772151898735
2024-12-30,SRL,SUNRISE ORDINARY,-0.016666666666666666,0.2199999988079071,0.24500000476837158,-0.11363639134513459,-0.11363639134513459,False,-0.0018939398557522432,-0.0018939398557522432,0.0001048076923076923,-0.0019987475480599355,34.488271,1.3,0.6313291139240507,0.010135135135135136,0.6140939597315436,0.03164556962025317,,0.18037974683544303,0.04746835443037975,0.19936708860759494,0.08544303797468354
2024-12-30,SLX,SILEX SYSTEMS ORDINARY,-0.016666666666666666,5.019999980926514,5.920000076293945,-0.17928288820457805,-0.16,True,-0.0029880481367429673,-0.0026666666666666666,0.0001881410256410256,-0.002854807692307692,1197.70638,6.57,0.939873417721519,0.7432432432432432,0.6577181208053692,0.5126582278481012,,0.37341772151898733,0.14873417721518986,0.10759493670886076,0.930379746835443
2024-12-30,SHV,SELECT HARVESTS ORDINARY,-0.016666666666666666,4.329999923706055,4.53000020980835,-0.04618944333170205,-0.04618944333170205,False,-0.0007698240555283675,-0.0007698240555283675,0.0001048076923076923,-0.0008746317478360599,445.69952,2.66,0.7943037974683544,0.875,0.5604026845637584,0.3322784810126582,0.86,0.8765822784810127,0.37658227848101267,0.7816455696202531,0.9651898734177216
2024-12-30,TLG,TALGA GROUP LTD ORDINARY,-0.016666666666666666,0.4350000023841858,0.5,-0.1494252810564518,-0.1494252810564518,False,-0.0024904213509408636,-0.0024904213509408636,0.0001048076923076923,-0.002595229043248556,216.935044,0.19,0.24208860759493672,0.8344594594594594,0.7684563758389261,0.19936708860759494,,0.12341772151898735,0.04430379746835443,0.20569620253164558,0.870253164556962
2025-01-27,CHN,CHALICE MINING LTD ORDINARY,-0.01639344262295082,1.2000000476837158,1.440000057220459,-0.19999999999999996,-0.16,True,-0.0032786885245901635,-0.002622950819672131,0.00018505674653215636,-0.0028080075662042874,422.59698,6.26,0.928125,0.02666666666666667,0.8543046357615894,0.296875,,0.29375,0.125,0.146875,0.99375
2025-01-27,CCX,CITY CHIC COLLECTIVE ORDINARY,-0.01639344262295082,0.11500000208616257,0.14499999582767487,-0.2608695060634443,-0.16,True,-0.004276549279728595,-0.002622950819672131,0.00018505674653215636,-0.0028080075662042874,20.37588,0.72,0.475,0.14,0.9304635761589404,0.01875,,0.015625,0.13125,0.809375,0.9625
2025-01-27,CAT,CATAPULT GRP INT LTD ORDINARY,-0.01639344262295082,3.7799999713897705,3.5799999237060547,0.052910065925260596,0.052910065925260596,False,0.0008673781299223049,0.0008673781299223049,0.00010308953341740226,0.0007642885965049027,957.28759,1.08,0.5828125,0.9533333333333334,0.7417218543046358,0.446875,,0.503125,0.290625,0.31875,0.003125
2025-01-27,BRN,BRAINCHIP LTD ORDINARY,-0.01639344262295082,0.38999998569488525,0.20499999821186066,0.4743589596635486,0.4743589596635486,False,0.007776376387927026,0.007776376387927026,0.00010308953341740226,0.007673286854509624,487.813155,3.34,0.8359375,0.9733333333333334,0.9536423841059603,0.33125,,0.31875,0.01875,0.234375,0.965625
2025-01-27,BOT,BOTANIX PHARMA LTD ORDINARY,-0.01639344262295082,0.45500001311302185,0.41999998688697815,0.07692313234582193,0.07692313234582193,False,0.0012610349564888843,0.0012610349564888843,0.00010308953341740226,0.001157945423071482,790.37238,0.02,0.10625,0.9633333333333334,0.7682119205298014,0.41875,,0.23125,0.05,0.115625,0.028125
2025-01-27,BOE,BOSS ENERGY LTD ORDINARY,-0.01639344262295082,3.1700000762939453,2.640000104904175,0.16719241597287116,0.16719241597287116,False,0.0027408592782437896,0.0027408592782437896,0.00010308953341740226,0.002637769744826387,994.72779,18.96,1.0,0.44333333333333336,0.8874172185430463,0.459375,,0.375,0.25625,0.053125,0.3484375
2025-01-27,BBN,BABY BUNTING GRP LTD ORDINARY,-0.01639344262295082,1.7999999523162842,1.809999942779541,-0.005555550404536813,-0.005555550404536813,False,-9.107459679568546e-05,-9.107459679568546e-05,0.00010308953341740226,-0.00019416413021308774,239.08,1.44,0.665625,0.5633333333333334,0.890728476821192,0.215625,0.7293577981651376,0.878125,0.5125,0.884375,0.51875
2025-01-27,BET,BETMAKERS TECH GROUP ORDINARY,-0.01639344262295082,0.125,0.11500000208616257,0.07999998331069946,0.07999998331069946,False,0.0013114751362409748,0.0013114751362409748,0.00010308953341740226,0.0012083856028235725,101.570679,2.24,0.75,0.91,0.8940397350993378,0.11875,,0.15625,0.090625,0.240625,0.215625
2025-01-27,BCI,BCI MINERALS LTD ORDINARY,-0.01639344262295082,0.2750000059604645,0.24500000476837158,0.10909091106131052,0.10909091106131052,False,0.001788375591169025,0.001788375591169025,0.00010308953341740226,0.0016852860577516227,475.708518,0.0,0.0359375,0.15,0.8311258278145696,0.321875,,0.021875,0.28125,0.3875,0.94375
2025-01-27,BAP,BAPCOR LIMITED ORDINARY,-0.01639344262295082,4.670159816741943,5.070737838745117,-0.08577394301735697,-0.08577394301735697,False,-0.0014061302133992946,-0.0014061302133992946,0.00010308953341740226,-0.0015092197468166968,1602.027,2.97,0.809375,0.5966666666666667,0.7516556291390728,0.565625,0.5,0.815625,0.56875,0.7375,0.278125
2025-01-27,ASM,AUSSTRATMATERIALS ORDINARY,-0.01639344262295082,0.49000000953674316,0.375,0.23469389244597505,0.23469389244597505,False,0.003847440859770083,0.003847440859770083,0.00010308953341740226,0.003744351326352681,89.014125,0.85,0.51875,0.22666666666666666,0.7748344370860927,0.1,,0.065625,0.153125,0.278125,0.95625
2025-01-27,AGI,AINSWORTH GAME TECH. ORDINARY,-0.01639344262295082,0.7149999737739563,0.9300000071525574,-0.3006993584122455,-0.16,True,-0.004929497678889271,-0.002622950819672131,0.00018505674653215636,-0.0028080075662042874,303.978,0.05,0.15,0.54,0.34105960264900664,0.25,0.1834862385321101,0.11875,0.55,0.3,0.14375
2025-01-27,BMN,BANNERMAN ENERGY LTD ORDINARY,-0.01639344262295082,3.180000066757202,2.369999885559082,0.2547170327653848,0.2547170327653848,False,0.00417568906172762,0.00417568906172762,0.00010308953341740226,0.004072599528310218,467.2451,4.39,0.89375,0.7733333333333333,0.9701986754966887,0.315625,,0.421875,0.265625,0.034375,0.3484375
2025-01-27,4DX,4DMEDICAL LIMITED ORDINARY,-0.01639344262295082,0.6000000238418579,0.38499999046325684,0.35833337472544613,0.35833337472544613,False,0.005874317618449937,0.005874317618449937,0.00010308953341740226,0.005771228085032535,296.789326,0.15,0.2265625,0.7633333333333333,0.4735099337748344,0.24375,,0.20625,0.053125,0.2625,0.253125
2025-01-27,EGR,ECOGRAF LIMITED ORDINARY,-0.01639344262295082,0.09200000017881393,0.10499999672174454,-0.14130430997460253,-0.14130430997460253,False,-0.002316464097944304,-0.002316464097944304,0.00010308953341740226,-0.0024195536313617065,39.90184,0.1,0.1921875,0.79,0.6059602649006622,0.04375,,0.415625,0.3125,0.08125,0.3484375
2025-01-27,IPD,IMPEDIMED LIMITED ORDINARY,-0.01639344262295082,0.054999999701976776,0.04399999976158142,0.19999999999999996,0.19999999999999996,False,0.0032786885245901635,0.0032786885245901635,0.00010308953341740226,0.003175598991172761,115.9184,0.43,0.3265625,0.5333333333333333,0.16225165562913907,0.13125,,0.159375,0.040625,0.203125,0.6375
2025-01-27,INR,IONEER LTD ORDINARY,-0.01639344262295082,0.18000000715255737,0.14499999582767487,0.19444449963392818,0.19444449963392818,False,0.0031876147480971837,0.0031876147480971837,0.00010308953341740226,0.003084525214679781,215641.666912,4.89,0.903125,0.05,0.9867549668874173,0.996875,,0.425,0.225,0.1,0.3484375
2025-01-27,IMU,IMUGENE LIMITED ORDINARY,-0.01639344262295082,1.2920000553131104,1.2239999771118164,0.052631637221419836,0.052631637221419836,False,0.0008628137249413088,0.0008628137249413088,0.00010308953341740226,0.0007597241915239066,274.528132,6.2,0.925,0.15666666666666668,0.9503311258278145,0.23125,,0.075,0.015625,0.4625,0.953125
2025-01-27,CTM,CENTAURUS METALS LTD ORDINARY,-0.01639344262295082,0.41999998688697815,0.35249999165534973,0.16071427937875782,0.16071427937875782,False,0.0026346603176845545,0.0026346603176845545,0.00010308953341740226,0.0025315707842671524,176.328855,0.09,0.1828125,0.26666666666666666,0.847682119205298,0.18125,,0.2375,0.059375,0.165625,0.3484375
2025-01-27,IFL,INSIGNIA FINANCIAL ORDINARY,-0.01639344262295082,4.570000171661377,4.269999980926514,0.06564555349366674,0.06564555349366674,False,0.0010761566146502745,0.0010761566146502745,0.00010308953341740226,0.0009730670812328722,2373.259049,0.77,0.484375,0.9566666666666667,0.6456953642384106,0.6625,,0.171875,0.29375,0.696875,0.115625
2025-01-27,EXR,ELIXIR ENERGY LTD ORDINARY,-0.01639344262295082,0.04699999839067459,0.032999999821186066,0.2978723201885536,0.2978723201885536,False,0.004883152789976288,0.004883152789976288,0.00010308953341740226,0.004780063256558886,52.89372,0.23,0.253125,0.1,0.9668874172185431,0.071875,,0.046875,0.20625,0.05,0.3484375
2025-01-27,ILU,ILUKA RESOURCES ORDINARY,-0.01639344262295082,4.629852771759033,4.236659049987793,0.08492575059181695,0.08492575059181695,False,0.0013922254195379829,0.0013922254195379829,0.00010308953341740226,0.0012891358861205806,2160.7435,3.19,0.828125,0.08,0.8178807947019867,0.6375,0.1926605504587156,0.10625,0.546875,0.328125,0.121875
2025-01-27,EDE,EDEN INV LTD ORDINARY,-0.01639344262295082,0.03999999910593033,0.019999999552965164,0.5,0.5,False,0.00819672131147541,0.00819672131147541,0.00010308953341740226,0.008093631778058007,123.419637,0.0,0.0359375,0.46166666666666667,0.9966887417218543,0.1375,,0.315625,0.003125,0.984375,0.815625
2025-01-27,DYL,DEEP YELLOW LIMITED ORDINARY,-0.01639344262295082,1.4550000429153442,1.0750000476837158,0.26116837389931113,0.26116837389931113,False,0.004281448752447724,0.004281448752447724,0.00010308953341740226,0.004178359219030322,1075.22099,10.8,0.975,0.74,0.9370860927152318,0.4875,,0.2875,0.303125,0.09375,0.0140625
2025-01-27,DUB,DUBBER CORP LTD ORDINARY,-0.01639344262295082,0.04699999839067459,0.039000000804662704,0.17021272042424562,0.17021272042424562,False,0.00279037246597124,0.00279037246597124,0.00010308953341740226,0.002687282932553838,44.008544,0.22,0.2484375,0.9966666666666667,0.9933774834437086,0.053125,,0.0375,0.034375,0.503125,0.478125
2025-01-27,DTL,DATA#3 LIMITED ORDINARY,-0.01639344262295082,6.496371746063232,7.454230785369873,-0.14744523200771242,-0.14744523200771242,False,-0.0024171349509461053,-0.0024171349509461053,0.00010308953341740226,-0.0025202244843635074,991.77912,3.51,0.85,0.22333333333333333,0.6655629139072847,0.45625,0.5504587155963303,0.09375,0.95625,0.596875,0.61875
2025-01-27,DEV,DEVEX RESOURCES LTD ORDINARY,-0.01639344262295082,0.09200000017881393,0.0820000022649765,0.10869562928696896,0.10869562928696896,False,0.0017818955620814586,0.0017818955620814586,0.00010308953341740226,0.0016788060286640563,41.520458,0.11,0.2,0.06,0.6589403973509934,0.05,,0.071875,0.03125,0.1375,0.171875
2025-01-27,ABY,ADORE BEAUTY ORDINARY,-0.01639344262295082,0.9075000286102295,0.8399999737739563,0.0743802233699592,0.0743802233699592,False,0.0012193479240976918,0.0012193479240976918,0.00010308953341740226,0.0011162583906802895,89.852307,0.34,0.29375,0.23,0.7350993377483444,0.10625,0.8944954128440367,0.38125,0.36875,0.365625,0.625
2025-01-27,CXO,CORE LITHIUM ORDINARY,-0.01639344262295082,0.09200000017881393,0.0860000029206276,0.06521736137526701,0.06521736137526701,False,0.0010691370717256887,0.0010691370717256887,0.00010308953341740226,0.0009660475383082864,185.825487,2.36,0.7640625,0.17666666666666667,0.6026490066225165,0.190625,,0.0625,0.15625,0.14375,0.00625
2025-01-27,IXR,IONIC RARE EARTHS ORDINARY,-0.01639344262295082,0.18000000715255737,0.20999999344348907,-0.16666658388244104,-0.16,True,-0.002732239080040017,-0.002622950819672131,0.00018505674653215636,-0.0028080075662042874,33.24752,0.06,0.1625,0.016666666666666666,0.8145695364238411,0.040625,,0.115625,0.084375,0.134375,0.053125
2025-01-27,JMS,JUPITER MINES. ORDINARY,-0.01639344262295082,0.13110555708408356,0.14014731347560883,-0.06896547021059085,-0.06896547021059085,False,-0.0011305814788621451,-0.0011305814788621451,0.00010308953341740226,-0.0012336710122795474,285.583606,0.44,0.3328125,0.22,0.5231788079470199,0.2375,0.1559633027522936,0.40625,0.428125,0.04375,0.13125
2025-01-27,LIC,LIFESTYLE COMMUNIT. ORDINARY,-0.01639344262295082,9.460000038146973,7.789999961853027,0.17653277690906488,0.17653277690906488,False,0.002893979949328933,0.002893979949328933,0.00010308953341740226,0.0027908904159115308,1038.6704,9.55,0.9625,0.7866666666666666,0.8112582781456954,0.471875,0.573394495412844,0.328125,0.4375,0.6,0.11875
2025-01-27,OMH,OM HOLDINGS LIMITED ORDINARY,-0.01639344262295082,0.323377788066864,0.323377788066864,-0.0,-0.0,False,-0.0,-0.0,0.00010308953341740226,-0.00010308953341740226,282.81949,0.0,0.0359375,0.25666666666666665,0.33112582781456956,0.234375,,0.325,0.296875,0.678125,0.690625
2025-01-27,NVX,NOVONIX LIMITED ORDINARY,-0.01639344262295082,0.574999988079071,0.42500001192092896,0.26086952916165085,0.26086952916165085,False,0.004276549658387719,0.004276549658387719,0.00010308953341740226,0.004173460124970317,365.193577,3.9,0.86875,0.13666666666666666,0.7086092715231788,0.28125,,0.221875,0.046875,0.65625,0.753125
2025-01-27,NMT,NEOMETALS LTD ORDINARY,-0.01639344262295082,0.07900000363588333,0.08100000023841858,-0.025316411525161175,-0.025316411525161175,False,-0.0004150231397567406,-0.0004150231397567406,0.00010308953341740226,-0.0005181126731741429,53.09355,0.13,0.2125,0.18333333333333332,0.8807947019867549,0.075,,0.103125,0.05625,0.309375,0.3484375
2025-01-27,NEU,NEUREN PHARMACEUT. ORDINARY,-0.01639344262295082,14.729999542236328,13.210000038146973,0.1031907366820316,0.1031907366820316,False,0.0016916514210169116,0.0016916514210169116,0.00010308953341740226,0.0015885618875995094,1634.332087,4.42,0.896875,0.8766666666666667,0.8443708609271523,0.578125,0.06422018348623854,0.48125,0.96875,0.021875,0.990625
2025-01-27,MSB,MESOBLAST LIMITED ORDINARY,-0.01639344262295082,2.869999885559082,2.509999990463257,0.12543550851943552,0.12543550851943552,False,0.0020563198117940253,0.0020563198117940253,0.00010308953341740226,0.001953230278376623,2189.800877,1.71,0.6921875,0.9933333333333333,0.7317880794701986,0.64375,,0.371875,0.175,0.49375,0.3484375
2025-01-27,MCP,MCPHERSON'S LTD ORDINARY,-0.01639344262295082,0.3400000035762787,0.25,0.26470589008710776,0.26470589008710776,False,0.004339440821100127,0.004339440821100127,0.00010308953341740226,0.004236351287682725,46.06368,0.06,0.1625,0.17,0.4370860927152318,0.0625,,0.6625,0.284375,0.29375,0.9125
2025-01-27,MMS,MCMILLAN SHAKESPEARE ORDINARY,-0.01639344262295082,13.353097915649414,14.360052108764648,-0.07540978127143938,-0.07540978127143938,False,-0.001236225922482613,-0.001236225922482613,0.00010308953341740226,-0.0013393154559000152,1044.64536,2.3,0.75625,0.6333333333333333,0.1986754966887417,0.475,0.21559633027522937,0.734375,0.975,0.975,0.509375
2025-01-27,MIN,MINERAL RESOURCES. ORDINARY,-0.01639344262295082,35.41999816894531,23.93000030517578,0.3243929547642793,0.3243929547642793,False,0.005317917291217694,0.005317917291217694,0.00010308953341740226,0.005214827757800292,6751.193887,12.21,0.98125,0.3333333333333333,0.6754966887417219,0.8125,,0.028125,0.071875,0.9,0.125
2025-01-27,M7T,MACH7 TECH LIMITED ORDINARY,-0.01639344262295082,0.36000001430511475,0.4449999928474426,-0.2361110421242565,-0.16,True,-0.003870672821709123,-0.002622950819672131,0.00018505674653215636,-0.0028080075662042874,96.498424,0.01,0.0859375,0.12333333333333334,0.7814569536423841,0.1125,,0.25625,0.1875,0.178125,0.725
2025-01-27,LTR,LIONTOWN RESOURCES ORDINARY,-0.01639344262295082,0.6700000166893005,0.6549999713897705,0.022388126755056525,0.022388126755056525,False,0.0003670184713943693,0.0003670184713943693,0.00010308953341740226,0.000263928937976967,1333.850175,10.33,0.971875,0.12666666666666668,0.8377483443708609,0.5375,,0.059375,0.240625,0.821875,1.0
2025-01-27,LOT,LOTUS RESOURCES LTD ORDINARY,-0.01639344262295082,2.932499885559082,2.012500047683716,0.3137254471537577,0.3137254471537577,False,0.005143040117274717,0.005143040117274717,0.00010308953341740226,0.0050399505838573146,393.621079,5.1,0.909375,0.6033333333333334,0.9470198675496688,0.2875,,0.14375,0.184375,0.040625,0.3484375
2025-01-27,MP1,MEGAPORT LIMITED ORDINARY,-0.01639344262295082,8.5600004196167,11.289999961853027,-0.31892516453387887,-0.16,True,-0.005228281385801293,-0.002622950819672131,0.00018505674653215636,-0.0028080075662042874,1172.903145,10.05,0.96875,0.9166666666666666,0.9437086092715232,0.509375,0.9862385321100917,0.596875,0.334375,0.325,0.584375
2025-01-27,PLS,PILBARA MIN LTD ORDINARY,-0.01639344262295082,2.309999942779541,1.965000033378601,0.1493506138298054,0.1493506138298054,False,0.0024483707185214004,0.0024483707185214004,0.00010308953341740226,0.0023452811851039984,6605.32565,12.69,0.990625,0.07666666666666666,0.8245033112582781,0.80625,,0.175,0.221875,0.440625,0.140625
2025-01-27,WEB,WEB TRAVEL GROUP LTD ORDINARY,-0.01639344262295082,4.989999771118164,5.039999961853027,-0.010020078763181894,-0.010020078763181894,False,-0.0001642635862816704,-0.0001642635862816704,0.00010308953341740226,-0.00026735311969907266,1724.131781,4.49,0.9,0.9066666666666666,0.6192052980132451,0.584375,,0.396875,0.0875,0.590625,0.2
2025-01-27,PEN,PENINSULA ENERGY LTD ORDINARY,-0.01639344262295082,1.5299999713897705,0.8700000047683716,0.4313725352699779,0.4313725352699779,False,0.007071680906065211,0.007071680906065211,0.00010308953341740226,0.006968591372647809,124.493618,1.83,0.7046875,0.11666666666666667,0.8211920529801324,0.140625,,0.01875,0.18125,0.03125,0.0140625
2025-01-27,PPK,PPK GROUP LIMITED ORDINARY,-0.01639344262295082,0.3700000047683716,0.3449999988079071,0.06756758280615438,0.06756758280615438,False,0.0011076652919041702,0.0011076652919041702,0.00010308953341740226,0.001004575758486768,31.143349,0.1,0.1921875,0.07333333333333333,0.7450331125827815,0.034375,,0.05,0.171875,0.41875,0.54375
2025-01-27,PNV,POLYNOVO LIMITED ORDINARY,-0.01639344262295082,2.25,1.4850000143051147,0.33999999364217126,0.33999999364217126,False,0.005573770387576578,0.005573770387576578,0.00010308953341740226,0.005470680854159176,1418.94648,2.47,0.771875,0.7833333333333333,0.652317880794702,0.553125,0.9541284403669725,0.334375,0.565625,0.459375,0.5625
2025-01-27,LKE,LAKE RESOURCES ORDINARY,-0.01639344262295082,0.03999999910593033,0.03500000014901161,0.12499997671693508,0.12499997671693508,False,0.0020491799461792638,0.0020491799461792638,0.00010308953341740226,0.0019460904127618615,70.557774,0.64,0.434375,0.03666666666666667,0.6821192052980133,0.084375,,0.040625,0.215625,0.140625,0.946875
2025-01-27,WBT,WEEBIT NANO LTD ORDINARY,-0.01639344262295082,2.5899999141693115,2.130000114440918,0.17760610616696826,0.17760610616696826,False,0.002911575510933906,0.002911575510933906,0.00010308953341740226,0.002808485977516504,681.191488,2.68,0.790625,0.92,0.8344370860927153,0.396875,,0.296875,0.075,0.0875,0.109375
2025-01-27,PPE,PEOPLEIN LIMITED ORDINARY,-0.01639344262295082,0.8849999904632568,0.9350000023841858,-0.056497189220031885,-0.056497189220031885,False,-0.0009261834298365883,-0.0009261834298365883,0.00010308953341740226,-0.0010292729632539906,102.381445,0.33,0.2890625,0.85,0.5860927152317881,0.121875,,0.971875,0.21875,0.76875,0.271875
2025-01-27,TLG,TALGA GROUP LTD ORDINARY,-0.01639344262295082,0.5299999713897705,0.46000000834465027,0.13207540910156224,0.13207540910156224,False,0.002165170641009217,0.002165170641009217,0.00010308953341740226,0.002062081107591815,179.870814,0.21,0.2421875,0.15333333333333332,0.8973509933774835,0.184375,,0.15,0.1625,0.196875,0.0375
2025-01-27,SVL,SILVER MINES LIMITED ORDINARY,-0.01639344262295082,0.0729999989271164,0.07800000160932541,-0.06849318843416752,-0.06849318843416752,False,-0.001122839154658484,-0.001122839154658484,0.00010308953341740226,-0.0012259286880758862,120.580086,1.04,0.5734375,0.03,0.8509933774834437,0.134375,,0.30625,0.271875,0.021875,0.065625
2025-01-27,TOE,TORO ENERGY LIMITED ORDINARY,-0.01639344262295082,0.2150000035762787,0.20000000298023224,0.0697674434722727,0.0697674434722727,False,0.0011437285815126673,0.0011437285815126673,0.00010308953341740226,0.001040639048095265,27.063415,0.0,0.0359375,0.02,0.5298013245033113,0.028125,,0.0875,0.1,0.021875,0.3484375
2025-01-27,SLX,SILEX SYSTEMS ORDINARY,-0.01639344262295082,6.539999961853027,4.179999828338623,0.36085629163302435,0.36085629163302435,False,0.005915676912016793,0.005915676912016793,0.00010308953341740226,0.005812587378599391,1199.97595,6.67,0.934375,0.9033333333333333,0.8079470198675497,0.5125,,0.440625,0.103125,0.1125,0.934375
2025-01-27,SHV,SELECT HARVESTS ORDINARY,-0.01639344262295082,4.539999961853027,4.590000152587891,-0.011013257963653267,-0.011013257963653267,False,-0.000180545212518906,-0.000180545212518906,0.00010308953341740226,-0.0002836347459363083,445.69952,2.52,0.775,0.9333333333333333,0.24172185430463577,0.309375,0.8761467889908257,0.890625,0.34375,0.784375,0.98125
2025-01-27,S32,SOUTH32 LIMITED ORDINARY,-0.01639344262295082,3.3918280601501465,3.4780609607696533,-0.025423724047995977,-0.025423724047995977,False,-0.000416782361442557,-0.000416782361442557,0.00010308953341740226,-0.0005198718948599592,9145.791296,0.93,0.53125,0.2966666666666667,0.24834437086092714,0.8625,0.2798165137614679,0.36875,0.528125,0.409375,0.890625
2025-01-27,REH,REECE LIMITED ORDINARY,-0.01639344262295082,22.999849319458008,17.23515510559082,0.25064052089203137,0.25064052089203137,False,0.004108860998230023,0.004108860998230023,0.00010308953341740226,0.004005771464812621,14457.07716,1.08,0.5828125,0.5466666666666666,0.45695364238410596,0.90625,0.8256880733944955,0.534375,0.5625,0.634375,0.240625
2025-01-27,PWH,PWR HOLDINGS LIMITED ORDINARY,-0.01639344262295082,8.022247314453125,7.496685981750488,0.06551298060280064,0.06551298060280064,False,0.0010739832885705023,0.0010739832885705023,0.00010308953341740226,0.0009708937551531,790.646108,3.02,0.8125,0.19,0.5827814569536424,0.421875,0.9311926605504587,0.359375,0.55625,0.45,0.128125
2025-01-27,SRL,SUNRISE ORDINARY,-0.01639344262295082,0.29499998688697815,0.25,0.15254233521108174,0.15254233521108174,False,0.002500694019853799,0.002500694019853799,0.00010308953341740226,0.0023976044864363966,21.212251,1.27,0.63125,0.16333333333333333,0.9801324503311258,0.021875,,0.090625,0.028125,0.215625,0.159375
2025-02-24,BOT,BOTANIX PHARMA LTD ORDINARY,-0.01639344262295082,0.5,0.45500001311302185,0.0899999737739563,0.0899999737739563,False,0.0014754094061304312,0.0014754094061304312,0.00010308953341740226,0.001372319872713029,790.37238,0.1,0.1890625,0.9602649006622517,0.8778877887788779,0.421875,,0.234375,0.05,0.11875,0.03125
2025-02-24,BET,BETMAKERS TECH GROUP ORDINARY,-0.01639344262295082,0.11999999731779099,0.09799999743700027,0.18333333643774197,0.18333333643774197,False,0.003005464531766262,0.003005464531766262,0.00010308953341740226,0.0029023749983488594,101.570679,2.21,0.746875,0.7649006622516556,0.40924092409240925,0.125,,0.15625,0.09375,0.246875,0.209375
2025-02-24,BCI,BCI MINERALS LTD ORDINARY,-0.01639344262295082,0.25999999046325684,0.24500000476837158,0.05769225478877493,0.05769225478877493,False,0.0009457746686684416,0.0009457746686684416,0.00010308953341740226,0.0008426851352510393,475.708518,0.0,0.034375,0.30629139072847683,0.6237623762376238,0.328125,,0.025,0.28125,0.39375,0.946875
2025-02-24,BAP,BAPCOR LIMITED ORDINARY,-0.01639344262295082,4.445444583892822,4.46824312210083,-0.005128517019560519,-0.005128517019560519,False,-8.407404950099211e-05,-8.407404950099211e-05,0.00010308953341740226,-0.0001871635829183944,1602.027,2.36,0.76875,0.49337748344370863,0.6831683168316832,0.56875,0.5045871559633027,0.815625,0.578125,0.74375,0.271875
2025-02-24,ASM,AUSSTRATMATERIALS ORDINARY,-0.01639344262295082,0.44999998807907104,0.36000001430511475,0.1999999470180921,0.1999999470180921,False,0.003278687656034297,0.003278687656034297,0.00010308953341740226,0.003175598122616895,89.014125,0.82,0.490625,0.3509933774834437,0.17491749174917492,0.10625,,0.06875,0.15625,0.28125,0.959375
2025-02-24,AD8,AUDINATEGROUPLTD ORDINARY,-0.01639344262295082,9.010000228881836,6.210000038146973,0.3107658290350954,0.3107658290350954,False,0.0050945217874605805,0.0050945217874605805,0.00010308953341740226,0.0049914322540431785,617.103881,4.71,0.884375,0.6291390728476821,0.9702970297029703,0.38125,,0.44375,0.26875,0.165625,0.075
2025-02-24,AQZ,ALLIANCE AVIATION ORDINARY,-0.01639344262295082,2.686000108718872,2.7255001068115234,-0.014705881047596625,-0.014705881047596625,False,-0.00024108001717371518,-0.00024108001717371518,0.00010308953341740226,-0.0003441695505911175,478.024467,0.04,0.1265625,0.5149006622516556,0.8085808580858086,0.33125,0.12385321100917432,0.046875,0.7,0.821875,0.415625
2025-02-24,APX,APPEN LIMITED ORDINARY,-0.01639344262295082,2.880000114440918,1.024999976158142,0.64409724464295,0.64409724464295,False,0.01055897122365492,0.01055897122365492,0.00010308953341740226,0.010455881690237517,426.041658,0.92,0.5359375,0.8774834437086093,0.7854785478547854,0.30625,,0.26875,0.259375,0.371875,0.059375
2025-02-24,ALC,ALCIDION GROUP LTD ORDINARY,-0.01639344262295082,0.09600000083446503,0.0820000022649765,0.14583331716453873,0.14583331716453873,False,0.0023907101174514547,0.0023907101174514547,0.00010308953341740226,0.0022876205840340526,80.564653,0.0,0.034375,0.9900662251655629,0.9042904290429042,0.096875,,0.196875,0.284375,0.159375,0.253125
2025-02-24,AGI,AINSWORTH GAME TECH. ORDINARY,-0.01639344262295082,0.8500000238418579,0.800000011920929,0.05882354178643112,0.05882354178643112,False,0.0009643203571546086,0.0009643203571546086,0.00010308953341740226,0.0008612308237372063,303.978,0.05,0.1421875,0.8178807947019867,0.9207920792079208,0.259375,0.17889908256880735,0.121875,0.559375,0.30625,0.1375
2025-02-24,AFG,AUST FINANCE GRP ORDINARY,-0.01639344262295082,1.5628563165664673,1.524417519569397,0.02459522131984515,0.02459522131984515,False,0.00040320034950565824,0.00040320034950565824,0.00010308953341740226,0.00030011081608825597,408.908,0.79,0.4828125,0.695364238410596,0.6963696369636964,0.3,0.28440366972477066,0.765625,0.740625,1.0,0.853125
2025-02-24,BRN,BRAINCHIP LTD ORDINARY,-0.01639344262295082,0.29499998688697815,0.20499999821186066,0.3050847209345766,0.3050847209345766,False,0.005001388867779945,0.005001388867779945,0.00010308953341740226,0.004898299334362543,487.813155,3.78,0.85,0.8874172185430463,0.9603960396039604,0.3375,,0.325,0.01875,0.240625,0.96875
2025-02-24,ARU,ARAFURA RARE EARTHS ORDINARY,-0.01639344262295082,0.14000000059604645,0.17000000178813934,-0.2142857218883476,-0.16,True,-0.003512880686694223,-0.002622950819672131,0.00018505674653215636,-0.0028080075662042874,270.995559,3.61,0.846875,0.8708609271523179,0.8514851485148515,0.2375,,0.421875,0.11875,0.0875,0.34375
2025-02-24,ASB,AUSTAL LIMITED ORDINARY,-0.01639344262295082,4.059999942779541,4.190000057220459,-0.032019733072192524,-0.032019733072192524,False,-0.000524913656921189,-0.000524913656921189,0.00010308953341740226,-0.0006280031903385913,1128.2667,0.56,0.3734375,0.9139072847682119,0.8448844884488449,0.503125,0.5642201834862385,0.95625,0.41875,0.4875,0.671875
2025-02-24,EXR,ELIXIR ENERGY LTD ORDINARY,-0.01639344262295082,0.03099999949336052,0.02500000037252903,0.19354836189970104,0.19354836189970104,False,0.0031729239655688695,0.0031729239655688695,0.00010308953341740226,0.003069834432151467,52.89372,0.17,0.2375,0.03642384105960265,0.9141914191419142,0.075,,0.05,0.209375,0.05625,0.34375
2025-02-24,CCX,CITY CHIC COLLECTIVE ORDINARY,-0.01639344262295082,0.13500000536441803,0.11999999731779099,0.11111116630059481,0.11111116630059481,False,0.0018214945295179478,0.0018214945295179478,0.00010308953341740226,0.0017184049961005456,20.37588,1.04,0.5515625,0.9668874172185431,0.8844884488448845,0.021875,,0.01875,0.134375,0.8125,0.965625
2025-02-24,ILU,ILUKA RESOURCES ORDINARY,-0.01639344262295082,4.364447116851807,3.8497045040130615,0.11793993581712658,0.11793993581712658,False,0.001933441570772567,0.001933441570772567,0.00010308953341740226,0.0018303520373551647,2160.7435,3.03,0.815625,0.09602649006622517,0.6402640264026402,0.6375,0.18807339449541285,0.109375,0.55625,0.3375,0.115625
2025-02-24,IFL,INSIGNIA FINANCIAL ORDINARY,-0.01639344262295082,4.380000114440918,4.199999809265137,0.041095959012037,0.041095959012037,False,0.0006737042460989672,0.0006737042460989672,0.00010308953341740226,0.0005706147126815649,2373.259049,1.04,0.5515625,0.9503311258278145,0.5478547854785478,0.6625,,0.171875,0.296875,0.703125,0.109375
2025-02-24,HGO,HILLGROVE RES LTD ORDINARY,-0.01639344262295082,0.041999999433755875,0.03500000014901161,0.1666666518837685,0.1666666518837685,False,0.0027322401948158773,0.0027322401948158773,0.00010308953341740226,0.0026291506613984753,87.923211,0.16,0.234375,0.22185430463576158,0.7656765676567657,0.103125,,0.390625,0.025,0.453125,0.925
2025-02-24,FBR,FBR LTD ORDINARY,-0.01639344262295082,0.020999999716877937,0.007000000216066837,0.6666666518837685,0.6666666518837685,False,0.010928961506291288,0.010928961506291288,0.00010308953341740226,0.010825871972873885,190.859915,1.81,0.7125,0.009933774834437087,0.9867986798679867,0.203125,,0.13125,0.071875,0.346875,0.98125
2025-02-24,IMU,IMUGENE LIMITED ORDINARY,-0.01639344262295082,1.2580000162124634,1.0880000591278076,0.13513509927963663,0.13513509927963663,False,0.0022153294963874856,0.0022153294963874856,0.00010308953341740226,0.002112239962970083,274.528132,6.44,0.9375,0.41721854304635764,0.8712871287128713,0.240625,,0.078125,0.015625,0.46875,0.95625
2025-02-24,EGR,ECOGRAF LIMITED ORDINARY,-0.01639344262295082,0.12250000238418579,0.2849999964237213,-1.3265305377701244,-0.16,True,-0.021746402258526632,-0.002622950819672131,0.00018505674653215636,-0.0028080075662042874,39.90184,0.02,0.103125,0.9834437086092715,0.8646864686468647,0.04375,,0.41875,0.3125,0.090625,0.34375
2025-02-24,DMP,DOMINO PIZZA ENTERPR ORDINARY,-0.01639344262295082,30.76886558532715,24.867708206176758,0.19178989107627342,0.19178989107627342,False,0.003144096575020876,0.003144096575020876,0.00010308953341740226,0.0030410070416034734,2702.541315,10.43,0.978125,0.45695364238410596,0.9438943894389439,0.6875,,0.7125,0.2,0.915625,0.53125
2025-02-24,CXL,CALIX LIMITED ORDINARY,-0.01639344262295082,0.47999998927116394,0.41499999165534973,0.13541666472641123,0.13541666472641123,False,0.0022199453233837907,0.0022199453233837907,0.00010308953341740226,0.0021168557899663883,138.863406,1.73,0.6984375,0.013245033112582781,0.735973597359736,0.1625,,0.071875,0.1125,0.203125,0.725
2025-02-24,CST,CASTILE RESOURCES ORDINARY,-0.01639344262295082,0.06800000369548798,0.0729999989271164,-0.07352933764561231,-0.07352933764561231,False,-0.0012053989777969232,-0.0012053989777969232,0.00010308953341740226,-0.0013084885112143254,19.829366,0.0,0.034375,0.26490066225165565,0.8250825082508251,0.01875,,0.19375,0.234375,0.053125,0.071875
2025-02-24,CIA,CHAMPION IRON LTD ORDINARY,-0.01639344262295082,5.626239776611328,4.642364025115967,0.17487270193947324,0.17487270193947324,False,0.002866765605565135,0.002866765605565135,0.00010308953341740226,0.0027636760721477327,2651.522416,6.77,0.94375,0.5993377483443708,0.7128712871287128,0.68125,0.9908256880733946,0.146875,0.31875,0.70625,0.48125
2025-02-24,EOS,ELECTRO OPTIC SYS. ORDINARY,-0.01639344262295082,1.2350000143051147,1.309999942779541,-0.06072868632040107,-0.06072868632040107,False,-0.0009955522347606734,-0.0009955522347606734,0.00010308953341740226,-0.0010986417681780756,124.873972,0.68,0.440625,0.46357615894039733,0.7260726072607261,0.15,,0.140625,0.1625,0.525,0.034375
2025-02-24,IXR,IONIC RARE EARTHS ORDINARY,-0.01639344262295082,0.20999999344348907,0.23999999463558197,-0.1428571529939875,-0.1428571529939875,False,-0.002341920540885041,-0.002341920540885041,0.00010308953341740226,-0.0024450100743024436,33.24752,0.04,0.1265625,0.09271523178807947,0.801980198019802,0.040625,,0.11875,0.0875,0.1375,0.053125
2025-02-24,CHN,CHALICE MINING LTD ORDINARY,-0.01639344262295082,1.284999966621399,1.1449999809265137,0.10894940804004982,0.10894940804004982,False,0.0017860558695090136,0.0017860558695090136,0.00010308953341740226,0.0016829663360916113,422.59698,6.0,0.928125,0.2582781456953642,0.9801980198019802,0.303125,,0.296875,0.128125,0.15,0.996875
2025-02-24,4DX,4DMEDICAL LIMITED ORDINARY,-0.01639344262295082,0.41999998688697815,0.27000001072883606,0.3571428115270562,0.3571428115270562,False,0.005854800188968135,0.005854800188968135,0.00010308953341740226,0.005751710655550733,296.789326,0.07,0.16875,0.1986754966887417,0.9273927392739274,0.253125,,0.209375,0.053125,0.26875,0.246875
2025-02-24,JMS,JUPITER MINES. ORDINARY,-0.01639344262295082,0.14014731347560883,0.1517830193042755,-0.083024822524991,-0.083024822524991,False,-0.0013610626643441148,-0.0013610626643441148,0.00010308953341740226,-0.001464152197761517,285.583606,0.58,0.384375,0.6324503311258278,0.4521452145214521,0.246875,0.15137614678899083,0.409375,0.434375,0.05,0.125
2025-02-24,NHF,NIB HOLDINGS LIMITED ORDINARY,-0.01639344262295082,6.276631832122803,6.562760829925537,-0.045586391787131975,-0.045586391787131975,False,-0.0007473178981497045,-0.0007473178981497045,0.00010308953341740226,-0.0008504074315671068,2661.097962,2.82,0.796875,0.8609271523178808,0.5214521452145214,0.684375,0.38990825688073394,0.31875,0.75625,0.484375,0.584375
2025-02-24,IPD,IMPEDIMED LIMITED ORDINARY,-0.01639344262295082,0.04600000008940697,0.04100000113248825,0.10869562928696896,0.10869562928696896,False,0.0017818955620814586,0.0017818955620814586,0.00010308953341740226,0.0016788060286640563,115.9184,0.47,0.346875,0.24834437086092714,0.4884488448844885,0.1375,,0.159375,0.040625,0.20625,0.640625
2025-02-24,NEU,NEUREN PHARMACEUT. ORDINARY,-0.01639344262295082,13.8100004196167,11.930000305175781,0.13613324093534662,0.13613324093534662,False,0.0022316924743499447,0.0022316924743499447,0.00010308953341740226,0.0021286029409325422,1634.332087,4.25,0.86875,0.7615894039735099,0.49504950495049505,0.58125,0.06422018348623854,0.48125,0.96875,0.025,0.99375
2025-02-24,MSB,MESOBLAST LIMITED ORDINARY,-0.01639344262295082,2.640000104904175,1.9600000381469727,0.2575757726274349,0.2575757726274349,False,0.004222553649630081,0.004222553649630081,0.00010308953341740226,0.004119464116212679,2189.800877,2.95,0.809375,0.9701986754966887,0.7623762376237624,0.64375,,0.375,0.178125,0.496875,0.34375
2025-02-24,MP1,MEGAPORT LIMITED ORDINARY,-0.01639344262295082,11.350000381469727,9.630000114440918,0.15154186865375974,0.15154186865375974,False,0.0024842929287501596,0.0024842929287501596,0.00010308953341740226,0.002381203395332757,1172.903145,8.35,0.959375,0.9768211920529801,0.9174917491749175,0.5125,0.9862385321100917,0.596875,0.33125,0.334375,0.58125
2025-02-24,MMS,MCMILLAN SHAKESPEARE ORDINARY,-0.01639344262295082,12.20604419708252,13.485323905944824,-0.10480706838404519,-0.10480706838404519,False,-0.0017181486620335277,-0.0017181486620335277,0.00010308953341740226,-0.00182123819545093,1044.64536,3.35,0.8359375,0.32781456953642385,0.6468646864686468,0.478125,0.21100917431192662,0.734375,0.975,0.975,0.50625
2025-02-24,LIC,LIFESTYLE COMMUNIT. ORDINARY,-0.01639344262295082,9.8100004196167,7.78000020980835,0.20693171488036155,0.20693171488036155,False,0.0033923231947600254,0.0033923231947600254,0.00010308953341740226,0.003289233661342623,1038.6704,9.78,0.96875,0.7682119205298014,0.38613861386138615,0.475,0.5779816513761468,0.334375,0.44375,0.60625,0.1125
2025-02-24,MAQ,MACQUARIE TECHNOLOGY ORDINARY,-0.01639344262295082,79.16999816894531,62.86000061035156,0.20601235235333626,0.20601235235333626,False,0.0033772516779235454,0.0033772516779235454,0.00010308953341740226,0.003274162144506143,2291.73281,0.19,0.246875,0.24503311258278146,0.3102310231023102,0.653125,0.8669724770642202,0.3875,0.528125,0.503125,0.40625
2025-02-24,M7T,MACH7 TECH LIMITED ORDINARY,-0.01639344262295082,0.4300000071525574,0.3400000035762787,0.209302330416818,0.209302330416818,False,0.003431185744538,0.003431185744538,0.00010308953341740226,0.0033280962111205976,96.498424,0.14,0.2203125,0.8311258278145696,0.32673267326732675,0.11875,,0.259375,0.190625,0.18125,0.721875
2025-02-24,LOT,LOTUS RESOURCES LTD ORDINARY,-0.01639344262295082,2.127500057220459,2.012500047683716,0.0540540570828415,0.0540540570828415,False,0.0008861320833252705,0.0008861320833252705,0.00010308953341740226,0.0007830425499078682,393.621079,6.13,0.93125,0.07947019867549669,0.7194719471947195,0.29375,,0.14375,0.1875,0.046875,0.34375
2025-02-24,LKE,LAKE RESOURCES ORDINARY,-0.01639344262295082,0.03500000014901161,0.032999999821186066,0.057142866266017056,0.057142866266017056,False,0.0009367682994429026,0.0009367682994429026,0.00010308953341740226,0.0008336787660255003,70.557774,0.62,0.403125,0.0728476821192053,0.5544554455445545,0.090625,,0.04375,0.215625,0.14375,0.95
2025-02-24,NVX,NOVONIX LIMITED ORDINARY,-0.01639344262295082,0.5249999761581421,0.44999998807907104,0.14285712663819117,0.14285712663819117,False,0.002341920108822806,0.002341920108822806,0.00010308953341740226,0.0022388305754054037,365.193577,3.98,0.85625,0.056291390728476824,0.5577557755775577,0.2875,,0.225,0.046875,0.6625,0.75
2025-02-24,MIN,MINERAL RESOURCES. ORDINARY,-0.01639344262295082,26.940000534057617,23.969999313354492,0.1102450319905689,0.1102450319905689,False,0.001807295606402769,0.001807295606402769,0.00010308953341740226,0.0017042060729853667,6751.193887,10.66,0.98125,0.0695364238410596,0.858085808580858,0.815625,,0.03125,0.075,0.9,0.11875
2025-02-24,OMH,OM HOLDINGS LIMITED ORDINARY,-0.01639344262295082,0.3328888714313507,0.3471555709838867,-0.042857243894012687,-0.042857243894012687,False,-0.0007025777687543063,-0.0007025777687543063,0.00010308953341740226,-0.0008056673021717086,282.81949,0.0,0.034375,0.6158940397350994,0.26732673267326734,0.24375,,0.33125,0.3,0.684375,0.690625
2025-02-24,SHV,SELECT HARVESTS ORDINARY,-0.01639344262295082,4.820000171661377,4.96999979019165,-0.031120251698781853,-0.031120251698781853,False,-0.0005101680606357681,-0.0005101680606357681,0.00010308953341740226,-0.0006132575940531703,445.69952,2.32,0.7625,0.8576158940397351,0.45544554455445546,0.315625,0.8623853211009175,0.8875,0.35,0.7875,0.984375
2025-02-24,LTR,LIONTOWN RESOURCES ORDINARY,-0.01639344262295082,0.6150000095367432,0.625,-0.016260146842582035,-0.016260146842582035,False,-0.00026655978430462356,-0.00026655978430462356,0.00010308953341740226,-0.0003696493177220258,1333.850175,10.41,0.975,0.15894039735099338,0.47194719471947194,0.540625,,0.0625,0.24375,0.825,1.0
2025-02-24,PPE,PEOPLEIN LIMITED ORDINARY,-0.01639344262295082,0.8799999952316284,0.9150000214576721,-0.0397727572905624,-0.0397727572905624,False,-0.0006520124145993837,-0.0006520124145993837,0.00010308953341740226,-0.0007551019480167859,102.381445,0.3,0.278125,0.3211920529801324,0.11551155115511551,0.128125,,0.96875,0.21875,0.771875,0.26875
2025-02-24,PNV,POLYNOVO LIMITED ORDINARY,-0.01639344262295082,1.784999966621399,1.1449999809265137,0.3585434160574582,0.3585434160574582,False,0.005877760918974725,0.005877760918974725,0.00010308953341740226,0.005774671385557323,1418.94648,5.99,0.925,0.11589403973509933,0.7953795379537953,0.55625,0.9541284403669725,0.340625,0.575,0.465625,0.559375
2025-02-24,KGN,KOGAN.COM LTD ORDINARY,-0.01639344262295082,4.171158790588379,4.474372863769531,-0.07269300652502397,-0.07269300652502397,False,-0.00119168863155777,-0.00119168863155777,0.00010308953341740226,-0.0012947781649751723,641.6172,1.87,0.721875,0.19536423841059603,0.6204620462046204,0.390625,0.7339449541284404,0.859375,0.796875,0.403125,0.875
2025-02-24,WBT,WEEBIT NANO LTD ORDINARY,-0.01639344262295082,2.180000066757202,1.9149999618530273,0.1215596774262343,0.1215596774262343,False,0.001992781597151382,0.001992781597151382,0.00010308953341740226,0.0018896920637339798,681.191488,2.64,0.790625,0.06291390728476821,0.8118811881188119,0.4,,0.303125,0.078125,0.09375,0.103125
2025-02-24,TOE,TORO ENERGY LIMITED ORDINARY,-0.01639344262295082,0.20499999821186066,0.1899999976158142,0.07317073525310203,0.07317073525310203,False,0.001199520250050853,0.001199520250050853,0.00010308953341740226,0.0010964307166334507,27.063415,0.0,0.034375,0.09933774834437085,0.7161716171617162,0.03125,,0.090625,0.103125,0.025,0.34375
2025-02-24,TLG,TALGA GROUP LTD ORDINARY,-0.01639344262295082,0.4650000035762787,0.45500001311302185,0.021505355669564907,0.021505355669564907,False,0.00035254681425516245,0.00035254681425516245,0.00010308953341740226,0.0002494572808377602,179.870814,0.19,0.246875,0.47019867549668876,0.5379537953795379,0.19375,,0.15,0.165625,0.2,0.040625
2025-02-24,SVL,SILVER MINES LIMITED ORDINARY,-0.01639344262295082,0.08399999886751175,0.10499999672174454,-0.24999997782565275,-0.16,True,-0.004098360292223816,-0.002622950819672131,0.00018505674653215636,-0.0028080075662042874,120.580086,1.01,0.546875,0.1423841059602649,0.7722772277227723,0.140625,,0.3125,0.271875,0.025,0.065625
2025-02-24,PEN,PENINSULA ENERGY LTD ORDINARY,-0.01639344262295082,0.9649999737739563,0.7149999737739563,0.25906736455369117,0.25906736455369117,False,0.004247005976290019,0.004247005976290019,0.00010308953341740226,0.004143916442872617,124.493618,2.83,0.8,0.271523178807947,0.9537953795379538,0.146875,,0.021875,0.184375,0.0375,0.015625
2025-02-24,SLX,SILEX SYSTEMS ORDINARY,-0.01639344262295082,4.559999942779541,3.609999895095825,0.2083333464045275,0.2083333464045275,False,0.003415300760729959,0.003415300760729959,0.00010308953341740226,0.0033122112273125566,1199.97595,7.25,0.953125,0.08278145695364239,0.6435643564356436,0.515625,,0.446875,0.10625,0.115625,0.9375
2025-02-24,SIG,SIGMA HEALTH LTD ORDINARY,-0.01639344262295082,2.9458820819854736,2.84702730178833,0.033556937258845454,0.033556937258845454,False,0.0005501137255548435,0.0005501137255548435,0.00010308953341740226,0.00044702419213744123,4519.322835,0.7,0.446875,0.6589403973509934,0.8745874587458746,0.76875,,0.2125,0.23125,0.390625,0.9125
2025-02-24,S32,SOUTH32 LIMITED ORDINARY,-0.01639344262295082,3.5163869857788086,3.13340425491333,0.10891370387114985,0.10891370387114985,False,0.0017854705552647517,0.0017854705552647517,0.00010308953341740226,0.0016823810218473494,9145.791296,0.77,0.4765625,0.4966887417218543,0.5973597359735974,0.865625,0.27522935779816515,0.371875,0.5375,0.415625,0.8875
2025-02-24,PWH,PWR HOLDINGS LIMITED ORDINARY,-0.01639344262295082,7.58593225479126,6.792778491973877,0.10455587212981354,0.10455587212981354,False,0.0017140306906526812,0.0017140306906526812,0.00010308953341740226,0.001610941157235279,790.646108,4.78,0.8875,0.2913907284768212,0.5643564356435643,0.425,0.9311926605504587,0.3625,0.565625,0.45625,0.121875
2025-02-24,PPK,PPK GROUP LIMITED ORDINARY,-0.01639344262295082,0.35499998927116394,0.3400000035762787,0.042253482107650564,0.042253482107650564,False,0.0006926800345516486,0.0006926800345516486,0.00010308953341740226,0.0005895905011342464,31.143349,0.33,0.2875,0.2947019867549669,0.2739273927392739,0.034375,,0.053125,0.175,0.425,0.540625
2025-02-24,SRL,SUNRISE ORDINARY,-0.01639344262295082,0.2800000011920929,0.2750000059604645,0.017857125751218117,0.017857125751218117,False,0.00029273976641341177,0.00029273976641341177,0.00010308953341740226,0.0001896502329960095,21.212251,1.24,0.5875,0.8377483443708609,0.9306930693069307,0.025,,0.09375,0.028125,0.221875,0.153125
2025-03-31,BOT,BOTANIX PHARMA LTD ORDINARY,-0.016666666666666666,0.45500001311302185,0.44999998807907104,0.010989065691980104,0.010989065691980104,False,0.00018315109486633508,0.00018315109486633508,0.0001048076923076923,7.834340255864278e-05,790.37238,2.04,0.7050473186119873,0.5664451827242525,0.9601328903654485,0.4195583596214511,,0.21766561514195584,0.0473186119873817,0.11356466876971609,0.028391167192429023
2025-03-31,BOE,BOSS ENERGY LTD ORDINARY,-0.016666666666666666,2.4800000190734863,3.609999895095825,-0.4556451077949992,-0.16,True,-0.007594085129916653,-0.0026666666666666666,0.0001881410256410256,-0.002854807692307692,994.72779,25.38,1.0,0.3488372093023256,0.9833887043189369,0.4605678233438486,,0.3753943217665615,0.2586750788643533,0.056782334384858045,0.361198738170347
2025-03-31,BMN,BANNERMAN ENERGY LTD ORDINARY,-0.016666666666666666,2.5399999618530273,2.5799999237060547,-0.015748016714081325,-0.015748016714081325,False,-0.00026246694523468874,-0.00026246694523468874,0.0001048076923076923,-0.00036727463754238104,467.2451,8.3,0.9526813880126183,0.09966777408637874,0.9136212624584718,0.31545741324921134,,0.416403785488959,0.27129337539432175,0.03785488958990536,0.361198738170347
2025-03-31,BCI,BCI MINERALS LTD ORDINARY,-0.016666666666666666,0.24500000476837158,0.29499998688697815,-0.20408155569579534,-0.16,True,-0.003401359261596589,-0.0026666666666666666,0.0001881410256410256,-0.002854807692307692,475.708518,0.0,0.033123028391167195,0.25249169435215946,0.4119601328903654,0.3217665615141956,,0.022082018927444796,0.2870662460567823,0.38485804416403785,0.9495268138801262
2025-03-31,BBN,BABY BUNTING GRP LTD ORDINARY,-0.016666666666666666,1.7599999904632568,1.7899999618530273,-0.017045438382004896,-0.017045438382004896,False,-0.0002840906397000816,-0.0002840906397000816,0.0001048076923076923,-0.0003888983320077739,239.08,0.3,0.250788643533123,0.7541528239202658,0.584717607973422,0.20504731861198738,0.7314814814814815,0.8769716088328076,0.5141955835962145,0.886435331230284,0.5236593059936908
2025-03-31,ASB,AUSTAL LIMITED ORDINARY,-0.016666666666666666,4.190000057220459,5.119999885559082,-0.2219569965723489,-0.16,True,-0.003699283276205815,-0.0026666666666666666,0.0001881410256410256,-0.002854807692307692,1128.2667,0.74,0.42902208201892744,0.9401993355481728,0.9036544850498339,0.501577287066246,0.5787037037037037,0.9558359621451105,0.4037854889589905,0.48264984227129337,0.6750788643533123
2025-03-31,ASL,ANDEAN SILVER ORDINARY,-0.016666666666666666,1.2699999809265137,0.9399999976158142,0.2598425104463008,0.2598425104463008,False,0.0043307085074383465,0.0043307085074383465,0.0001048076923076923,0.004225900815130654,109.855713,0.77,0.4353312302839117,0.9767441860465116,0.7641196013289037,0.1167192429022082,,0.12618296529968454,0.07886435331230283,0.12302839116719243,0.9779179810725552
2025-03-31,AQZ,ALLIANCE AVIATION ORDINARY,-0.016666666666666666,2.7255001068115234,2.4983749389648438,0.08333339165133491,0.08333339165133491,False,0.0013888898608555818,0.0013888898608555818,0.0001048076923076923,0.0012840821685478896,478.024467,0.05,0.1309148264984227,0.4119601328903654,0.6910299003322259,0.3249211356466877,0.11574074074074074,0.04100946372239748,0.694006309148265,0.8201892744479495,0.43217665615141954
2025-03-31,APX,APPEN LIMITED ORDINARY,-0.016666666666666666,1.024999976158142,0.8399999737739563,0.1804878114022932,0.1804878114022932,False,0.00300813019003822,0.00300813019003822,0.0001048076923076923,0.0029033224977305276,426.041658,0.83,0.4589905362776025,0.006644518272425249,0.3122923588039867,0.3028391167192429,,0.25236593059936907,0.2618296529968454,0.36908517350157727,0.05993690851735016
2025-03-31,KGN,KOGAN.COM LTD ORDINARY,-0.016666666666666666,4.474372863769531,4.37814998626709,0.02150533279905875,0.02150533279905875,False,0.00035842221331764583,0.00035842221331764583,0.0001048076923076923,0.00025361452100995354,641.6172,1.56,0.6324921135646687,0.15614617940199335,0.44518272425249167,0.38170347003154576,0.75,0.861198738170347,0.8012618296529969,0.3943217665615142,0.8832807570977917
2025-03-31,BRN,BRAINCHIP LTD ORDINARY,-0.016666666666666666,0.20499999821186066,0.22499999403953552,-0.09756095610793869,-0.09756095610793869,False,-0.0016260159351323114,-0.0016260159351323114,0.0001048076923076923,-0.0017308236274400036,487.813155,3.57,0.8186119873817035,0.023255813953488372,0.7408637873754153,0.3312302839116719,,0.31545741324921134,0.01892744479495268,0.23974763406940064,0.9716088328075709
2025-03-31,ASM,AUSSTRATMATERIALS ORDINARY,-0.016666666666666666,0.36000001430511475,0.699999988079071,-0.9444443340654771,-0.16,True,-0.015740738901091286,-0.0026666666666666666,0.0001881410256410256,-0.002854807692307692,89.014125,0.64,0.3785488958990536,0.07641196013289037,0.5116279069767442,0.08832807570977919,,0.05993690851735016,0.15141955835962145,0.2807570977917981,0.9621451104100947
2025-03-31,CAT,CATAPULT GRP INT LTD ORDINARY,-0.016666666666666666,3.4600000381469727,4.039999961853027,-0.16763003390505093,-0.16,True,-0.0027938338984175156,-0.0026666666666666666,0.0001881410256410256,-0.002854807692307692,914.17006,1.8,0.6861198738170347,0.4750830564784053,0.8272425249169435,0.444794952681388,,0.49842271293375395,0.2996845425867508,0.3217665615141956,0.9842271293375394
2025-03-31,88E,88 ENERGY LTD ORDINARY,-0.016666666666666666,0.03750000149011612,0.02500000037252903,0.3333333498901785,0.3333333498901785,False,0.005555555831502974,0.005555555831502974,0.0001048076923076923,0.005450748139195282,57.867624,0.02,0.0914826498422713,0.9601328903654485,1.0,0.0694006309148265,,0.5615141955835962,0.24605678233438485,0.02365930599369085,0.361198738170347
2025-03-31,CHN,CHALICE MINING LTD ORDINARY,-0.016666666666666666,1.1449999809265137,1.0950000286102295,0.04366808135300149,0.04366808135300149,False,0.0007278013558833581,0.0007278013558833581,0.0001048076923076923,0.0006229936635756658,422.59698,5.65,0.8990536277602523,0.6411960132890365,0.9003322259136213,0.2996845425867508,,0.2807570977917981,0.12302839116719243,0.14511041009463724,0.9968454258675079
2025-03-31,IXR,IONIC RARE EARTHS ORDINARY,-0.016666666666666666,0.23999999463558197,0.20999999344348907,0.1250000077610216,0.1250000077610216,False,0.002083333462683693,0.002083333462683693,0.0001048076923076923,0.001978525770376001,33.24752,0.01,0.07413249211356467,0.8338870431893688,0.8870431893687708,0.03470031545741325,,0.10725552050473186,0.08201892744479496,0.13249211356466878,0.05362776025236593
2025-03-31,IPD,IMPEDIMED LIMITED ORDINARY,-0.016666666666666666,0.04100000113248825,0.03400000184774399,0.17073168515591797,0.17073168515591797,False,0.002845528085931966,0.002845528085931966,0.0001048076923076923,0.0027407203936242737,115.9184,0.53,0.33753943217665616,0.1893687707641196,0.4318936877076412,0.11987381703470032,,0.14826498422712933,0.03785488958990536,0.20189274447949526,0.6498422712933754
2025-03-31,IMU,IMUGENE LIMITED ORDINARY,-0.016666666666666666,1.0880000591278076,0.8159999847412109,0.2500000547836779,0.2500000547836779,False,0.004166667579727965,0.004166667579727965,0.0001048076923076923,0.004061859887420273,274.528132,5.08,0.8848580441640379,0.10299003322259136,0.19601328903654486,0.22082018927444794,,0.0694006309148265,0.015772870662460567,0.4668769716088328,0.9589905362776026
2025-03-31,CCX,CITY CHIC COLLECTIVE ORDINARY,-0.016666666666666666,0.11999999731779099,0.08299999684095383,0.30833334419876357,0.30833334419876357,False,0.005138889069979393,0.005138889069979393,0.0001048076923076923,0.0050340813776717005,20.37588,0.96,0.5141955835962145,0.8903654485049833,0.7740863787375415,0.01892744479495268,,0.015772870662460567,0.12933753943217666,0.8107255520504731,0.9684542586750788
2025-03-31,IFL,INSIGNIA FINANCIAL ORDINARY,-0.016666666666666666,4.199999809265137,3.7799999713897705,0.09999996594020144,0.09999996594020144,False,0.0016666660990033574,0.0016666660990033574,0.0001048076923076923,0.0015618584066956652,2373.259049,0.69,0.40063091482649843,0.6777408637873754,0.5282392026578073,0.6624605678233438,,0.15772870662460567,0.29652996845425866,0.7034700315457413,0.11987381703470032
2025-03-31,FBR,FBR LTD ORDINARY,-0.016666666666666666,0.007000000216066837,0.006000000052154064,0.14285716186372543,0.14285716186372543,False,0.002380952697728757,0.002380952697728757,0.0001048076923076923,0.002276145005421065,190.859915,0.08,0.14826498422712933,0.0033222591362126247,0.9966777408637874,0.1829652996845426,,0.11987381703470032,0.06624605678233439,0.34069400630914826,0.9873817034700315
2025-03-31,ILU,ILUKA RESOURCES ORDINARY,-0.016666666666666666,3.8497045040130615,4.077908515930176,-0.059278319070782404,-0.059278319070782404,False,-0.0009879719845130401,-0.0009879719845130401,0.0001048076923076923,-0.0010927796768207324,2160.7435,3.78,0.8359621451104101,0.1362126245847176,0.3754152823920266,0.6340694006309149,0.18518518518518517,0.09779179810725552,0.5488958990536278,0.3312302839116719,0.12618296529968454
2025-03-31,EOS,ELECTRO OPTIC SYS. ORDINARY,-0.016666666666666666,1.309999942779541,1.215000033378601,0.07251901797748961,0.07251901797748961,False,0.0012086502996248268,0.0012086502996248268,0.0001048076923076923,0.0011038426073171346,124.873972,0.5,0.3264984227129338,0.7009966777408638,0.7906976744186046,0.13249211356466878,,0.12933753943217666,0.15772870662460567,0.5173501577287066,0.031545741324921134
2025-03-31,DEV,DEVEX RESOURCES LTD ORDINARY,-0.016666666666666666,0.09399999678134918,0.07800000160932541,0.17021272042424562,0.17021272042424562,False,0.002836878673737427,0.002836878673737427,0.0001048076923076923,0.002732070981429735,41.520458,0.11,0.16561514195583596,0.6910299003322259,0.9235880398671097,0.04100946372239748,,0.06624605678233439,0.031545741324921134,0.13564668769716087,0.17350157728706625
2025-03-31,CXL,CALIX LIMITED ORDINARY,-0.016666666666666666,0.41499999165534973,0.4099999964237213,0.012048181523292234,0.012048181523292234,False,0.0002008030253882039,0.0002008030253882039,0.0001048076923076923,9.599533308051161e-05,138.863406,0.89,0.4842271293375394,0.03322259136212625,0.9501661129568106,0.14511041009463724,,0.06309148264984227,0.10725552050473186,0.19873817034700317,0.7350157728706624
2025-03-31,CIA,CHAMPION IRON LTD ORDINARY,-0.016666666666666666,4.642364025115967,4.36535120010376,0.059670638388872876,0.059670638388872876,False,0.000994510639814548,0.000994510639814548,0.0001048076923076923,0.0008897029475068558,2262.257923,5.78,0.9053627760252366,0.24916943521594684,0.707641196013289,0.6498422712933754,0.6805555555555556,0.5772870662460567,0.42902208201892744,0.6782334384858044,0.7949526813880127
2025-03-31,EXR,ELIXIR ENERGY LTD ORDINARY,-0.016666666666666666,0.02500000037252903,0.026000000536441803,-0.04000000596046438,-0.04000000596046438,False,-0.0006666667660077397,-0.0006666667660077397,0.0001048076923076923,-0.0007714744583154319,52.89372,0.0,0.033123028391167195,0.009966777408637873,0.867109634551495,0.06309148264984227,,0.04416403785488959,0.2082018927444795,0.05362776025236593,0.361198738170347
2025-03-31,4DX,4DMEDICAL LIMITED ORDINARY,-0.016666666666666666,0.27000001072883606,0.30000001192092896,-0.11111111111111116,-0.11111111111111116,False,-0.0018518518518518526,-0.0018518518518518526,0.0001048076923076923,-0.001956659544159545,296.789326,0.03,0.1056782334384858,0.03986710963455149,0.9302325581395349,0.23974763406940064,,0.1892744479495268,0.050473186119873815,0.26813880126182965,0.2618296529968454
2025-03-31,JMS,JUPITER MINES. ORDINARY,-0.016666666666666666,0.1517830193042755,0.14229658246040344,0.062499987728237616,0.062499987728237616,False,0.0010416664621372936,0.0010416664621372936,0.0001048076923076923,0.0009368587698296014,285.583606,0.12,0.17665615141955837,0.9036544850498339,0.5581395348837209,0.2302839116719243,0.14814814814814814,0.4037854889589905,0.4195583596214511,0.0473186119873817,0.13564668769716087
2025-03-31,CST,CASTILE RESOURCES ORDINARY,-0.016666666666666666,0.0729999989271164,0.07400000095367432,-0.01369865809938342,-0.01369865809938342,False,-0.000228310968323057,-0.000228310968323057,0.0001048076923076923,-0.0003331186606307493,19.829366,0.0,0.033123028391167195,0.7142857142857143,0.9368770764119602,0.015772870662460567,,0.17981072555205047,0.2334384858044164,0.050473186119873815,0.07886435331230283
2025-03-31,LIC,LIFESTYLE COMMUNIT. ORDINARY,-0.016666666666666666,7.78000020980835,7.820000171661377,-0.00514138313294632,-0.00514138313294632,False,-8.568971888243867e-05,-8.568971888243867e-05,0.0001048076923076923,-0.00019049741119013096,1038.6704,10.19,0.9716088328075709,0.2823920265780731,0.7873754152823921,0.47318611987381703,0.5925925925925926,0.3249211356466877,0.42586750788643535,0.5993690851735016,0.12302839116719243
2025-03-31,PBH,POINTSBET HOLDINGS ORDINARY,-0.016666666666666666,1.065000057220459,1.0850000381469727,-0.01877932380464986,-0.01877932380464986,False,-0.0003129887300774977,-0.0003129887300774977,0.0001048076923076923,-0.00041779642238519,330.994039,0.0,0.033123028391167195,0.9900332225913622,0.9634551495016611,0.26498422712933756,,0.4479495268138801,0.0031545741324921135,0.6466876971608833,0.24921135646687698
2025-03-31,WAF,WEST AFRICAN RES LTD ORDINARY,-0.016666666666666666,2.319999933242798,2.2799999713897705,0.017241363363798556,0.017241363363798556,False,0.0002873560560633093,0.0002873560560633093,0.0001048076923076923,0.00018254836375561698,2660.829392,0.58,0.3501577287066246,0.9833887043189369,0.9534883720930233,0.6813880126182965,0.3425925925925926,0.305993690851735,0.6845425867507886,0.5205047318611987,0.07570977917981073
2025-03-31,OMH,OM HOLDINGS LIMITED ORDINARY,-0.016666666666666666,0.3471555709838867,0.3225926160812378,0.07075489191498241,0.07075489191498241,False,0.0011792481985830401,0.0011792481985830401,0.0001048076923076923,0.0010744405062753479,282.81949,0.0,0.033123028391167195,0.5149501661129569,0.8970099667774086,0.22712933753943218,,0.3217665615141956,0.3028391167192429,0.6876971608832808,0.6971608832807571
2025-03-31,NVX,NOVONIX LIMITED ORDINARY,-0.016666666666666666,0.44999998807907104,0.4350000023841858,0.033333302427220435,0.033333302427220435,False,0.0005555550404536739,0.0005555550404536739,0.0001048076923076923,0.00045074734814598165,365.193577,4.67,0.8675078864353313,0.04983388704318937,0.9867109634551495,0.28391167192429023,,0.2082018927444795,0.04416403785488959,0.6593059936908517,0.7570977917981072
2025-03-31,MMS,MCMILLAN SHAKESPEARE ORDINARY,-0.016666666666666666,13.485323905944824,14.267749786376953,-0.058020547811032275,-0.058020547811032275,False,-0.0009670091301838712,-0.0009670091301838712,0.0001048076923076923,-0.0010718168224915635,1044.64536,3.74,0.832807570977918,0.6478405315614618,0.760797342192691,0.47634069400630913,0.20833333333333334,0.7381703470031545,0.9747634069400631,0.9716088328075709,0.5110410094637224
2025-03-31,MAQ,MACQUARIE TECHNOLOGY ORDINARY,-0.016666666666666666,62.86000061035156,60.720001220703125,0.03404389705487898,0.03404389705487898,False,0.000567398284247983,0.000567398284247983,0.0001048076923076923,0.0004625905919402907,2291.73281,1.32,0.5899053627760252,0.09302325581395349,0.45182724252491696,0.6529968454258676,0.875,0.38170347003154576,0.5205047318611987,0.4952681388012618,0.4227129337539432
2025-03-31,MCP,MCPHERSON'S LTD ORDINARY,-0.016666666666666666,0.2549999952316284,0.2800000011920929,-0.09803924089392946,-0.09803924089392946,False,-0.0016339873482321577,-0.0016339873482321577,0.0001048076923076923,-0.00173879504053985,46.06368,0.05,0.1309148264984227,0.15946843853820597,0.26245847176079734,0.056782334384858045,,0.6750788643533123,0.2902208201892745,0.29337539432176657,0.9211356466876972
2025-03-31,M7T,MACH7 TECH LIMITED ORDINARY,-0.016666666666666666,0.3400000035762787,0.3449999988079071,-0.014705868173635617,-0.014705868173635617,False,-0.00024509780289392696,-0.00024509780289392696,0.0001048076923076923,-0.00034990549520161926,96.498424,0.15,0.20347003154574134,0.43853820598006643,0.7541528239202658,0.10094637223974763,,0.24290220820189273,0.1892744479495268,0.17665615141955837,0.7318611987381703
2025-03-31,LTR,LIONTOWN RESOURCES ORDINARY,-0.016666666666666666,0.625,0.5049999952316284,0.1920000076293945,0.1920000076293945,False,0.003200000127156575,0.003200000127156575,0.0001048076923076923,0.0030951924348488827,1333.850175,11.53,0.9810725552050473,0.7940199335548173,0.8504983388704319,0.5394321766561514,,0.05362776025236593,0.24290220820189273,0.8233438485804416,1.0
2025-03-31,LOT,LOTUS RESOURCES LTD ORDINARY,-0.016666666666666666,2.012500047683716,2.012500047683716,-0.0,-0.0,False,-0.0,-0.0,0.0001048076923076923,-0.0001048076923076923,393.621079,10.92,0.9779179810725552,0.11295681063122924,0.8837209302325582,0.2902208201892745,,0.13249211356466878,0.1861198738170347,0.04416403785488959,0.361198738170347
2025-03-31,PNV,POLYNOVO LIMITED ORDINARY,-0.016666666666666666,1.1449999809265137,1.2649999856948853,-0.1048034993601219,-0.1048034993601219,False,-0.001746724989335365,-0.001746724989335365,0.0001048076923076923,-0.0018515326816430572,1418.94648,9.15,0.9621451104100947,0.029900332225913623,0.8106312292358804,0.555205047318612,0.9629629629629629,0.3312302839116719,0.5646687697160884,0.4637223974763407,0.5646687697160884
2025-03-31,MIN,MINERAL RESOURCES. ORDINARY,-0.016666666666666666,23.969999313354492,20.729999542236328,0.13516895552487773,0.13516895552487773,False,0.0022528159254146286,0.0022528159254146286,0.0001048076923076923,0.0021480082331069364,6751.193887,13.01,0.9873817034700315,0.08637873754152824,0.8770764119601329,0.8170347003154574,,0.025236593059936908,0.0694006309148265,0.9022082018927445,0.12933753943217666
2025-03-31,PPE,PEOPLEIN LIMITED ORDINARY,-0.016666666666666666,0.9150000214576721,0.7450000047683716,0.18579236360943052,0.18579236360943052,False,0.0030965393934905086,0.0030965393934905086,0.0001048076923076923,0.0029917317011828163,102.381445,0.26,0.23659305993690852,0.40863787375415284,0.7043189368770764,0.11041009463722397,,0.9716088328075709,0.21766561514195584,0.7791798107255521,0.2870662460567823
2025-03-31,LKE,LAKE RESOURCES ORDINARY,-0.016666666666666666,0.032999999821186066,0.03400000184774399,-0.030303091878076893,-0.030303091878076893,False,-0.0005050515313012816,-0.0005050515313012816,0.0001048076923076923,-0.0006098592236089739,70.557774,0.62,0.3627760252365931,0.18272425249169436,0.7009966777408638,0.07570977917981073,,0.03785488958990536,0.21451104100946372,0.138801261829653,0.9526813880126183
2025-03-31,PEN,PENINSULA ENERGY LTD ORDINARY,-0.016666666666666666,0.7149999737739563,0.6200000047683716,0.1328670943918363,0.1328670943918363,False,0.002214451573197272,0.002214451573197272,0.0001048076923076923,0.0021096438808895796,124.493618,4.94,0.8785488958990536,0.019933554817275746,0.9335548172757475,0.12933753943217666,,0.01892744479495268,0.1829652996845426,0.03470031545741325,0.011041009463722398
2025-03-31,REH,REECE LIMITED ORDINARY,-0.016666666666666666,15.461873054504395,15.935194969177246,-0.03061219769457124,-0.03061219769457124,False,-0.0005102032949095207,-0.0005102032949095207,0.0001048076923076923,-0.000615010987217213,14457.07716,2.04,0.7050473186119873,0.08970099667774087,0.45514950166112955,0.9053627760252366,0.8287037037037037,0.5362776025236593,0.5615141955835962,0.637223974763407,0.24605678233438485
2025-03-31,PPK,PPK GROUP LIMITED ORDINARY,-0.016666666666666666,0.3400000035762787,0.3100000023841858,0.08823529669570263,0.08823529669570263,False,0.0014705882782617104,0.0014705882782617104,0.0001048076923076923,0.0013657805859540182,31.143349,0.1,0.1529968454258675,0.3687707641196013,0.24916943521594684,0.031545741324921134,,0.0473186119873817,0.17350157728706625,0.4195583596214511,0.5488958990536278
2025-03-31,WEB,WEB TRAVEL GROUP LTD ORDINARY,-0.016666666666666666,4.559999942779541,4.139999866485596,0.0921052810447921,0.0921052810447921,False,0.0015350880174132015,0.0015350880174132015,0.0001048076923076923,0.0014302803251055093,1505.441491,6.74,0.9242902208201893,0.5282392026578073,0.5149501661129569,0.5615141955835962,,0.3911671924290221,0.08517350157728706,0.6056782334384858,0.361198738170347
2025-03-31,WBT,WEEBIT NANO LTD ORDINARY,-0.016666666666666666,1.9149999618530273,1.774999976158142,0.07310704359462017,0.07310704359462017,False,0.0012184507265770028,0.0012184507265770028,0.0001048076923076923,0.0011136430342693106,681.191488,3.17,0.804416403785489,0.059800664451827246,0.8205980066445183,0.3911671924290221,,0.2902208201892745,0.07255520504731862,0.08832807570977919,0.11041009463722397
2025-03-31,PWH,PWR HOLDINGS LIMITED ORDINARY,-0.016666666666666666,6.792778491973877,6.743051052093506,0.007320633219400241,0.007320633219400241,False,0.00012201055365667069,0.00012201055365667069,0.0001048076923076923,1.7202861348978392e-05,790.646108,6.33,0.9211356466876972,0.30564784053156147,0.28903654485049834,0.4227129337539432,0.9398148148148148,0.3627760252365931,0.555205047318612,0.45425867507886436,0.13249211356466878
2025-03-31,TOE,TORO ENERGY LIMITED ORDINARY,-0.016666666666666666,0.1899999976158142,0.19499999284744263,-0.026315764707210976,-0.026315764707210976,False,-0.0004385960784535163,-0.0004385960784535163,0.0001048076923076923,-0.0005434037707612086,27.063415,0.0,0.033123028391167195,0.23920265780730898,0.7508305647840532,0.028391167192429023,,0.08201892744479496,0.09779179810725552,0.02365930599369085,0.361198738170347
2025-03-31,TLG,TALGA GROUP LTD ORDINARY,-0.016666666666666666,0.45500001311302185,0.42500001192092896,0.06593406665384183,0.06593406665384183,False,0.0010989011108973638,0.0010989011108973638,0.0001048076923076923,0.0009940934185896715,179.870814,0.19,0.22397476340694006,0.7641196013289037,0.7242524916943521,0.17350157728706625,,0.138801261829653,0.1608832807570978,0.19558359621451105,0.03785488958990536
2025-03-31,VUL,VULCAN ENERGY ORDINARY,-0.016666666666666666,5.079999923706055,4.489999771118164,0.1161417640647252,0.1161417640647252,False,0.0019356960677454202,0.0019356960677454202,0.0001048076923076923,0.001830888375437728,608.192519,3.57,0.8186119873817035,0.45182724252491696,0.6843853820598007,0.36908517350157727,,0.15141955835962145,0.11987381703470032,0.11987381703470032,0.06624605678233439
2025-03-31,SRL,SUNRISE ORDINARY,-0.016666666666666666,0.2750000059604645,0.5149999856948853,-0.8727271801184051,-0.16,True,-0.014545453001973418,-0.0026666666666666666,0.0001881410256410256,-0.002854807692307692,21.212251,1.23,0.5772870662460567,0.8837209302325582,0.9169435215946844,0.022082018927444796,,0.08517350157728706,0.028391167192429023,0.22082018927444794,0.1608832807570978
2025-03-31,SLX,SILEX SYSTEMS ORDINARY,-0.016666666666666666,3.609999895095825,3.119999885559082,0.13573407860825892,0.13573407860825892,False,0.002262234643470982,0.002262234643470982,0.0001048076923076923,0.0021574269511632897,1199.97595,8.69,0.9558359621451105,0.05647840531561462,0.813953488372093,0.5141955835962145,,0.4353312302839117,0.10094637223974763,0.11041009463722397,0.9400630914826499
2025-03-31,SIG,SIGMA HEALTH LTD ORDINARY,-0.016666666666666666,2.84702730178833,3.113935708999634,-0.09374985868370422,-0.09374985868370422,False,-0.0015624976447284036,-0.0015624976447284036,0.0001048076923076923,-0.0016673053370360959,4519.322835,1.74,0.6798107255520505,0.5780730897009967,0.4950166112956811,0.7697160883280757,,0.19242902208201892,0.2302839116719243,0.38170347003154576,0.917981072555205
2025-03-31,SBM,ST BARBARA LIMITED ORDINARY,-0.016666666666666666,0.25,0.3050000071525574,-0.2200000286102295,-0.16,True,-0.003666667143503825,-0.0026666666666666666,0.0001881410256410256,-0.002854807692307692,192.224475,1.11,0.5457413249211357,0.7375415282392026,0.8172757475083057,0.1861198738170347,,0.012618296529968454,0.1167192429022082,0.12933753943217666,0.15457413249211358
2025-03-31,S32,SOUTH32 LIMITED ORDINARY,-0.016666666666666666,3.13340425491333,2.7246992588043213,0.13043481238277488,0.13043481238277488,False,0.0021739135397129145,0.0021739135397129145,0.0001048076923076923,0.0020691058474052223,9145.791296,0.73,0.4227129337539432,0.4684385382059801,0.49169435215946844,0.8643533123028391,0.28703703703703703,0.3722397476340694,0.5331230283911672,0.4069400630914827,0.8958990536277602
2025-03-31,SVL,SILVER MINES LIMITED ORDINARY,-0.016666666666666666,0.10499999672174454,0.09799999743700027,0.06666666193613913,0.06666666193613913,False,0.0011111110322689854,0.0011111110322689854,0.0001048076923076923,0.0010063033399612931,120.580086,0.49,0.3217665615141956,0.946843853820598,0.9435215946843853,0.12302839116719243,,0.2996845425867508,0.277602523659306,0.02365930599369085,0.06309148264984227
2025-04-28,CAT,CATAPULT GRP INT LTD ORDINARY,-0.01639344262295082,3.990000009536743,5.619999885559082,-0.40852127120961823,-0.16,True,-0.006697070019829807,-0.002622950819672131,0.00018505674653215636,-0.0028080075662042874,914.17006,1.61,0.6379310344827587,0.6611842105263158,0.6677631578947368,0.4482758620689655,,0.5015673981191222,0.29780564263322884,0.32601880877742945,0.9843260188087775
2025-04-28,BRN,BRAINCHIP LTD ORDINARY,-0.01639344262295082,0.2849999964237213,0.20499999821186066,0.2807017516341346,0.2807017516341346,False,0.004601668059575977,0.004601668059575977,0.00010308953341740226,0.004498578526158575,487.813155,1.41,0.6003134796238244,0.6052631578947368,0.9407894736842105,0.335423197492163,,0.31347962382445144,0.018808777429467086,0.2413793103448276,0.9717868338557993
2025-04-28,BOT,BOTANIX PHARMA LTD ORDINARY,-0.01639344262295082,0.4050000011920929,0.3400000035762787,0.16049382080121155,0.16049382080121155,False,0.0026310462426428123,0.0026310462426428123,0.00010308953341740226,0.0025279567092254098,790.37238,2.67,0.768025078369906,0.5592105263157895,0.8486842105263158,0.4231974921630094,,0.21630094043887146,0.047021943573667714,0.11598746081504702,0.02821316614420063
2025-04-28,BOE,BOSS ENERGY LTD ORDINARY,-0.01639344262295082,2.799999952316284,3.859999895095825,-0.37857141458258314,-0.16,True,-0.006206088763648904,-0.002622950819672131,0.00018505674653215636,-0.0028080075662042874,994.72779,25.32,1.0,0.27960526315789475,0.9342105263157895,0.46394984326018807,,0.3730407523510972,0.25391849529780564,0.05642633228840126,0.3573667711598746
2025-04-28,BMN,BANNERMAN ENERGY LTD ORDINARY,-0.01639344262295082,2.0999999046325684,2.7899999618530273,-0.32857147074070303,-0.16,True,-0.005386417553126279,-0.002622950819672131,0.00018505674653215636,-0.0028080075662042874,467.2451,7.53,0.9467084639498433,0.11513157894736842,0.8421052631578947,0.31974921630094044,,0.4169278996865204,0.2664576802507837,0.03761755485893417,0.3573667711598746
2025-04-28,ABY,ADORE BEAUTY ORDINARY,-0.01639344262295082,0.7250000238418579,0.7350000143051147,-0.01379308984055716,-0.01379308984055716,False,-0.0002261162268943797,-0.0002261162268943797,0.00010308953341740226,-0.00032920576031178196,89.852307,0.84,0.4702194357366771,0.2894736842105263,0.694078947368421,0.10344827586206896,0.8847926267281107,0.3761755485893417,0.3667711598746082,0.3761755485893417,0.6363636363636364
2025-04-28,BBN,BABY BUNTING GRP LTD ORDINARY,-0.01639344262295082,1.5,1.7000000476837158,-0.1333333651224773,-0.1333333651224773,False,-0.0021857928708602834,-0.0021857928708602834,0.00010308953341740226,-0.002288882404277686,239.08,0.3,0.27899686520376177,0.23026315789473684,0.6842105263157895,0.21003134796238246,0.728110599078341,0.8714733542319749,0.5203761755485894,0.8840125391849529,0.5203761755485894
2025-04-28,ASM,AUSSTRATMATERIALS ORDINARY,-0.01639344262295082,0.7200000286102295,0.5,0.3055555831502974,0.3055555831502974,False,0.005009107920496679,0.005009107920496679,0.00010308953341740226,0.004906018387079277,89.014125,0.75,0.4373040752351097,0.9703947368421053,0.9967105263157895,0.09717868338557993,,0.05956112852664577,0.14733542319749215,0.28213166144200624,0.9623824451410659
2025-04-28,APX,APPEN LIMITED ORDINARY,-0.01639344262295082,0.8600000143051147,1.0950000286102295,-0.273255826042045,-0.16,True,-0.004479603705607295,-0.002622950819672131,0.00018505674653215636,-0.0028080075662042874,426.041658,2.4,0.7492163009404389,0.006578947368421052,0.9572368421052632,0.3072100313479624,,0.2507836990595611,0.25705329153605017,0.3730407523510972,0.05642633228840126
2025-04-28,ALC,ALCIDION GROUP LTD ORDINARY,-0.01639344262295082,0.08299999684095383,0.08500000089406967,-0.024096435292019214,-0.024096435292019214,False,-0.0003950235293773642,-0.0003950235293773642,0.00010308953341740226,-0.0004981130627947665,80.564653,0.0,0.045454545454545456,0.9605263157894737,0.9769736842105263,0.0877742946708464,,0.1786833855799373,0.2852664576802508,0.15673981191222572,0.2601880877742947
2025-04-28,AGI,AINSWORTH GAME TECH. ORDINARY,-0.01639344262295082,0.9700000286102295,0.8999999761581421,0.07216500039941254,0.07216500039941254,False,0.0011830327934329926,0.0011830327934329926,0.00010308953341740226,0.0010799432600155903,303.978,0.03,0.14733542319749215,0.9473684210526315,0.8914473684210527,0.25391849529780564,0.17972350230414746,0.10658307210031348,0.554858934169279,0.30407523510971785,0.14420062695924765
2025-04-28,CCX,CITY CHIC COLLECTIVE ORDINARY,-0.01639344262295082,0.0860000029206276,0.08299999684095383,0.03488379043943268,0.03488379043943268,False,0.00057186541703988,0.00057186541703988,0.00010308953341740226,0.00046877588362247776,20.37588,0.89,0.48119122257053293,0.12828947368421054,0.8980263157894737,0.018808777429467086,,0.01567398119122257,0.12539184952978055,0.8087774294670846,0.9686520376175548
2025-04-28,BCI,BCI MINERALS LTD ORDINARY,-0.01639344262295082,0.27000001072883606,0.2849999964237213,-0.05555550036607193,-0.05555550036607193,False,-0.0009107459076405235,-0.0009107459076405235,0.00010308953341740226,-0.0010138354410579257,475.708518,0.0,0.045454545454545456,0.6907894736842105,0.5888157894736842,0.32601880877742945,,0.0219435736677116,0.28213166144200624,0.39184952978056425,0.9498432601880877
2025-04-28,BET,BETMAKERS TECH GROUP ORDINARY,-0.01639344262295082,0.10999999940395355,0.10999999940395355,-0.0,-0.0,False,-0.0,-0.0,0.00010308953341740226,-0.00010308953341740226,101.570679,2.14,0.7115987460815048,0.4407894736842105,0.5921052631578947,0.11598746081504702,,0.14106583072100312,0.08463949843260188,0.2476489028213166,0.21003134796238246
2025-04-28,EXR,ELIXIR ENERGY LTD ORDINARY,-0.01639344262295082,0.026000000536441803,0.029999999329447746,-0.15384610424909462,-0.16,True,-0.002522067282772043,-0.002622950819672131,0.00018505674653215636,-0.0028080075662042874,52.89372,0.0,0.045454545454545456,0.05592105263157895,0.9835526315789473,0.06583072100313479,,0.0438871473354232,0.2006269592476489,0.05329153605015674,0.3573667711598746
2025-04-28,CHN,CHALICE MINING LTD ORDINARY,-0.01639344262295082,1.0750000476837158,1.125,-0.04651158148692014,-0.04651158148692014,False,-0.0007624849424085269,-0.0007624849424085269,0.00010308953341740226,-0.0008655744758259291,422.59698,6.16,0.9153605015673981,0.46381578947368424,0.8618421052631579,0.30407523510971785,,0.27899686520376177,0.11912225705329153,0.14420062695924765,0.9968652037617555
2025-04-28,IMU,IMUGENE LIMITED ORDINARY,-0.01639344262295082,0.8840000033378601,0.5099999904632568,0.42307693604347474,0.42307693604347474,False,0.006935687476122537,0.006935687476122537,0.00010308953341740226,0.006832597942705135,274.528132,5.16,0.877742946708464,0.08552631578947369,0.8585526315789473,0.22570532915360503,,0.06896551724137931,0.01567398119122257,0.47335423197492166,0.9592476489028213
2025-04-28,ILU,ILUKA RESOURCES ORDINARY,-0.01639344262295082,3.9886109828948975,3.5818121433258057,0.10199010164532041,0.10199010164532041,False,0.001671968879431482,0.001671968879431482,0.00010308953341740226,0.0015688793460140798,2160.7435,4.18,0.8432601880877743,0.4440789473684211,0.7072368421052632,0.6363636363636364,0.1889400921658986,0.09717868338557993,0.5517241379310345,0.335423197492163,0.12225705329153605
2025-04-28,HGO,HILLGROVE RES LTD ORDINARY,-0.01639344262295082,0.035999998450279236,0.039000000804662704,-0.0833334023201937,-0.0833334023201937,False,-0.0013661213495113722,-0.0013661213495113722,0.00010308953341740226,-0.0014692108829287745,87.923211,0.01,0.10188087774294671,0.3782894736842105,0.8092105263157895,0.09404388714733543,,0.3824451410658307,0.025078369905956112,0.45454545454545453,0.9278996865203761
2025-04-28,FBR,FBR LTD ORDINARY,-0.01639344262295082,0.007000000216066837,0.006000000052154064,0.14285716186372543,0.14285716186372543,False,0.002341920686290581,0.002341920686290581,0.00010308953341740226,0.0022388311528731787,190.859915,0.06,0.164576802507837,0.003289473684210526,0.8125,0.19122257053291536,,0.11598746081504702,0.06583072100313479,0.3448275862068966,0.987460815047022
2025-04-28,IPD,IMPEDIMED LIMITED ORDINARY,-0.01639344262295082,0.035999998450279236,0.032999999821186066,0.08333329883990315,0.08333329883990315,False,0.0013661196531131665,0.0013661196531131665,0.00010308953341740226,0.0012630301196957642,115.9184,0.51,0.3432601880877743,0.07894736842105263,0.7138157894736842,0.12852664576802508,,0.14420062695924765,0.03761755485893417,0.20376175548589343,0.6489028213166145
2025-04-28,DYL,DEEP YELLOW LIMITED ORDINARY,-0.01639344262295082,1.024999976158142,1.2949999570846558,-0.26341462166517826,-0.16,True,-0.004318272486314398,-0.002622950819672131,0.00018505674653215636,-0.0028080075662042874,1075.22099,12.47,0.9905956112852664,0.1513157894736842,0.9276315789473685,0.49216300940438873,,0.2727272727272727,0.3072100313479624,0.09717868338557993,0.0109717868338558
2025-04-28,DEV,DEVEX RESOURCES LTD ORDINARY,-0.01639344262295082,0.08299999684095383,0.0820000022649765,0.01204812787997489,0.01204812787997489,False,0.00019751029311434247,0.00019751029311434247,0.00010308953341740226,9.442075969694021e-05,41.520458,0.11,0.19278996865203762,0.5625,0.9375,0.04075235109717868,,0.06583072100313479,0.03134796238244514,0.13479623824451412,0.16614420062695925
2025-04-28,CXO,CORE LITHIUM ORDINARY,-0.01639344262295082,0.07000000029802322,0.07999999821186066,-0.14285711244661004,-0.14285711244661004,False,-0.002341919876173935,-0.002341919876173935,0.00010308953341740226,-0.002445009409591337,185.825487,2.05,0.7084639498432602,0.1875,0.944078947368421,0.18808777429467086,,0.05642633228840126,0.15047021943573669,0.14106583072100312,0.003134796238244514
2025-04-28,CXL,CALIX LIMITED ORDINARY,-0.01639344262295082,0.38499999046325684,0.32499998807907104,0.15584416589722483,0.15584416589722483,False,0.002554822391757784,0.002554822391757784,0.00010308953341740226,0.002451732858340382,138.863406,0.9,0.48746081504702193,0.0756578947368421,0.9868421052631579,0.1536050156739812,,0.06269592476489028,0.10344827586206896,0.2006269592476489,0.7335423197492164
2025-04-28,CST,CASTILE RESOURCES ORDINARY,-0.01639344262295082,0.07800000160932541,0.05000000074505806,0.35897436264821525,0.35897436264821525,False,0.005884825617183857,0.005884825617183857,0.00010308953341740226,0.005781736083766455,19.829366,0.0,0.045454545454545456,0.8914473684210527,0.26973684210526316,0.01567398119122257,,0.1755485893416928,0.22884012539184953,0.050156739811912224,0.07523510971786834
2025-04-28,EGR,ECOGRAF LIMITED ORDINARY,-0.01639344262295082,0.29499998688697815,0.2849999964237213,0.03389827426361236,0.03389827426361236,False,0.0005557094141575797,0.0005557094141575797,0.00010308953341740226,0.00045261988074017743,39.90184,0.01,0.10188087774294671,0.9967105263157895,0.8947368421052632,0.034482758620689655,,0.4106583072100313,0.31347962382445144,0.0877742946708464,0.3573667711598746
2025-04-28,LIC,LIFESTYLE COMMUNIT. ORDINARY,-0.01639344262295082,7.170000076293945,7.0,0.023709912759417362,0.023709912759417362,False,0.00038868709441667806,0.00038868709441667806,0.00010308953341740226,0.0002855975609992758,1038.6704,9.92,0.9717868338557993,0.15789473684210525,0.569078947368421,0.47648902821316613,0.5898617511520737,0.322884012539185,0.42946708463949845,0.5987460815047022,0.11912225705329153
2025-04-28,CKF,COLLINS FOODS LTD ORDINARY,-0.01639344262295082,8.034869194030762,7.451928615570068,0.07255134643557981,0.07255134643557981,False,0.0011893663350095052,0.0011893663350095052,0.00010308953341740226,0.001086276801592103,1008.762553,4.32,0.8495297805642633,0.8256578947368421,0.24013157894736842,0.4702194357366771,,0.9184952978056427,0.21316614420062696,0.9090909090909091,0.786833855799373
2025-04-28,4DX,4DMEDICAL LIMITED ORDINARY,-0.01639344262295082,0.2849999964237213,0.3149999976158142,-0.10526316339839759,-0.10526316339839759,False,-0.0017256256294819277,-0.0017256256294819277,0.00010308953341740226,-0.00182871516289933,296.789326,0.01,0.10188087774294671,0.02631578947368421,0.4440789473684211,0.2445141065830721,,0.18808777429467086,0.050156739811912224,0.26959247648902823,0.25391849529780564
2025-04-28,LKE,LAKE RESOURCES ORDINARY,-0.01639344262295082,0.03400000184774399,0.03099999949336052,0.08823535856903275,0.08823535856903275,False,0.0014464812880169305,0.0014464812880169305,0.00010308953341740226,0.0013433917545995282,70.557774,0.61,0.3793103448275862,0.35526315789473684,0.9605263157894737,0.08150470219435736,,0.03761755485893417,0.20689655172413793,0.13793103448275862,0.9529780564263323
2025-04-28,OMH,OM HOLDINGS LIMITED ORDINARY,-0.01639344262295082,0.3138667047023773,0.29370370507240295,0.06424064524172401,0.06424064524172401,False,0.0010531253318315412,0.0010531253318315412,0.00010308953341740226,0.000950035798414139,282.81949,0.0,0.045454545454545456,0.5460526315789473,0.4276315789473684,0.23197492163009403,,0.31974921630094044,0.30094043887147337,0.6865203761755486,0.6959247648902821
2025-04-28,KGN,KOGAN.COM LTD ORDINARY,-0.01639344262295082,4.349282741546631,3.800811529159546,0.12610612944240207,0.12610612944240207,False,0.0020673135974164274,0.0020673135974164274,0.00010308953341740226,0.0019642240639990254,641.6172,0.99,0.5047021943573667,0.5855263157894737,0.6546052631578947,0.38557993730407525,0.7465437788018433,0.8557993730407524,0.799373040752351,0.4012539184952978,0.8808777429467085
2025-04-28,OCC,ORTHOCELL LIMITED ORDINARY,-0.01639344262295082,1.399999976158142,1.2699999809265137,0.09285714103251086,0.09285714103251086,False,0.001522248213647719,0.001522248213647719,0.00010308953341740226,0.0014191586802303167,293.778132,0.06,0.164576802507837,1.0,0.6447368421052632,0.2413793103448276,,0.2852664576802508,0.15987460815047022,0.20689655172413793,0.06896551724137931
2025-04-28,NXT,NEXTDC LIMITED ORDINARY,-0.01639344262295082,11.399999618530273,12.859999656677246,-0.12807018307033946,-0.12807018307033946,False,-0.0020995111978744175,-0.0020995111978744175,0.00010308953341740226,-0.0022026007312918195,9249.924073,5.73,0.9028213166144201,0.17105263157894737,0.5263157894736842,0.8714733542319749,,0.109717868338558,0.29153605015673983,0.45141065830721006,0.768025078369906
2025-04-28,NVX,NOVONIX LIMITED ORDINARY,-0.01639344262295082,0.4399999976158142,0.4099999964237213,0.06818182126057049,0.06818182126057049,False,0.0011177347747634507,0.0011177347747634507,0.00010308953341740226,0.0010146452413460484,365.193577,5.6,0.896551724137931,0.19078947368421054,0.8782894736842105,0.2884012539184953,,0.20689655172413793,0.0438871473354232,0.658307210031348,0.7586206896551724
2025-04-28,NEU,NEUREN PHARMACEUT. ORDINARY,-0.01639344262295082,10.989999771118164,13.569999694824219,-0.23475886964859827,-0.16,True,-0.0038485060598130866,-0.002622950819672131,0.00018505674653215636,-0.0028080075662042874,1634.332087,5.76,0.9059561128526645,0.20065789473684212,0.9111842105263158,0.5893416927899686,0.059907834101382486,0.47648902821316613,0.9686520376175548,0.023510971786833857,0.9937304075235109
2025-04-28,LTR,LIONTOWN RESOURCES ORDINARY,-0.01639344262295082,0.5400000214576721,0.5550000071525574,-0.027777750183035854,-0.027777750183035854,False,-0.0004553729538202599,-0.0004553729538202599,0.00010308953341740226,-0.0005584624872376621,1333.850175,12.32,0.987460815047022,0.29276315789473684,0.9736842105263158,0.542319749216301,,0.05329153605015674,0.23824451410658307,0.8213166144200627,1.0
2025-04-28,MMS,MCMILLAN SHAKESPEARE ORDINARY,-0.01639344262295082,13.862730026245117,14.387414932250977,-0.037848598725685134,-0.037848598725685134,False,-0.0006204688315686088,-0.0006204688315686088,0.00010308953341740226,-0.000723558364986011,1044.64536,2.86,0.7821316614420063,0.7072368421052632,0.3684210526315789,0.47962382445141066,0.2119815668202765,0.7366771159874608,0.9749216300940439,0.9717868338557993,0.5078369905956113
2025-04-28,MIN,MINERAL RESOURCES. ORDINARY,-0.01639344262295082,18.18000030517578,19.579999923706055,-0.07700767849446621,-0.07700767849446621,False,-0.0012624209589256756,-0.0012624209589256756,0.00010308953341740226,-0.0013655104923430779,6751.193887,13.55,0.9937304075235109,0.029605263157894735,0.9210526315789473,0.8150470219435737,,0.025078369905956112,0.06896551724137931,0.9028213166144201,0.12539184952978055
2025-04-28,MAQ,MACQUARIE TECHNOLOGY ORDINARY,-0.01639344262295082,59.849998474121094,60.31999969482422,-0.007852986343957147,-0.007852986343957147,False,-0.00012873748104847782,-0.00012873748104847782,0.00010308953341740226,-0.0002318270144658801,2291.73281,1.46,0.6206896551724138,0.09210526315789473,0.41776315789473684,0.6551724137931034,0.8709677419354839,0.3793103448275862,0.5266457680250783,0.5015673981191222,0.4200626959247649
2025-04-28,M7T,MACH7 TECH LIMITED ORDINARY,-0.01639344262295082,0.33000001311302185,0.3499999940395355,-0.060606000399351156,-0.060606000399351156,False,-0.0009935409901532977,-0.0009935409901532977,0.00010308953341740226,-0.0010966305235707,96.498424,0.13,0.2084639498432602,0.2993421052631579,0.39473684210526316,0.109717868338558,,0.2413793103448276,0.18495297805642633,0.1786833855799373,0.7304075235109718
2025-04-28,PEN,PENINSULA ENERGY LTD ORDINARY,-0.01639344262295082,0.6200000047683716,0.6200000047683716,-0.0,-0.0,False,-0.0,-0.0,0.00010308953341740226,-0.00010308953341740226,124.493618,5.2,0.8840125391849529,0.039473684210526314,0.881578947368421,0.13793103448275862,,0.018808777429467086,0.1786833855799373,0.034482758620689655,0.0109717868338558
2025-04-28,MVF,MONASH IVF GROUP LTD ORDINARY,-0.01639344262295082,0.7906888723373413,0.7612221837043762,0.03726710930667221,0.03726710930667221,False,0.0006109362181421674,0.0006109362181421674,0.00010308953341740226,0.0005078466847247651,502.459125,1.39,0.5909090909090909,0.08223684210526316,0.9638157894736842,0.34169278996865204,0.35944700460829493,0.335423197492163,0.7147335423197492,0.7272727272727273,0.6426332288401254
2025-04-28,PNV,POLYNOVO LIMITED ORDINARY,-0.01639344262295082,1.1549999713897705,1.2599999904632568,-0.0909091096748198,-0.0909091096748198,False,-0.0014903132733577018,-0.0014903132733577018,0.00010308953341740226,-0.001593402806775104,1418.94648,10.29,0.9780564263322884,0.05263157894736842,0.7006578947368421,0.5579937304075235,0.9585253456221198,0.329153605015674,0.567398119122257,0.4702194357366771,0.5611285266457681
2025-04-28,SIG,SIGMA HEALTH LTD ORDINARY,-0.01639344262295082,2.975538492202759,2.985424280166626,-0.0033223525724075387,-0.0033223525724075387,False,-5.446479626897605e-05,-5.446479626897605e-05,0.00010308953341740226,-0.0001575543296863783,4519.322835,1.42,0.6112852664576802,0.7631578947368421,0.14802631578947367,0.7711598746081505,,0.19122257053291536,0.22570532915360503,0.3887147335423197,0.9153605015673981
2025-04-28,MCP,MCPHERSON'S LTD ORDINARY,-0.01639344262295082,0.26499998569488525,0.27000001072883606,-0.01886802001456611,-0.01886802001456611,False,-0.00030931180351747727,-0.00030931180351747727,0.00010308953341740226,-0.00041240133693487953,46.06368,0.02,0.12852664576802508,0.2236842105263158,0.29605263157894735,0.05642633228840126,,0.6739811912225705,0.2884012539184953,0.2946708463949843,0.9184952978056427
2025-04-28,PPT,PERPETUAL LIMITED ORDINARY,-0.01639344262295082,14.8717041015625,16.72361946105957,-0.12452610318561264,-0.12452610318561264,False,-0.002041411527632994,-0.002041411527632994,0.00010308953341740226,-0.0021445010610503966,2214.09513,3.97,0.8307210031347962,0.13815789473684212,0.625,0.64576802507837,0.9308755760368663,0.4890282131661442,0.34169278996865204,0.6896551724137931,0.4263322884012539
2025-04-28,PPK,PPK GROUP LIMITED ORDINARY,-0.01639344262295082,0.30000001192092896,0.3050000071525574,-0.0166666501098216,-0.0166666501098216,False,-0.0002732237722921574,-0.0002732237722921574,0.00010308953341740226,-0.0003763133057095597,31.143349,0.1,0.1865203761755486,0.3190789473684211,0.5855263157894737,0.03134796238244514,,0.047021943573667714,0.16927899686520376,0.4263322884012539,0.5454545454545454
2025-04-28,LOT,LOTUS RESOURCES LTD ORDINARY,-0.01639344262295082,1.8975000381469727,2.012500047683716,-0.060606064413599725,-0.060606064413599725,False,-0.0009935420395672087,-0.0009935420395672087,0.00010308953341740226,-0.001096631572984611,393.621079,9.2,0.9639498432601881,0.10197368421052631,0.9078947368421053,0.2946708463949843,,0.12852664576802508,0.18181818181818182,0.0438871473354232,0.3573667711598746
2025-04-28,WEB,WEB TRAVEL GROUP LTD ORDINARY,-0.01639344262295082,4.210000038146973,5.0,-0.1876484452956786,-0.16,True,-0.003076204021240633,-0.002622950819672131,0.00018505674653215636,-0.0028080075662042874,1505.441491,4.9,0.8714733542319749,0.3125,0.5032894736842105,0.5642633228840125,,0.3887147335423197,0.08150470219435736,0.6050156739811913,0.3573667711598746
2025-04-28,WBT,WEEBIT NANO LTD ORDINARY,-0.01639344262295082,1.6799999475479126,1.7200000286102295,-0.023809572804273094,-0.023809572804273094,False,-0.0003903208656438212,-0.0003903208656438212,0.00010308953341740226,-0.0004934103990612234,681.191488,3.3,0.8119122257053292,0.14144736842105263,0.868421052631579,0.3949843260188088,,0.2884012539184953,0.07210031347962383,0.09090909090909091,0.10658307210031348
2025-04-28,VUL,VULCAN ENERGY ORDINARY,-0.01639344262295082,4.75,3.7799999713897705,0.20421053233899567,0.20421053233899567,False,0.0033477136449015683,0.0033477136449015683,0.00010308953341740226,0.0032446241114841663,608.192519,3.83,0.8275862068965517,0.8388157894736842,0.930921052631579,0.3730407523510972,,0.14733542319749215,0.11598746081504702,0.12225705329153605,0.06269592476489028
2025-04-28,TOE,TORO ENERGY LIMITED ORDINARY,-0.01639344262295082,0.19499999284744263,0.17499999701976776,0.10256408492959168,0.10256408492959168,False,0.0016813784414687163,0.0016813784414687163,0.00010308953341740226,0.001578288908051314,27.063415,0.0,0.045454545454545456,0.6710526315789473,0.8848684210526315,0.02821316614420063,,0.08150470219435736,0.09404388714733543,0.023510971786833857,0.3573667711598746
2025-04-28,PPE,PEOPLEIN LIMITED ORDINARY,-0.01639344262295082,0.8399999737739563,0.6499999761581421,0.22619048041416145,0.22619048041416145,False,0.003708040662527237,0.003708040662527237,0.00010308953341740226,0.003604951129109835,102.381445,0.25,0.25391849529780564,0.47039473684210525,0.5296052631578947,0.11912225705329153,,0.9717868338557993,0.21003134796238246,0.7774294670846394,0.28213166144200624
2025-04-28,SVL,SILVER MINES LIMITED ORDINARY,-0.01639344262295082,0.0989999994635582,0.0989999994635582,-0.0,-0.0,False,-0.0,-0.0,0.00010308953341740226,-0.00010308953341740226,120.580086,0.5,0.33699059561128525,0.9342105263157895,0.7960526315789473,0.13166144200626959,,0.29780564263322884,0.2727272727272727,0.023510971786833857,0.05956112852664577
2025-04-28,SLX,SILEX SYSTEMS ORDINARY,-0.01639344262295082,2.759999990463257,3.450000047683716,-0.25000002159588597,-0.16,True,-0.0040983610097686226,-0.002622950819672131,0.00018505674653215636,-0.0028080075662042874,1199.97595,9.2,0.9639498432601881,0.013157894736842105,0.5723684210526315,0.5172413793103449,,0.43573667711598746,0.09717868338557993,0.11285266457680251,0.9404388714733543
2025-04-28,SBM,ST BARBARA LIMITED ORDINARY,-0.01639344262295082,0.2750000059604645,0.3449999988079071,-0.2545454230190316,-0.16,True,-0.004172875787197239,-0.002622950819672131,0.00018505674653215636,-0.0028080075662042874,192.224475,1.26,0.5642633228840125,0.8092105263157895,0.9013157894736842,0.19435736677115986,,0.012539184952978056,0.11285266457680251,0.13166144200626959,0.15047021943573669
2025-04-28,S32,SOUTH32 LIMITED ORDINARY,-0.01639344262295082,2.637119770050049,2.8609344959259033,-0.08487089908381629,-0.08487089908381629,False,-0.0013913262144887918,-0.0013913262144887918,0.00010308953341740226,-0.001494415747906194,9145.791296,0.59,0.3714733542319749,0.2565789473684211,0.7368421052631579,0.8620689655172413,0.2857142857142857,0.36990595611285265,0.5360501567398119,0.41379310344827586,0.8934169278996865
2025-04-28,PWH,PWR HOLDINGS LIMITED ORDINARY,-0.01639344262295082,6.3551764488220215,6.6435956954956055,-0.04538335780229108,-0.04538335780229108,False,-0.0007439894721687063,-0.0007439894721687063,0.00010308953341740226,-0.0008470790055861085,790.646108,6.93,0.9278996865203761,0.19407894736842105,0.3815789473684211,0.4263322884012539,0.9354838709677419,0.3605015673981191,0.5579937304075235,0.4608150470219436,0.12852664576802508
2025-04-28,TLG,TALGA GROUP LTD ORDINARY,-0.01639344262295082,0.4449999928474426,0.38999998569488525,0.1235955236777111,0.1235955236777111,False,0.0020261561258641163,0.0020261561258641163,0.00010308953341740226,0.001923066592446714,179.870814,0.18,0.22727272727272727,0.39473684210526316,0.8552631578947368,0.18181818181818182,,0.13479623824451412,0.15673981191222572,0.1974921630094044,0.03761755485893417
2025-05-26,BOT,BOTANIX PHARMA LTD ORDINARY,-0.016666666666666666,0.36500000953674316,0.3199999928474426,0.12328771373571856,0.12328771373571856,False,0.002054795228928643,0.002054795228928643,0.0001048076923076923,0.0019499875366209506,790.37238,3.84,0.8178913738019169,0.17275747508305647,0.8737541528239202,0.4185303514376997,,0.21725239616613418,0.04792332268370607,0.11501597444089456,0.02875399361022364
2025-05-26,BOE,BOSS ENERGY LTD ORDINARY,-0.016666666666666666,4.269999980926514,4.670000076293945,-0.09367683774102464,-0.09367683774102464,False,-0.0015612806290170773,-0.0015612806290170773,0.0001048076923076923,-0.0016660883213247696,994.72779,19.75,1.0,0.9767441860465116,0.9667774086378738,0.46325878594249204,,0.36421725239616615,0.2523961661341853,0.05750798722044728,0.35782747603833864
2025-05-26,BMN,BANNERMAN ENERGY LTD ORDINARY,-0.016666666666666666,2.930000066757202,3.3299999237060547,-0.13651871939769444,-0.13651871939769444,False,-0.002275311989961574,-0.002275311989961574,0.0001048076923076923,-0.0023801196822692662,467.2451,8.48,0.9552715654952076,0.8970099667774086,0.9700996677740864,0.31309904153354634,,0.40894568690095845,0.26517571884984026,0.038338658146964855,0.35782747603833864
2025-05-26,BET,BETMAKERS TECH GROUP ORDINARY,-0.016666666666666666,0.11999999731779099,0.0989999994635582,0.1749999860301611,0.1749999860301611,False,0.0029166664338360184,0.0029166664338360184,0.0001048076923076923,0.002811858741528326,101.570679,2.01,0.6964856230031949,0.6146179401993356,0.6810631229235881,0.11182108626198083,,0.14696485623003194,0.08626198083067092,0.24920127795527156,0.21725239616613418
2025-05-26,BCI,BCI MINERALS LTD ORDINARY,-0.016666666666666666,0.28999999165534973,0.3400000035762787,-0.17241383917124886,-0.16,True,-0.002873563986187481,-0.0026666666666666666,0.0001881410256410256,-0.002854807692307692,475.708518,0.0,0.039936102236421724,0.8538205980066446,0.7043189368770764,0.3194888178913738,,0.022364217252396165,0.28115015974440893,0.38977635782747605,0.952076677316294
2025-05-26,ASL,ANDEAN SILVER ORDINARY,-0.016666666666666666,0.9649999737739563,1.0199999809265137,-0.05699482761378882,-0.05699482761378882,False,-0.0009499137935631471,-0.0009499137935631471,0.0001048076923076923,-0.0010547214858708394,109.855713,1.6,0.6405750798722045,0.38205980066445183,0.8239202657807309,0.12140575079872204,,0.12779552715654952,0.07667731629392971,0.12460063897763578,0.9776357827476039
2025-05-26,ASM,AUSSTRATMATERIALS ORDINARY,-0.016666666666666666,0.5400000214576721,0.5049999952316284,0.06481486080605126,0.06481486080605126,False,0.0010802476801008542,0.0010802476801008542,0.0001048076923076923,0.000975439987793162,89.014125,0.69,0.41214057507987223,0.9568106312292359,0.8870431893687708,0.09584664536741214,,0.06070287539936102,0.14376996805111822,0.28434504792332266,0.9616613418530351
2025-05-26,APX,APPEN LIMITED ORDINARY,-0.016666666666666666,1.2649999856948853,1.1200000047683716,0.11462449214721748,0.11462449214721748,False,0.0019104082024536248,0.0019104082024536248,0.0001048076923076923,0.0018056005101459325,426.041658,4.23,0.8274760383386581,0.26245847176079734,0.9601328903654485,0.3003194888178914,,0.24281150159744408,0.25559105431309903,0.3706070287539936,0.06070287539936102
2025-05-26,ALC,ALCIDION GROUP LTD ORDINARY,-0.016666666666666666,0.0820000022649765,0.10000000149011612,-0.2195121796091426,-0.16,True,-0.003658536326819043,-0.0026666666666666666,0.0001881410256410256,-0.002854807692307692,80.564653,0.04,0.12460063897763578,0.9335548172757475,0.8372093023255814,0.08945686900958466,,0.17891373801916932,0.28434504792332266,0.1597444089456869,0.268370607028754
2025-05-26,AD8,AUDINATEGROUPLTD ORDINARY,-0.016666666666666666,7.590000152587891,7.480000019073486,0.014492770922659104,0.014492770922659104,False,0.0002415461820443184,0.0002415461820443184,0.0001048076923076923,0.0001367384897366261,617.103881,5.43,0.8977635782747604,0.1461794019933555,0.7242524916943521,0.3706070287539936,,0.4249201277955272,0.268370607028754,0.16613418530351437,0.08306709265175719
2025-05-26,BRN,BRAINCHIP LTD ORDINARY,-0.016666666666666666,0.20999999344348907,0.19499999284744263,0.07142857649699375,0.07142857649699375,False,0.0011904762749498957,0.0011904762749498957,0.0001048076923076923,0.0010856685826422035,487.813155,2.42,0.7348242811501597,0.5448504983388704,0.8803986710963455,0.329073482428115,,0.3035143769968051,0.019169329073482427,0.24281150159744408,0.9712460063897763
2025-05-26,BBN,BABY BUNTING GRP LTD ORDINARY,-0.016666666666666666,1.7599999904632568,1.840000033378601,-0.045454570084564105,-0.045454570084564105,False,-0.0007575761680760684,-0.0007575761680760684,0.0001048076923076923,-0.0008623838603837608,239.08,0.3,0.25559105431309903,0.4219269102990033,0.8903654485049833,0.2012779552715655,0.7276995305164319,0.8722044728434505,0.5175718849840255,0.8881789137380192,0.5239616613418531
2025-05-26,CAT,CATAPULT GRP INT LTD ORDINARY,-0.016666666666666666,5.099999904632568,5.860000133514404,-0.14901965550852103,-0.14901965550852103,False,-0.002483660925142017,-0.002483660925142017,0.0001048076923076923,-0.0025884686174497094,914.17006,1.45,0.6038338658146964,0.9534883720930233,0.9036544850498339,0.4440894568690096,,0.4952076677316294,0.2971246006389776,0.3258785942492013,0.9840255591054313
2025-05-26,4DX,4DMEDICAL LIMITED ORDINARY,-0.016666666666666666,0.3050000071525574,0.23999999463558197,0.21311479013986767,0.21311479013986767,False,0.0035519131689977943,0.0035519131689977943,0.0001048076923076923,0.003447105476690102,296.789326,0.03,0.10862619808306709,0.07973421926910298,0.813953488372093,0.23961661341853036,,0.18849840255591055,0.051118210862619806,0.2715654952076677,0.26198083067092653
2025-05-26,CXO,CORE LITHIUM ORDINARY,-0.016666666666666666,0.09399999678134918,0.09799999743700027,-0.042553199921435914,-0.042553199921435914,False,-0.0007092199986905985,-0.0007092199986905985,0.0001048076923076923,-0.0008140276909982909,185.825487,1.56,0.6246006389776357,0.7375415282392026,0.9534883720930233,0.17891373801916932,,0.05750798722044728,0.14696485623003194,0.14376996805111822,0.003194888178913738
2025-05-26,CHN,CHALICE MINING LTD ORDINARY,-0.016666666666666666,1.2400000095367432,1.684999942779541,-0.358870911145434,-0.16,True,-0.0059811818524239,-0.0026666666666666666,0.0001881410256410256,-0.002854807692307692,422.59698,6.1,0.9137380191693291,0.15614617940199335,0.8471760797342193,0.2971246006389776,,0.2715654952076677,0.12140575079872204,0.14696485623003194,0.9968051118210862
2025-05-26,IXR,IONIC RARE EARTHS ORDINARY,-0.016666666666666666,0.20999999344348907,0.36000001430511475,-0.7142858359278503,-0.16,True,-0.011904763932130838,-0.0026666666666666666,0.0001881410256410256,-0.002854807692307692,33.24752,0.03,0.10862619808306709,0.840531561461794,0.8504983388704319,0.03514376996805112,,0.10862619808306709,0.07987220447284345,0.134185303514377,0.054313099041533544
2025-05-26,IPD,IMPEDIMED LIMITED ORDINARY,-0.016666666666666666,0.03200000151991844,0.03500000014901161,-0.09374995270627773,-0.09374995270627773,False,-0.0015624992117712956,-0.0015624992117712956,0.0001048076923076923,-0.0016673069040789878,115.9184,0.58,0.3610223642172524,0.059800664451827246,0.3787375415282392,0.12460063897763578,,0.1501597444089457,0.038338658146964855,0.20447284345047922,0.6549520766773163
2025-05-26,IMU,IMUGENE LIMITED ORDINARY,-0.016666666666666666,0.578000009059906,0.44200000166893005,0.2352941267460783,0.2352941267460783,False,0.003921568779101305,0.003921568779101305,0.0001048076923076923,0.0038167610867936123,274.528132,5.24,0.8785942492012779,0.013289036544850499,0.7275747508305648,0.22044728434504793,,0.07028753993610223,0.01597444089456869,0.4728434504792332,0.9584664536741214
2025-05-26,IGO,IGO LIMITED ORDINARY,-0.016666666666666666,4.260000228881836,4.170000076293945,0.02112679524703076,0.02112679524703076,False,0.0003521132541171793,0.0003521132541171793,0.0001048076923076923,0.000247305561809487,3612.138843,8.94,0.9584664536741214,0.5946843853820598,0.7641196013289037,0.7348242811501597,,0.3769968051118211,0.04153354632587859,0.16932907348242812,0.09584664536741214
2025-05-26,IFL,INSIGNIA FINANCIAL ORDINARY,-0.016666666666666666,3.299999952316284,3.630000114440918,-0.1000000505736387,-0.1000000505736387,False,-0.001666667509560645,-0.001666667509560645,0.0001048076923076923,-0.0017714752018683372,2373.259049,0.61,0.3753993610223642,0.07308970099667775,0.8438538205980066,0.6613418530351438,,0.1597444089456869,0.2939297124600639,0.6996805111821086,0.12140575079872204
2025-05-26,ILU,ILUKA RESOURCES ORDINARY,-0.016666666666666666,3.8695480823516846,3.770328998565674,0.025641000363461397,0.025641000363461397,False,0.00042735000605768995,0.00042735000605768995,0.0001048076923076923,0.00032254231374999765,2160.7435,4.78,0.8594249201277955,0.2591362126245847,0.574750830564784,0.6325878594249201,0.19248826291079812,0.09904153354632587,0.549520766773163,0.3354632587859425,0.12779552715654952
2025-05-26,FBR,FBR LTD ORDINARY,-0.016666666666666666,0.004999999888241291,0.006000000052154064,-0.20000003725290383,-0.16,True,-0.0033333339542150637,-0.0026666666666666666,0.0001881410256410256,-0.002854807692307692,190.859915,0.06,0.1389776357827476,0.0033222591362126247,0.9634551495016611,0.18210862619808307,,0.12140575079872204,0.06389776357827476,0.34185303514376997,0.987220447284345
2025-05-26,EXR,ELIXIR ENERGY LTD ORDINARY,-0.016666666666666666,0.027000000700354576,0.026000000536441803,0.037037042147174515,0.037037042147174515,False,0.0006172840357862419,0.0006172840357862419,0.0001048076923076923,0.0005124763434785496,52.89372,0.0,0.039936102236421724,0.11295681063122924,0.9335548172757475,0.0670926517571885,,0.04472843450479233,0.19808306709265175,0.054313099041533544,0.35782747603833864
2025-05-26,EOS,ELECTRO OPTIC SYS. ORDINARY,-0.016666666666666666,1.6349999904632568,2.8499999046325684,-0.74311921789373,-0.16,True,-0.012385320298228834,-0.0026666666666666666,0.0001881410256410256,-0.002854807692307692,124.873972,0.0,0.039936102236421724,0.9601328903654485,0.8538205980066446,0.13738019169329074,,0.13099041533546327,0.1501597444089457,0.5207667731629393,0.03194888178913738
2025-05-26,HGO,HILLGROVE RES LTD ORDINARY,-0.016666666666666666,0.03999999910593033,0.03500000014901161,0.12499997671693508,0.12499997671693508,False,0.002083332945282251,0.002083332945282251,0.0001048076923076923,0.001978525252974559,87.923211,0.0,0.039936102236421724,0.4867109634551495,0.6877076411960132,0.0926517571884984,,0.3738019169329074,0.025559105431309903,0.4536741214057508,0.9329073482428115
2025-05-26,DEV,DEVEX RESOURCES LTD ORDINARY,-0.016666666666666666,0.09099999815225601,0.07000000029802322,0.23076921187511223,0.23076921187511223,False,0.0038461535312518703,0.0038461535312518703,0.0001048076923076923,0.003741345838944178,41.520458,0.11,0.1869009584664537,0.770764119601329,0.717607973421927,0.04472843450479233,,0.0670926517571885,0.03194888178913738,0.13738019169329074,0.17252396166134185
2025-05-26,LIC,LIFESTYLE COMMUNIT. ORDINARY,-0.016666666666666666,7.210000038146973,7.0,0.02912621872897303,0.02912621872897303,False,0.00048543697881621716,0.00048543697881621716,0.0001048076923076923,0.00038062928650852486,1038.6704,9.97,0.9744408945686901,0.28903654485049834,0.7940199335548173,0.4728434504792332,0.5868544600938967,0.31309904153354634,0.4281150159744409,0.5942492012779552,0.12460063897763578
2025-05-26,JMS,JUPITER MINES. ORDINARY,-0.016666666666666666,0.18498554825782776,0.189728781580925,-0.0256411020632068,-0.0256411020632068,False,-0.00042735170105344665,-0.00042735170105344665,0.0001048076923076923,-0.000532159393361139,285.583606,0.03,0.10862619808306709,0.9302325581395349,0.9568106312292359,0.23003194888178913,0.15023474178403756,0.3929712460063898,0.4217252396166134,0.04792332268370607,0.13738019169329074
2025-05-26,DYL,DEEP YELLOW LIMITED ORDINARY,-0.016666666666666666,1.4149999618530273,1.6699999570846558,-0.1802120156227358,-0.16,True,-0.0030035335937122635,-0.0026666666666666666,0.0001881410256410256,-0.002854807692307692,1075.22099,10.89,0.9808306709265175,0.9269102990033222,0.946843853820598,0.48881789137380194,,0.26517571884984026,0.30670926517571884,0.09904153354632587,0.011182108626198083
2025-05-26,LKE,LAKE RESOURCES ORDINARY,-0.016666666666666666,0.03200000151991844,0.026000000536441803,0.18750002182787184,0.18750002182787184,False,0.003125000363797864,0.003125000363797864,0.0001048076923076923,0.0030201926714901717,70.557774,0.61,0.3753993610223642,0.26578073089701,0.4717607973421927,0.08306709265175719,,0.038338658146964855,0.20447284345047922,0.14057507987220447,0.9552715654952076
2025-05-26,NXT,NEXTDC LIMITED ORDINARY,-0.016666666666666666,13.0600004196167,14.5,-0.11026030123401509,-0.11026030123401509,False,-0.0018376716872335848,-0.0018376716872335848,0.0001048076923076923,-0.001942479379541277,9249.924073,6.48,0.9281150159744409,0.34219269102990035,0.7774086378737541,0.8690095846645367,,0.11501597444089456,0.29073482428115016,0.4504792332268371,0.7763578274760383
2025-05-26,NVX,NOVONIX LIMITED ORDINARY,-0.016666666666666666,0.4699999988079071,0.3799999952316284,0.19148936979691877,0.19148936979691877,False,0.0031914894966153127,0.0031914894966153127,0.0001048076923076923,0.0030866818043076205,365.193577,5.38,0.8945686900958466,0.760797342192691,0.9435215946843853,0.28115015974440893,,0.20766773162939298,0.04472843450479233,0.6549520766773163,0.7667731629392971
2025-05-26,NUF,NUFARM LIMITED ORDINARY,-0.016666666666666666,2.5,2.4600000381469727,0.015999984741210893,0.015999984741210893,False,0.00026666641235351487,0.00026666641235351487,0.0001048076923076923,0.00016185872004582258,2398.29385,3.92,0.8210862619808307,0.036544850498338874,0.9800664451827242,0.670926517571885,0.9107981220657277,0.09584664536741214,0.3354632587859425,0.7603833865814696,0.35782747603833864
2025-05-26,NIC,NICKEL INDUSTRIES ORDINARY,-0.016666666666666666,0.675000011920929,0.6949999928474426,-0.029629600849335302,-0.029629600849335302,False,-0.0004938266808222551,-0.0004938266808222551,0.0001048076923076923,-0.0005986343731299473,2189.018615,2.69,0.7507987220447284,0.27906976744186046,0.6511627906976745,0.6389776357827476,,0.6389776357827476,0.13738019169329074,0.6517571884984026,0.6006389776357828
2025-05-26,NEU,NEUREN PHARMACEUT. ORDINARY,-0.016666666666666666,13.449999809265137,14.109999656677246,-0.049070621321307684,-0.049070621321307684,False,-0.0008178436886884614,-0.0008178436886884614,0.0001048076923076923,-0.0009226513809961537,1634.332087,6.06,0.9105431309904153,0.5382059800664452,0.6744186046511628,0.5846645367412141,0.056338028169014086,0.4696485623003195,0.9680511182108626,0.023961661341853034,0.9936102236421726
2025-05-26,MCP,MCPHERSON'S LTD ORDINARY,-0.016666666666666666,0.26499998569488525,0.25,0.056603722658898126,0.056603722658898126,False,0.000943395377648302,0.000943395377648302,0.0001048076923076923,0.0008385876853406098,46.06368,0.05,0.134185303514377,0.6744186046511628,0.4850498338870432,0.06070287539936102,,0.670926517571885,0.28753993610223644,0.2971246006389776,0.9265175718849841
2025-05-26,MIN,MINERAL RESOURCES. ORDINARY,-0.016666666666666666,24.079999923706055,21.559999465942383,0.10465118213238889,0.10465118213238889,False,0.0017441863688731482,0.0017441863688731482,0.0001048076923076923,0.001639378676565456,6751.193887,14.31,0.9936102236421726,0.5116279069767442,0.6976744186046512,0.8115015974440895,,0.025559105431309903,0.0670926517571885,0.9041533546325878,0.13099041533546327
2025-05-26,MAQ,MACQUARIE TECHNOLOGY ORDINARY,-0.016666666666666666,58.81999969482422,66.54000091552734,-0.13124789630664413,-0.13124789630664413,False,-0.0021874649384440686,-0.0021874649384440686,0.0001048076923076923,-0.002292272630751761,2291.73281,1.39,0.5846645367412141,0.12292358803986711,0.4053156146179402,0.6517571884984026,0.8732394366197183,0.3706070287539936,0.5239616613418531,0.5015974440894568,0.4185303514376997
2025-05-26,M7T,MACH7 TECH LIMITED ORDINARY,-0.016666666666666666,0.38499999046325684,0.33000001311302185,0.14285708756526316,0.14285708756526316,False,0.0023809514594210525,0.0023809514594210525,0.0001048076923076923,0.0022761437671133603,96.498424,0.13,0.20766773162939298,0.16611295681063123,0.09966777408637874,0.10862619808306709,,0.23322683706070288,0.18210862619808307,0.17891373801916932,0.7380191693290735
2025-05-26,LTR,LIONTOWN RESOURCES ORDINARY,-0.016666666666666666,0.6299999952316284,0.699999988079071,-0.1111111005988279,-0.1111111005988279,False,-0.0018518516766471316,-0.0018518516766471316,0.0001048076923076923,-0.001956659368954824,1333.850175,12.66,0.987220447284345,0.3920265780730897,0.9900332225913622,0.536741214057508,,0.054313099041533544,0.2364217252396166,0.8210862619808307,1.0
2025-05-26,OCC,ORTHOCELL LIMITED ORDINARY,-0.016666666666666666,1.2549999952316284,1.1749999523162842,0.06374505435801148,0.06374505435801148,False,0.0010624175726335245,0.0010624175726335245,0.0001048076923076923,0.0009576098803258323,293.778132,0.1,0.1757188498402556,1.0,0.9401993355481728,0.2364217252396166,,0.2779552715654952,0.15654952076677317,0.20766773162939298,0.07348242811501597
2025-05-26,MMS,MCMILLAN SHAKESPEARE ORDINARY,-0.016666666666666666,14.727999687194824,14.313775062561035,0.02812497511077039,0.02812497511077039,False,0.0004687495851795065,0.0004687495851795065,0.0001048076923076923,0.0003639418928718142,1044.64536,1.58,0.6357827476038339,0.5481727574750831,0.28903654485049834,0.476038338658147,0.215962441314554,0.731629392971246,0.9744408945686901,0.9712460063897763,0.5111821086261981
2025-05-26,OMH,OM HOLDINGS LIMITED ORDINARY,-0.016666666666666666,0.3081481456756592,0.2696296274662018,0.125,0.125,False,0.0020833333333333333,0.0020833333333333333,0.0001048076923076923,0.001978525641025641,282.81949,0.0,0.039936102236421724,0.3687707641196013,0.5282392026578073,0.2268370607028754,,0.30990415335463256,0.3003194888178914,0.6837060702875399,0.7028753993610224
2025-05-26,LOT,LOTUS RESOURCES LTD ORDINARY,-0.016666666666666666,2.3575000762939453,2.242500066757202,0.04878049027151099,0.04878049027151099,False,0.0008130081711918498,0.0008130081711918498,0.0001048076923076923,0.0007082004788841576,393.621079,8.09,0.9488817891373802,0.8438538205980066,0.9501661129568106,0.28753993610223644,,0.134185303514377,0.17891373801916932,0.04472843450479233,0.35782747603833864
2025-05-26,WAF,WEST AFRICAN RES LTD ORDINARY,-0.016666666666666666,2.680000066757202,2.2699999809265137,0.15298510284247424,0.15298510284247424,False,0.0025497517140412374,0.0025497517140412374,0.0001048076923076923,0.002444944021733545,2660.829392,0.39,0.2827476038338658,0.9700996677740864,0.8837209302325582,0.6805111821086262,0.3474178403755869,0.2939297124600639,0.6837060702875399,0.5239616613418531,0.07667731629392971
2025-05-26,PPK,PPK GROUP LIMITED ORDINARY,-0.016666666666666666,0.36500000953674316,0.32499998807907104,0.10958909702068231,0.10958909702068231,False,0.0018264849503447052,0.0018264849503447052,0.0001048076923076923,0.001721677258037013,31.143349,0.1,0.1757188498402556,0.6644518272425249,0.6843853820598007,0.03194888178913738,,0.04792332268370607,0.16613418530351437,0.4249201277955272,0.549520766773163
2025-05-26,PNV,POLYNOVO LIMITED ORDINARY,-0.016666666666666666,1.2999999523162842,1.1950000524520874,0.08076915670428486,0.08076915670428486,False,0.001346152611738081,0.001346152611738081,0.0001048076923076923,0.0012413449194303887,1418.94648,10.62,0.9776357827476039,0.19269102990033224,0.9136212624584718,0.5527156549520766,0.9624413145539906,0.3194888178913738,0.5654952076677316,0.4696485623003195,0.5654952076677316
2025-05-26,PEN,PENINSULA ENERGY LTD ORDINARY,-0.016666666666666666,0.6200000047683716,0.6200000047683716,-0.0,-0.0,False,-0.0,-0.0,0.0001048076923076923,-0.0001048076923076923,124.493618,5.2,0.8753993610223643,0.05647840531561462,0.008305647840531562,0.134185303514377,,0.019169329073482427,0.1757188498402556,0.03514376996805112,0.011182108626198083
2025-05-26,WBT,WEEBIT NANO LTD ORDINARY,-0.016666666666666666,1.8899999856948853,1.625,0.14021163370403633,0.14021163370403633,False,0.002336860561733939,0.002336860561733939,0.0001048076923076923,0.0022320528694262467,681.191488,3.68,0.8115015974440895,0.2159468438538206,0.7740863787375415,0.38977635782747605,,0.28115015974440893,0.07028753993610223,0.0926517571884984,0.11182108626198083
2025-05-26,WEB,WEB TRAVEL GROUP LTD ORDINARY,-0.016666666666666666,4.75,4.449999809265137,0.0631579348915502,0.0631579348915502,False,0.0010526322481925032,0.0010526322481925032,0.0001048076923076923,0.0009478245558848109,1505.441491,5.87,0.9041533546325878,0.3289036544850498,0.3554817275747508,0.5591054313099042,,0.3801916932907348,0.08306709265175719,0.6006389776357828,0.35782747603833864
2025-05-26,TLG,TALGA GROUP LTD ORDINARY,-0.016666666666666666,0.42500001192092896,0.38999998569488525,0.08235300057486927,0.08235300057486927,False,0.0013725500095811546,0.0013725500095811546,0.0001048076923076923,0.0012677423172734624,179.870814,0.13,0.20766773162939298,0.2857142857142857,0.8604651162790697,0.1757188498402556,,0.14057507987220447,0.15335463258785942,0.19808306709265175,0.038338658146964855
2025-05-26,SVL,SILVER MINES LIMITED ORDINARY,-0.016666666666666666,0.0989999994635582,0.11500000208616257,-0.1616161889828489,-0.16,True,-0.0026936031497141483,-0.0026666666666666666,0.0001881410256410256,-0.002854807692307692,120.580086,0.41,0.2971246006389776,0.9136212624584718,0.8205980066445183,0.12779552715654952,,0.28753993610223644,0.2715654952076677,0.023961661341853034,0.06389776357827476
2025-05-26,VUL,VULCAN ENERGY ORDINARY,-0.016666666666666666,4.090000152587891,3.640000104904175,0.1100244574316176,0.1100244574316176,False,0.0018337409571936266,0.0018337409571936266,0.0001048076923076923,0.0017289332648859344,608.192519,4.29,0.8322683706070287,0.6910299003322259,0.6345514950166113,0.36741214057507987,,0.15335463258785942,0.1182108626198083,0.12140575079872204,0.0670926517571885
2025-05-26,SIG,SIGMA HEALTH LTD ORDINARY,-0.016666666666666666,3.113935708999634,2.9557676315307617,0.05079362332746562,0.05079362332746562,False,0.0008465603887910936,0.0008465603887910936,0.0001048076923076923,0.0007417526964834014,4519.322835,3.35,0.792332268370607,0.6943521594684385,0.6677740863787376,0.7667731629392971,,0.19169329073482427,0.22364217252396165,0.3865814696485623,0.9233226837060703
2025-05-26,SBM,ST BARBARA LIMITED ORDINARY,-0.016666666666666666,0.3100000023841858,0.2849999964237213,0.08064517989739162,0.08064517989739162,False,0.0013440863316231935,0.0013440863316231935,0.0001048076923076923,0.0012392786393155013,192.224475,1.24,0.560702875399361,0.9435215946843853,0.627906976744186,0.1853035143769968,,0.012779552715654952,0.11501597444089456,0.13099041533546327,0.15654952076677317
2025-05-26,S32,SOUTH32 LIMITED ORDINARY,-0.016666666666666666,2.9679760932922363,2.8317410945892334,0.04590164961601284,0.04590164961601284,False,0.000765027493600214,0.000765027493600214,0.0001048076923076923,0.0006602198012925218,9145.791296,0.33,0.26198083067092653,0.14285714285714285,0.023255813953488372,0.8594249201277955,0.29107981220657275,0.3610223642172524,0.5335463258785943,0.41214057507987223,0.9041533546325878
2025-05-26,PWH,PWR HOLDINGS LIMITED ORDINARY,-0.016666666666666666,6.743051052093506,6.892233371734619,-0.022123860325037326,-0.022123860325037326,False,-0.00036873100541728876,-0.00036873100541728876,0.0001048076923076923,-0.00047353869772498105,790.646108,6.48,0.9281150159744409,0.23255813953488372,0.4186046511627907,0.4217252396166134,0.9389671361502347,0.3514376996805112,0.5559105431309904,0.46006389776357826,0.134185303514377
2025-05-26,PPT,PERPETUAL LIMITED ORDINARY,-0.016666666666666666,16.601409912109375,16.977432250976562,-0.02265002435684149,-0.02265002435684149,False,-0.0003775004059473582,-0.0003775004059473582,0.0001048076923076923,-0.0004823080982550505,2214.09513,3.18,0.7827476038338658,0.2558139534883721,0.25249169435215946,0.6421725239616614,0.9342723004694836,0.48242811501597443,0.33865814696485624,0.6869009584664537,0.4249201277955272
2025-05-26,SLX,SILEX SYSTEMS ORDINARY,-0.016666666666666666,3.559999942779541,4.21999979019165,-0.18539321854505464,-0.16,True,-0.0030898869757509106,-0.0026666666666666666,0.0001881410256410256,-0.002854807692307692,1199.97595,9.67,0.9648562300319489,0.1362126245847176,0.8637873754152824,0.5111821086261981,,0.4281150159744409,0.09904153354632587,0.11182108626198083,0.9424920127795527
2025-06-30,ASM,AUSSTRATMATERIALS ORDINARY,-0.01694915254237288,0.5049999952316284,0.5450000166893005,-0.07920796403042596,-0.07920796403042596,False,-0.0013425078649224739,-0.0013425078649224739,0.00010658409387222948,-0.0014490919587947034,88.210114,0.74,0.4431818181818182,0.9054054054054054,0.9864864864864865,0.11363636363636363,,0.045454545454545456,0.19805194805194806,0.2727272727272727,0.8798701298701299
2025-06-30,BOE,BOSS ENERGY LTD ORDINARY,-0.01694915254237288,4.670000076293945,1.6799999475479126,0.6402569764236192,0.6402569764236192,False,0.01085181315972236,0.01085181315972236,0.00010658409387222948,0.010745229065850131,1923.526159,14.37,0.9967532467532467,0.9932432432432432,0.722972972972973,0.6103896103896104,,0.37662337662337664,0.21103896103896103,0.05844155844155844,0.07467532467532467
2025-06-30,BMN,BANNERMAN ENERGY LTD ORDINARY,-0.01694915254237288,3.3299999237060547,2.509999990463257,0.24624623184080918,0.24624623184080918,False,0.004173664946454393,0.004173664946454393,0.00010658409387222948,0.0040670808525821635,650.306066,4.08,0.8538961038961039,0.9662162162162162,0.8918918918918919,0.37662337662337664,,0.17857142857142858,0.33766233766233766,0.045454545454545456,0.4512987012987013
2025-06-30,BBN,BABY BUNTING GRP LTD ORDINARY,-0.01694915254237288,1.840000033378601,1.6749999523162842,0.08967395547235091,0.08967395547235091,False,0.001519897550378829,0.001519897550378829,0.00010658409387222948,0.0014133134565065995,248.252731,0.3,0.2775974025974026,0.7567567567567568,0.32432432432432434,0.21753246753246752,0.5230769230769231,0.8766233766233766,0.6558441558441559,0.8831168831168831,0.6363636363636364
2025-06-30,ASL,ANDEAN SILVER ORDINARY,-0.01694915254237288,1.0199999809265137,1.3450000286102295,-0.31862750368730697,-0.16,True,-0.005400466164191643,-0.002711864406779661,0.0001913298565840939,-0.0029031942633637553,161.651779,1.56,0.6136363636363636,0.5540540540540541,0.9256756756756757,0.16233766233766234,,0.10064935064935066,0.06493506493506493,0.14285714285714285,0.22727272727272727
2025-06-30,4DX,4DMEDICAL LIMITED ORDINARY,-0.01694915254237288,0.23999999463558197,0.35499998927116394,-0.4791666550251341,-0.16,True,-0.00812146872923956,-0.002711864406779661,0.0001913298565840939,-0.0029031942633637553,98.499111,0.02,0.11525974025974026,0.125,0.5033783783783784,0.12337662337662338,,0.08116883116883117,0.16558441558441558,0.2532467532467532,0.06818181818181818
2025-06-30,ARB,ARB CORPORATION. ORDINARY,-0.01694915254237288,31.483427047729492,32.50398635864258,-0.03241576304148519,-0.03241576304148519,False,-0.0005494197125675457,-0.0005494197125675457,0.00010658409387222948,-0.0006560038064397751,2716.962786,4.56,0.8701298701298701,0.5574324324324325,0.5844594594594594,0.6785714285714286,0.6410256410256411,0.538961038961039,0.7207792207792207,0.2435064935064935,0.5064935064935064
2025-06-30,APX,APPEN LIMITED ORDINARY,-0.01694915254237288,1.1200000047683716,0.925000011920929,0.17410713572967418,0.17410713572967418,False,0.0029509684021978675,0.0029509684021978675,0.00010658409387222948,0.002844384308325638,194.049224,2.9,0.7727272727272727,0.875,0.9358108108108109,0.18181818181818182,,0.7824675324675324,0.10064935064935066,0.30844155844155846,0.9415584415584416
2025-06-30,AGY,ARGOSY MINERALS LTD ORDINARY,-0.01694915254237288,0.017000000923871994,0.02800000086426735,-0.6470587848585803,-0.16,True,-0.010967098048450512,-0.002711864406779661,0.0001913298565840939,-0.0029031942633637553,24.037184,0.38,0.3051948051948052,0.49324324324324326,0.8513513513513513,0.01948051948051948,,0.1525974025974026,0.17207792207792208,0.07467532467532467,0.4512987012987013
2025-06-30,AD8,AUDINATEGROUPLTD ORDINARY,-0.01694915254237288,7.480000019073486,6.079999923706055,0.18716578767346626,0.18716578767346626,False,0.0031723014859909534,0.0031723014859909534,0.00010658409387222948,0.003065717392118724,622.872884,5.8,0.926948051948052,0.8209459459459459,0.6722972972972973,0.36038961038961037,,0.39285714285714285,0.2662337662337662,0.16558441558441558,0.8084415584415584
2025-06-30,BOT,BOTANIX PHARMA LTD ORDINARY,-0.01694915254237288,0.3199999928474426,0.14499999582767487,0.546875002910383,0.546875002910383,False,0.009269067845938696,0.009269067845938696,0.00010658409387222948,0.009162483752066467,599.378486,4.16,0.8603896103896104,0.07263513513513513,0.7804054054054054,0.3538961038961039,,0.11038961038961038,0.022727272727272728,0.5616883116883117,0.9967532467532467
2025-06-30,ARU,ARAFURA RARE EARTHS ORDINARY,-0.01694915254237288,0.17499999701976776,0.17499999701976776,-0.0,-0.0,False,-0.0,-0.0,0.00010658409387222948,-0.00010658409387222948,379.6254,2.18,0.689935064935065,0.38513513513513514,0.7601351351351351,0.2662337662337662,,0.288961038961039,0.3538961038961039,0.06818181818181818,0.4512987012987013
2025-06-30,BRN,BRAINCHIP LTD ORDINARY,-0.01694915254237288,0.19499999284744263,0.20000000298023224,-0.025641078544558438,-0.025641078544558438,False,-0.0004345945516026854,-0.0004345945516026854,0.00010658409387222948,-0.0005411786454749149,266.855451,2.52,0.737012987012987,0.44932432432432434,0.8581081081081081,0.22727272727272727,,0.20454545454545456,0.02922077922077922,0.25,0.9772727272727273
2025-06-30,FBR,FBR LTD ORDINARY,-0.01694915254237288,0.006000000052154064,0.006000000052154064,-0.0,-0.0,False,-0.0,-0.0,0.00010658409387222948,-0.00010658409387222948,31.989806,0.01,0.09415584415584416,0.19763513513513514,0.9695945945945946,0.03896103896103896,,0.06818181818181818,0.14935064935064934,0.2662337662337662,0.08116883116883117
2025-06-30,CCX,CITY CHIC COLLECTIVE ORDINARY,-0.01694915254237288,0.0820000022649765,0.07999999821186066,0.02439029265698056,0.02439029265698056,False,0.0004133947907962807,0.0004133947907962807,0.00010658409387222948,0.0003068106969240512,29.814201,0.28,0.26785714285714285,0.10135135135135136,0.7533783783783784,0.02922077922077922,,0.525974025974026,0.20454545454545456,0.8116883116883117,0.262987012987013
2025-06-30,CAT,CATAPULT GRP INT LTD ORDINARY,-0.01694915254237288,5.860000133514404,6.550000190734863,-0.11774744735485987,-0.11774744735485987,False,-0.00199571944669254,-0.00199571944669254,0.00010658409387222948,-0.0021023035405647694,914.17006,0.97,0.5,0.9831081081081081,0.7905405405405406,0.43506493506493504,,0.36038961038961037,0.33116883116883117,0.33116883116883117,0.9805194805194806
2025-06-30,IPD,IMPEDIMED LIMITED ORDINARY,-0.01694915254237288,0.03500000014901161,0.04699999839067459,-0.3428570911592368,-0.16,True,-0.005811137138292149,-0.002711864406779661,0.0001913298565840939,-0.0029031942633637553,70.672177,0.65,0.4090909090909091,0.19763513513513514,0.9459459459459459,0.09415584415584416,,0.07142857142857142,0.03571428571428571,0.7435064935064936,0.7564935064935064
2025-06-30,IMU,IMUGENE LIMITED ORDINARY,-0.01694915254237288,0.44200000166893005,0.30000001192092896,0.32126694391816524,0.32126694391816524,False,0.005445202439290937,0.005445202439290937,0.00010658409387222948,0.005338618345418707,97.03107,0.0,0.04220779220779221,0.010135135135135136,0.8243243243243243,0.12012987012987013,,0.006493506493506494,0.045454545454545456,0.461038961038961,0.9707792207792207
2025-06-30,ILU,ILUKA RESOURCES ORDINARY,-0.01694915254237288,3.770328998565674,5.278460502624512,-0.3999999747058065,-0.16,True,-0.006779660588234008,-0.002711864406779661,0.0001913298565840939,-0.0029031942633637553,1649.056603,4.11,0.8571428571428571,0.42567567567567566,0.8344594594594594,0.5714285714285714,0.1076923076923077,0.025974025974025976,0.5616883116883117,0.5,0.7272727272727273
2025-06-30,EML,EML PAYMENTS LTD ORDINARY,-0.01694915254237288,1.1649999618530273,1.059999942779541,0.09012877468809122,0.09012877468809122,False,0.0015276063506456138,0.0015276063506456138,0.00010658409387222948,0.0014210222567733843,447.057264,0.58,0.3814935064935065,0.8918918918918919,0.8040540540540541,0.30194805194805197,,0.9805194805194806,0.05194805194805195,0.5487012987012987,0.04220779220779221
2025-06-30,IGO,IGO LIMITED ORDINARY,-0.01694915254237288,4.170000076293945,4.630000114440918,-0.11031175772922142,-0.11031175772922142,False,-0.0018696908089698545,-0.0018696908089698545,0.00010658409387222948,-0.0019762749028420837,3152.021255,7.59,0.9577922077922078,0.7533783783783784,0.847972972972973,0.7012987012987013,,0.4383116883116883,0.17532467532467533,0.15584415584415584,0.1331168831168831
2025-06-30,CXO,CORE LITHIUM ORDINARY,-0.01694915254237288,0.09799999743700027,0.10000000149011612,-0.020408205157367965,-0.020408205157367965,False,-0.0003459017823282706,-0.0003459017823282706,0.00010658409387222948,-0.0004524858762005001,215.179901,1.62,0.6201298701298701,0.972972972972973,0.9222972972972973,0.2012987012987013,,0.06168831168831169,0.262987012987013,0.13636363636363635,0.9545454545454546
2025-06-30,CXL,CALIX LIMITED ORDINARY,-0.01694915254237288,0.3400000035762787,0.550000011920929,-0.6176470768699183,-0.16,True,-0.010468594523218954,-0.002711864406779661,0.0001913298565840939,-0.0029031942633637553,73.014014,1.0,0.5064935064935064,0.7837837837837838,0.8547297297297297,0.09740259740259741,,0.03571428571428571,0.18181818181818182,0.19480519480519481,0.7012987012987013
2025-06-30,CST,CASTILE RESOURCES ORDINARY,-0.01694915254237288,0.054999999701976776,0.05900000035762787,-0.07272728504228199,-0.07272728504228199,False,-0.001232665848174271,-0.001232665848174271,0.00010658409387222948,-0.0013392499420465005,16.667341,0.0,0.04220779220779221,0.037162162162162164,0.9898648648648649,0.00974025974025974,,0.12012987012987013,0.3181818181818182,0.048701298701298704,0.9642857142857143
2025-06-30,CKF,COLLINS FOODS LTD ORDINARY,-0.01694915254237288,9.035584449768066,9.10649585723877,-0.007848015572752942,-0.007848015572752942,False,-0.0001330172130975075,-0.0001330172130975075,0.00010658409387222948,-0.000239601306969737,971.198222,1.76,0.6542207792207793,0.4797297297297297,0.9662162162162162,0.461038961038961,,0.9155844155844156,0.2694805194805195,0.922077922077922,0.8051948051948052
2025-06-30,CHN,CHALICE MINING LTD ORDINARY,-0.01694915254237288,1.684999942779541,1.6200000047683716,0.03857563217714233,0.03857563217714233,False,0.000653824274188853,0.000653824274188853,0.00010658409387222948,0.0005472401803166236,657.455271,5.43,0.8961038961038961,0.9797297297297297,0.8412162162162162,0.38311688311688313,,0.237012987012987,0.17857142857142858,0.14935064935064934,0.016233766233766232
2025-06-30,KGN,KOGAN.COM LTD ORDINARY,-0.01694915254237288,3.617987632751465,3.6757216453552246,-0.015957493077402685,-0.015957493077402685,False,-0.0002704659843627574,-0.0002704659843627574,0.00010658409387222948,-0.0003770500782349869,383.376984,2.54,0.7435064935064936,0.10810810810810811,0.5101351351351351,0.2694805194805195,,0.2077922077922078,0.01948051948051948,0.4837662337662338,0.11363636363636363
2025-06-30,LIC,LIFESTYLE COMMUNIT. ORDINARY,-0.01694915254237288,7.0,4.389999866485596,0.37285716193062923,0.37285716193062923,False,0.006319612914078462,0.006319612914078462,0.00010658409387222948,0.006213028820206233,847.514976,10.1,0.974025974025974,0.21621621621621623,0.4358108108108108,0.42207792207792205,,0.4967532467532468,0.05844155844155844,0.7564935064935064,0.03571428571428571
2025-06-30,WEB,WEB TRAVEL GROUP LTD ORDINARY,-0.01694915254237288,4.449999809265137,4.400000095367432,0.011235891245119367,0.011235891245119367,False,0.00019043883466304012,0.00019043883466304012,0.00010658409387222948,8.385474079081064e-05,1505.441491,3.68,0.8344155844155844,0.4527027027027027,0.5472972972972973,0.5422077922077922,,0.2727272727272727,0.11038961038961038,0.5811688311688312,0.4512987012987013
2025-06-30,DUB,DUBBER CORP LTD ORDINARY,-0.01694915254237288,0.017999999225139618,0.01899999938905239,-0.05555556705336562,-0.05555556705336562,False,-0.0009416197805655189,-0.0009416197805655189,0.00010658409387222948,-0.0010482038744377483,46.966275,0.19,0.237012987012987,0.016891891891891893,0.4222972972972973,0.05844155844155844,,0.032467532467532464,0.003246753246753247,0.6785714285714286,0.6428571428571429
2025-06-30,PLS,PILBARA MIN LTD ORDINARY,-0.01694915254237288,1.3350000381469727,1.684999942779541,-0.2621722057164737,-0.16,True,-0.004443596707058876,-0.002711864406779661,0.0001913298565840939,-0.0029031942633637553,4208.567569,13.37,0.9902597402597403,0.23986486486486486,0.8614864864864865,0.7467532467532467,,0.18831168831168832,0.2435064935064935,0.41883116883116883,0.1266233766233766
2025-06-30,NEU,NEUREN PHARMACEUT. ORDINARY,-0.01694915254237288,14.109999656677246,17.280000686645508,-0.2246634377817387,-0.16,True,-0.003807854877656588,-0.002711864406779661,0.0001913298565840939,-0.0029031942633637553,1820.508406,5.55,0.9074675324675324,0.9358108108108109,0.8716216216216216,0.5974025974025974,0.8564102564102564,0.814935064935065,0.6266233766233766,0.027597402597402596,0.02922077922077922
2025-06-30,PAR,PARADIGM BIO. ORDINARY,-0.01694915254237288,0.3050000071525574,0.3449999988079071,-0.13114751054855622,-0.13114751054855622,False,-0.002222839161839936,-0.002222839161839936,0.00010658409387222948,-0.002329423255712165,118.775791,0.25,0.25487012987012986,0.4222972972972973,0.6756756756756757,0.13636363636363635,,0.1331168831168831,0.032467532467532464,0.04220779220779221,0.961038961038961
2025-06-30,OCC,ORTHOCELL LIMITED ORDINARY,-0.01694915254237288,1.1749999523162842,1.2450000047683716,-0.059574515142826856,-0.059574515142826856,False,-0.0010097375447936756,-0.0010097375447936756,0.00010658409387222948,-0.001116321638665905,287.146029,0.05,0.1525974025974026,0.06418918918918919,0.668918918918919,0.24025974025974026,,0.262987012987013,0.03896103896103896,0.21753246753246752,0.9448051948051948
2025-06-30,NUF,NUFARM LIMITED ORDINARY,-0.01694915254237288,2.4600000381469727,2.5299999713897705,-0.028455256974518672,-0.028455256974518672,False,-0.0004822924910935368,-0.0004822924910935368,0.00010658409387222948,-0.0005888765849657663,2398.29385,3.48,0.8181818181818182,0.02364864864864865,0.7195945945945946,0.6396103896103896,0.8974358974358975,0.07467532467532467,0.3961038961038961,0.7467532467532467,0.4512987012987013
2025-06-30,MVF,MONASH IVF GROUP LTD ORDINARY,-0.01694915254237288,0.6924666166305542,0.7759555578231812,-0.12056746013096276,-0.12056746013096276,False,-0.0020435162734061484,-0.0020435162734061484,0.00010658409387222948,-0.0021501003672783777,274.702987,2.82,0.762987012987013,0.02027027027027027,0.9087837837837838,0.23376623376623376,0.38974358974358975,0.5422077922077922,0.5324675324675324,0.7532467532467533,0.2564935064935065
2025-06-30,LTR,LIONTOWN RESOURCES ORDINARY,-0.01694915254237288,0.699999988079071,0.8299999833106995,-0.18571428206502172,-0.16,True,-0.0031476996960173175,-0.002711864406779661,0.0001913298565840939,-0.0029031942633637553,1610.970927,12.37,0.987012987012987,0.9459459459459459,0.7128378378378378,0.5616883116883117,,0.21428571428571427,0.06818181818181818,0.8798701298701299,0.9512987012987013
2025-06-30,MME,MONEYME LIMITED ORDINARY,-0.01694915254237288,0.1599999964237213,0.14499999582767487,0.0937500058207662,0.0937500058207662,False,0.0015889831495045118,0.0015889831495045118,0.00010658409387222948,0.0014823990556322823,128.483308,0.0,0.04220779220779221,0.8885135135135135,0.875,0.14935064935064934,,1.0,0.09740259740259741,0.9967532467532467,0.003246753246753247
2025-06-30,MIN,MINERAL RESOURCES. ORDINARY,-0.01694915254237288,21.559999465942383,30.760000228881836,-0.42671618695874236,-0.16,True,-0.0072324777450634295,-0.002711864406779661,0.0001913298565840939,-0.0029031942633637553,4244.833312,13.76,0.9935064935064936,0.7668918918918919,0.956081081081081,0.7532467532467533,,0.05844155844155844,0.25,0.9155844155844156,0.2824675324675325
2025-06-30,MCP,MCPHERSON'S LTD ORDINARY,-0.01694915254237288,0.25,0.30000001192092896,-0.20000004768371582,-0.16,True,-0.0033898313166731493,-0.002711864406779661,0.0001913298565840939,-0.0029031942633637553,31.937738,0.02,0.11525974025974026,0.14864864864864866,0.7837837837837838,0.03571428571428571,,0.4448051948051948,0.10714285714285714,0.3051948051948052,0.3051948051948052
2025-06-30,MAD,MADER GROUP LIMITED ORDINARY,-0.01694915254237288,6.691405296325684,7.049340724945068,-0.05349181715475093,-0.05349181715475093,False,-0.0009066409687245921,-0.0009066409687245921,0.00010658409387222948,-0.0010132250625968216,1358.61875,0.84,0.4772727272727273,0.6722972972972973,0.7094594594594594,0.5194805194805194,0.517948717948718,0.487012987012987,0.935064935064935,0.41233766233766234,0.762987012987013
2025-06-30,PDN,PALADIN ENERGY LTD ORDINARY,-0.01694915254237288,8.069999694824219,6.300000190734863,0.21933080186168574,0.21933080186168574,False,0.0037174712179946735,0.0037174712179946735,0.00010658409387222948,0.0036108871241224442,1869.35984,16.23,1.0,0.9864864864864865,0.6216216216216216,0.6038961038961039,,0.30194805194805197,0.22727272727272727,0.44155844155844154,0.8733766233766234
2025-06-30,MSB,MESOBLAST LIMITED ORDINARY,-0.01694915254237288,1.6549999713897705,2.369999885559082,-0.4320241247913117,-0.16,True,-0.00732244279307308,-0.002711864406779661,0.0001913298565840939,-0.0029031942633637553,1390.637403,6.21,0.9383116883116883,0.24324324324324326,0.9324324324324325,0.525974025974026,,0.24675324675324675,0.22402597402597402,0.4383116883116883,0.4512987012987013
2025-06-30,PEN,PENINSULA ENERGY LTD ORDINARY,-0.01694915254237288,0.6200000047683716,0.6200000047683716,-0.0,-0.0,False,-0.0,-0.0,0.00010658409387222948,-0.00010658409387222948,87.962504,5.19,0.8863636363636364,0.3716216216216216,0.008445945945945946,0.11038961038961038,,0.30194805194805197,0.2564935064935065,0.03896103896103896,0.4512987012987013
2025-06-30,LOT,LOTUS RESOURCES LTD ORDINARY,-0.01694915254237288,2.242500066757202,1.7825000286102295,0.2051282160326363,0.2051282160326363,False,0.0034767494242819714,0.0034767494242819714,0.00010658409387222948,0.003370165330409742,456.352832,7.92,0.9642857142857143,0.847972972972973,0.7162162162162162,0.31493506493506496,,0.09740259740259741,0.30194805194805197,0.07792207792207792,0.4512987012987013
2025-06-30,PPE,PEOPLEIN LIMITED ORDINARY,-0.01694915254237288,0.7350000143051147,0.6399999856948853,0.12925173709016136,0.12925173709016136,False,0.0021907074083078195,0.0021907074083078195,0.00010658409387222948,0.00208412331443559,78.103246,0.05,0.1525974025974026,0.08445945945945946,0.6959459459459459,0.1038961038961039,,0.9545454545454546,0.19480519480519481,0.7694805194805194,0.21753246753246752
2025-06-30,SLX,SILEX SYSTEMS ORDINARY,-0.01694915254237288,4.21999979019165,4.360000133514404,-0.03317543845574367,-0.03317543845574367,False,-0.0005622955670465028,-0.0005622955670465028,0.00010658409387222948,-0.0006688796609187323,1002.246809,11.28,0.9805194805194806,0.8817567567567568,0.8817567567567568,0.4707792207792208,,0.3344155844155844,0.08116883116883117,0.12012987012987013,0.048701298701298704
2025-06-30,LOV,LOVISA HOLDINGS LTD ORDINARY,-0.01694915254237288,30.708539962768555,32.76353073120117,-0.06691919482085806,-0.06691919482085806,False,-0.0011342236410314926,-0.0011342236410314926,0.00010658409387222948,-0.001240807734903722,3509.733427,3.51,0.8214285714285714,0.918918918918919,0.8074324324324325,0.7207792207792207,0.8512820512820513,0.44805194805194803,0.9772727272727273,0.9772727272727273,0.3116883116883117
2025-06-30,WBT,WEEBIT NANO LTD ORDINARY,-0.01694915254237288,1.625,2.2699999809265137,-0.3969230651855469,-0.16,True,-0.006727509579416049,-0.002711864406779661,0.0001913298565840939,-0.0029031942633637553,339.718803,3.19,0.7954545454545454,0.4391891891891892,0.8682432432432432,0.2532467532467532,,0.19155844155844157,0.12012987012987013,0.11363636363636363,0.9902597402597403
2025-06-30,WAF,WEST AFRICAN RES LTD ORDINARY,-0.01694915254237288,2.2699999809265137,2.3299999237060547,-0.026431693076513385,-0.026431693076513385,False,-0.00044799479790700653,-0.00044799479790700653,0.00010658409387222948,-0.000554578891779236,2603.483931,1.09,0.5227272727272727,0.38175675675675674,0.7432432432432432,0.6655844155844156,0.31794871794871793,0.22402597402597402,0.7337662337662337,0.5032467532467533,0.4512987012987013
2025-06-30,TTT,TITOMIC LIMITED ORDINARY,-0.01694915254237288,0.30000001192092896,0.2549999952316284,0.15000004967053537,0.15000004967053537,False,0.002542373723229413,0.002542373723229413,0.00010658409387222948,0.002435789629357184,363.689311,0.02,0.11525974025974026,0.9527027027027027,0.6081081081081081,0.2597402597402597,,0.13636363636363635,0.016233766233766232,0.775974025974026,0.9123376623376623
2025-06-30,TOE,TORO ENERGY LIMITED ORDINARY,-0.01694915254237288,0.19499999284744263,0.1899999976158142,0.025641002128344415,0.025641002128344415,False,0.0004345932564126172,0.0004345932564126172,0.00010658409387222948,0.0003280091625403877,23.455051,0.0,0.04220779220779221,0.777027027027027,0.8851351351351351,0.016233766233766232,,0.08441558441558442,0.08766233766233766,0.10064935064935066,0.4512987012987013
2025-06-30,VUL,VULCAN ENERGY ORDINARY,-0.01694915254237288,3.640000104904175,3.8399999141693115,-0.05494500096186172,-0.05494500096186172,False,-0.0009312712027434191,-0.0009312712027434191,0.00010658409387222948,-0.0010378552966156486,528.207797,4.54,0.8668831168831169,0.11148648648648649,0.9054054054054054,0.33766233766233766,,0.11363636363636363,0.2077922077922078,0.1396103896103896,0.7045454545454546
2025-06-30,TER,TERRACOM LTD ORDINARY,-0.01694915254237288,0.07100000232458115,0.07699999958276749,-0.08450700086961915,-0.08450700086961915,False,-0.0014323220486376128,-0.0014323220486376128,0.00010658409387222948,-0.0015389061425098423,57.153087,0.3,0.2775974025974026,0.12162162162162163,0.9966216216216216,0.07792207792207792,,0.9383116883116883,0.07467532467532467,0.2857142857142857,0.6006493506493507
2025-06-30,SIG,SIGMA HEALTH LTD ORDINARY,-0.01694915254237288,2.9557676315307617,2.837141275405884,0.040133857228635605,0.040133857228635605,False,0.0006802348682819594,0.0006802348682819594,0.00010658409387222948,0.0005736507744097299,4519.322835,3.35,0.8116883116883117,0.2939189189189189,0.543918918918919,0.775974025974026,,0.16233766233766234,0.2857142857142857,0.37987012987012986,0.9383116883116883
2025-06-30,SGR,THE STAR ENT GRP ORDINARY,-0.01694915254237288,0.13500000536441803,0.08500000089406967,0.3703703887668649,0.3703703887668649,False,0.006277464216387541,0.006277464216387541,0.00010658409387222948,0.006170880122515311,385.993897,3.0,0.7857142857142857,0.6858108108108109,0.902027027027027,0.275974025974026,,0.00974025974025974,0.05519480519480519,0.8863636363636364,0.5357142857142857
2025-06-30,REH,REECE LIMITED ORDINARY,-0.01694915254237288,14.150374412536621,12.907902717590332,0.08780486358336304,0.08780486358336304,False,0.0014882180268366617,0.0014882180268366617,0.00010658409387222948,0.0013816339329644322,9269.872997,3.24,0.801948051948052,0.13851351351351351,0.793918918918919,0.8668831168831169,0.6974358974358974,0.551948051948052,0.5454545454545454,0.6396103896103896,0.6103896103896104
2025-06-30,PWH,PWR HOLDINGS LIMITED ORDINARY,-0.01694915254237288,6.892233371734619,7.6779279708862305,-0.11399709742473063,-0.11399709742473063,False,-0.0019321541936395022,-0.0019321541936395022,0.00010658409387222948,-0.0020387382875117314,696.907896,7.82,0.961038961038961,0.41216216216216217,0.8783783783783784,0.38961038961038963,0.8666666666666667,0.2305194805194805,0.698051948051948,0.698051948051948,0.6753246753246753
2025-06-30,TLG,TALGA GROUP LTD ORDINARY,-0.01694915254237288,0.38999998569488525,0.45500001311302185,-0.16666674308288076,-0.16,True,-0.0028248600522522162,-0.002711864406779661,0.0001913298565840939,-0.0029031942633637553,169.039772,0.26,0.26136363636363635,0.2533783783783784,0.9391891891891891,0.16883116883116883,,0.1038961038961039,0.07142857142857142,0.18506493506493507,0.9577922077922078
2025-07-28,ARU,ARAFURA RARE EARTHS ORDINARY,-0.01694915254237288,0.18000000715255737,0.19499999284744263,-0.08333325054910778,-0.08333325054910778,False,-0.0014124279754086065,-0.0014124279754086065,0.00010658409387222948,-0.001519012069280836,379.6254,3.16,0.7847682119205298,0.18088737201365188,0.962457337883959,0.25496688741721857,,0.2814569536423841,0.3443708609271523,0.06622516556291391,0.4552980132450331
2025-07-28,BET,BETMAKERS TECH GROUP ORDINARY,-0.01694915254237288,0.125,0.17000000178813934,-0.36000001430511475,-0.16,True,-0.006101695157713809,-0.002711864406779661,0.0001913298565840939,-0.0029031942633637553,96.981086,0.37,0.3228476821192053,0.7235494880546075,0.9283276450511946,0.11258278145695365,,0.8377483443708609,0.152317880794702,0.16225165562913907,0.6456953642384106
2025-07-28,BAP,BAPCOR LIMITED ORDINARY,-0.01694915254237288,3.6971747875213623,3.667518377304077,0.008021370890383905,0.008021370890383905,False,0.0001359554388200662,0.0001359554388200662,0.00010658409387222948,2.9371344947836707e-05,1697.166705,2.46,0.7284768211920529,0.040955631399317405,0.931740614334471,0.5794701986754967,,0.3708609271523179,0.30132450331125826,0.7682119205298014,0.2814569536423841
2025-07-28,ASM,AUSSTRATMATERIALS ORDINARY,-0.01694915254237288,0.5899999737739563,0.6050000190734863,-0.025423806722535414,-0.025423806722535414,False,-0.00043091197834805786,-0.00043091197834805786,0.00010658409387222948,-0.0005374960722202873,88.210114,0.49,0.35927152317880795,0.08532423208191127,0.9453924914675768,0.10927152317880795,,0.039735099337748346,0.19205298013245034,0.27483443708609273,0.8807947019867549
2025-07-28,ARB,ARB CORPORATION. ORDINARY,-0.01694915254237288,33.82301712036133,38.11505889892578,-0.12689707021969543,-0.12689707021969543,False,-0.0021507978003338208,-0.0021507978003338208,0.00010658409387222948,-0.00225738189420605,2716.962786,4.68,0.8708609271523179,0.5563139931740614,0.3412969283276451,0.6721854304635762,0.6391752577319587,0.543046357615894,0.7119205298013245,0.24834437086092714,0.5066225165562914
2025-07-28,LIC,LIFESTYLE COMMUNIT. ORDINARY,-0.01694915254237288,4.639999866485596,5.480000019073486,-0.18103452085314808,-0.16,True,-0.003068381709375391,-0.002711864406779661,0.0001913298565840939,-0.0029031942633637553,847.514976,11.8,0.9801324503311258,0.020477815699658702,0.9726962457337884,0.4105960264900662,,0.5,0.059602649006622516,0.7582781456953642,0.03642384105960265
2025-07-28,AGY,ARGOSY MINERALS LTD ORDINARY,-0.01694915254237288,0.028999999165534973,0.035999998450279236,-0.24137929262644287,-0.16,True,-0.004091174451295642,-0.002711864406779661,0.0001913298565840939,-0.0029031942633637553,24.037184,0.32,0.2947019867549669,0.9590443686006825,0.9829351535836177,0.019867549668874173,,0.1456953642384106,0.16887417218543047,0.0728476821192053,0.4552980132450331
2025-07-28,AD8,AUDINATEGROUPLTD ORDINARY,-0.01694915254237288,6.380000114440918,4.570000171661377,0.2836990455035677,0.2836990455035677,False,0.004808458398365555,0.004808458398365555,0.00010658409387222948,0.0047018743044933255,622.872884,4.82,0.8841059602649006,0.4061433447098976,0.757679180887372,0.347682119205298,,0.39403973509933776,0.2582781456953642,0.16887417218543047,0.8112582781456954
2025-07-28,ABY,ADORE BEAUTY ORDINARY,-0.01694915254237288,0.7699999809265137,1.0299999713897705,-0.33766233364111,-0.16,True,-0.00572309040069678,-0.002711864406779661,0.0001913298565840939,-0.0029031942633637553,62.505299,0.84,0.46357615894039733,0.39590443686006827,0.43686006825938567,0.07947019867549669,0.9639175257731959,0.7185430463576159,0.3708609271523179,0.4768211920529801,0.25165562913907286
2025-07-28,4DX,4DMEDICAL LIMITED ORDINARY,-0.01694915254237288,0.23999999463558197,0.7749999761581421,-2.229166639503091,-0.16,True,-0.03778248541530663,-0.002711864406779661,0.0001913298565840939,-0.0029031942633637553,98.499111,0.03,0.12582781456953643,0.06484641638225255,0.8327645051194539,0.11920529801324503,,0.0728476821192053,0.16225165562913907,0.2582781456953642,0.0695364238410596
2025-07-28,BMN,BANNERMAN ENERGY LTD ORDINARY,-0.01694915254237288,2.759999990463257,2.9700000286102295,-0.07608697060601255,-0.07608697060601255,False,-0.0012896096712883482,-0.0012896096712883482,0.00010658409387222948,-0.0013961937651605777,650.306066,3.7,0.8129139072847682,0.4539249146757679,0.8430034129692833,0.36423841059602646,,0.17218543046357615,0.32781456953642385,0.04304635761589404,0.4552980132450331
2025-07-28,APX,APPEN LIMITED ORDINARY,-0.01694915254237288,1.159999966621399,0.9200000166893005,0.20689651451552982,0.20689651451552982,False,0.00350672058500898,0.00350672058500898,0.00010658409387222948,0.003400136491136751,194.049224,5.26,0.902317880794702,0.9112627986348123,0.7610921501706485,0.17218543046357615,,0.7880794701986755,0.10264900662251655,0.3079470198675497,0.9403973509933775
2025-07-28,BOE,BOSS ENERGY LTD ORDINARY,-0.01694915254237288,1.9049999713897705,1.9950000047683716,-0.047244112719299736,-0.047244112719299736,False,-0.0008007476732084701,-0.0008007476732084701,0.00010658409387222948,-0.0009073317670806996,1923.526159,18.83,1.0,0.017064846416382253,0.9795221843003413,0.6059602649006622,,0.37748344370860926,0.20198675496688742,0.056291390728476824,0.076158940397351
2025-07-28,EXR,ELIXIR ENERGY LTD ORDINARY,-0.01694915254237288,0.03400000184774399,0.03999999910593033,-0.17647049800335401,-0.16,True,-0.0029910253898873564,-0.002711864406779661,0.0001913298565840939,-0.0029031942633637553,33.853249,0.0,0.04304635761589404,0.8464163822525598,0.8498293515358362,0.039735099337748346,,0.10927152317880795,0.009933774834437087,0.026490066225165563,0.4552980132450331
2025-07-28,BRG,BREVILLE GROUP LTD ORDINARY,-0.01694915254237288,32.583927154541016,32.46544647216797,0.0036361695080863177,0.0036361695080863177,False,6.162999166247996e-05,6.162999166247996e-05,0.00010658409387222948,-4.4954102209749525e-05,4244.863764,5.93,0.9304635761589404,0.6416382252559727,0.49829351535836175,0.7483443708609272,0.8350515463917526,0.652317880794702,0.5728476821192053,0.347682119205298,0.09271523178807947
2025-07-28,BOT,BOTANIX PHARMA LTD ORDINARY,-0.01694915254237288,0.16500000655651093,0.14499999582767487,0.12121218141883072,0.12121218141883072,False,0.002054443752861538,0.002054443752861538,0.00010658409387222948,0.0019478596589893084,599.378486,3.65,0.8079470198675497,0.006825938566552901,0.9897610921501706,0.34105960264900664,,0.10264900662251655,0.023178807947019868,0.5629139072847682,0.9966887417218543
2025-07-28,IMU,IMUGENE LIMITED ORDINARY,-0.01694915254237288,0.29499998688697815,0.2849999964237213,0.03389827426361236,0.03389827426361236,False,0.0005745470214171586,0.0005745470214171586,0.00010658409387222948,0.00046796292754492915,97.03107,3.13,0.7814569536423841,0.0034129692832764505,0.8907849829351536,0.11589403973509933,,0.006622516556291391,0.046357615894039736,0.46357615894039733,0.9701986754966887
2025-07-28,ILU,ILUKA RESOURCES ORDINARY,-0.01694915254237288,5.199084758758545,6.2706522941589355,-0.20610695634365128,-0.16,True,-0.0034933382431127334,-0.002711864406779661,0.0001913298565840939,-0.0029031942633637553,1649.056603,6.49,0.9403973509933775,0.8088737201365188,0.9249146757679181,0.5662251655629139,0.10824742268041238,0.023178807947019868,0.5529801324503312,0.5033112582781457,0.7284768211920529
2025-07-28,IGO,IGO LIMITED ORDINARY,-0.01694915254237288,5.0,5.119999885559082,-0.02399997711181645,-0.02399997711181645,False,-0.00040677927308163474,-0.00040677927308163474,0.00010658409387222948,-0.0005133633669538642,3152.021255,6.76,0.9437086092715232,0.7952218430034129,0.7167235494880546,0.695364238410596,,0.44039735099337746,0.17218543046357615,0.15894039735099338,0.13245033112582782
2025-07-28,EML,EML PAYMENTS LTD ORDINARY,-0.01694915254237288,1.1349999904632568,1.090000033378601,0.03964753961477019,0.03964753961477019,False,0.0006719921968605117,0.0006719921968605117,0.00010658409387222948,0.0005654081029882822,447.057264,0.98,0.5016556291390728,0.6723549488054608,0.6518771331058021,0.2947019867549669,,0.9834437086092715,0.052980132450331126,0.5496688741721855,0.04304635761589404
2025-07-28,IPD,IMPEDIMED LIMITED ORDINARY,-0.01694915254237288,0.052000001072883606,0.039000000804662704,0.25,0.25,False,0.00423728813559322,0.00423728813559322,0.00010658409387222948,0.004130704041720991,70.672177,0.65,0.4271523178807947,0.962457337883959,0.9488054607508533,0.08940397350993377,,0.06291390728476821,0.03642384105960265,0.7450331125827815,0.7582781456953642
2025-07-28,DUB,DUBBER CORP LTD ORDINARY,-0.01694915254237288,0.019999999552965164,0.019999999552965164,-0.0,-0.0,False,-0.0,-0.0,0.00010658409387222948,-0.00010658409387222948,46.966275,0.24,0.2533112582781457,0.013651877133105802,0.7133105802047781,0.052980132450331126,,0.029801324503311258,0.0033112582781456954,0.6788079470198676,0.6423841059602649
2025-07-28,CXL,CALIX LIMITED ORDINARY,-0.01694915254237288,0.5950000286102295,0.4399999976158142,0.2605042412459314,0.2605042412459314,False,0.004415326122812397,0.004415326122812397,0.00010658409387222948,0.004308742028940168,73.014014,0.96,0.4900662251655629,0.9385665529010239,0.7406143344709898,0.09271523178807947,,0.033112582781456956,0.17880794701986755,0.20198675496688742,0.7019867549668874
2025-07-28,CCX,CITY CHIC COLLECTIVE ORDINARY,-0.01694915254237288,0.09200000017881393,0.10000000149011612,-0.08695653582340368,-0.08695653582340368,False,-0.001473839590227181,-0.001473839590227181,0.00010658409387222948,-0.0015804236840994104,29.814201,0.17,0.22185430463576158,0.5324232081911263,0.6348122866894198,0.029801324503311258,,0.5298013245033113,0.19536423841059603,0.8145695364238411,0.2682119205298013
2025-07-28,CAT,CATAPULT GRP INT LTD ORDINARY,-0.01694915254237288,6.400000095367432,5.989999771118164,0.06406254970934167,0.06406254970934167,False,0.0010858059272769774,0.0010858059272769774,0.00010658409387222948,0.000979221833404748,914.17006,0.86,0.47516556291390727,0.9795221843003413,0.5392491467576792,0.423841059602649,,0.3609271523178808,0.3211920529801324,0.3344370860927152,0.9801324503311258
2025-07-28,BRN,BRAINCHIP LTD ORDINARY,-0.01694915254237288,0.2150000035762787,0.20000000298023224,0.0697674434722727,0.0697674434722727,False,0.0011824990419029271,0.0011824990419029271,0.00010658409387222948,0.0010759149480306976,266.855451,3.05,0.7715231788079471,0.19112627986348124,0.7815699658703071,0.2119205298013245,,0.19536423841059603,0.029801324503311258,0.25496688741721857,0.9768211920529801
2025-07-28,KGN,KOGAN.COM LTD ORDINARY,-0.01694915254237288,3.829678535461426,3.810433864593506,0.005025140018860896,0.005025140018860896,False,8.517186472645587e-05,8.517186472645587e-05,0.00010658409387222948,-2.141222914577361e-05,383.376984,2.4,0.7251655629139073,0.09556313993174062,0.35494880546075086,0.2582781456953642,,0.1986754966887417,0.019867549668874173,0.4900662251655629,0.11258278145695365
2025-07-28,ASL,ANDEAN SILVER ORDINARY,-0.01694915254237288,1.350000023841858,1.6100000143051147,-0.1925925821270309,-0.16,True,-0.0032642810530005236,-0.002711864406779661,0.0001913298565840939,-0.0029031942633637553,161.651779,1.0,0.5132450331125827,0.931740614334471,0.9351535836177475,0.152317880794702,,0.09271523178807947,0.06622516556291391,0.1456953642384106,0.23178807947019867
2025-07-28,EGR,ECOGRAF LIMITED ORDINARY,-0.01694915254237288,0.32499998807907104,0.32499998807907104,-0.0,-0.0,False,-0.0,-0.0,0.00010658409387222948,-0.00010658409387222948,122.93478,0.07,0.16556291390728478,0.7508532423208191,0.9658703071672355,0.1291390728476821,,0.2781456953642384,0.18211920529801323,0.09271523178807947,0.4552980132450331
2025-07-28,LKE,LAKE RESOURCES ORDINARY,-0.01694915254237288,0.039000000804662704,0.03099999949336052,0.20512823451905504,0.20512823451905504,False,0.0034767497376111023,0.0034767497376111023,0.00010658409387222948,0.003370165643738873,45.988486,0.56,0.39403973509933776,0.6245733788395904,0.8464163822525598,0.04966887417218543,,0.016556291390728478,0.1490066225165563,0.12251655629139073,0.033112582781456956
2025-07-28,PEN,PENINSULA ENERGY LTD ORDINARY,-0.01694915254237288,0.6200000047683716,0.3499999940395355,0.4354838849230437,0.4354838849230437,False,0.007381082795305825,0.007381082795305825,0.00010658409387222948,0.007274498701433596,87.962504,5.19,0.8940397350993378,0.26109215017064846,0.008532423208191127,0.10596026490066225,,0.2947019867549669,0.24834437086092714,0.03642384105960265,0.4552980132450331
2025-07-28,WEB,WEB TRAVEL GROUP LTD ORDINARY,-0.01694915254237288,4.630000114440918,4.349999904632568,0.060475205807237864,0.060475205807237864,False,0.001025003488258269,0.001025003488258269,0.00010658409387222948,0.0009184193943860394,1505.441491,2.93,0.7549668874172185,0.552901023890785,0.5699658703071673,0.5331125827814569,,0.26490066225165565,0.11258278145695365,0.5827814569536424,0.4552980132450331
2025-07-28,NEU,NEUREN PHARMACEUT. ORDINARY,-0.01694915254237288,16.479999542236328,19.190000534057617,-0.1644418123238336,-0.16,True,-0.0027871493614209084,-0.002711864406779661,0.0001913298565840939,-0.0029031942633637553,1820.508406,4.79,0.8758278145695364,0.8737201365187713,0.5733788395904437,0.5927152317880795,0.8556701030927835,0.8211920529801324,0.6158940397350994,0.026490066225165563,0.029801324503311258
2025-07-28,OCC,ORTHOCELL LIMITED ORDINARY,-0.01694915254237288,1.3450000286102295,1.159999966621399,0.13754651156400988,0.13754651156400988,False,0.002331296806169659,0.002331296806169659,0.00010658409387222948,0.0022247127122974296,287.146029,0.04,0.1390728476821192,0.08873720136518772,0.764505119453925,0.2251655629139073,,0.25165562913907286,0.039735099337748346,0.2251655629139073,0.9437086092715232
2025-07-28,NXL,NUIX LIMITED ORDINARY,-0.01694915254237288,2.4200000762939453,2.5399999618530273,-0.049586728006576486,-0.049586728006576486,False,-0.0008404530170606184,-0.0008404530170606184,0.00010658409387222948,-0.0009470371109328479,45682.631577,2.78,0.7483443708609272,0.310580204778157,0.825938566552901,0.9602649006622517,1.0,0.3079470198675497,0.3741721854304636,0.17218543046357615,0.7417218543046358
2025-07-28,NUF,NUFARM LIMITED ORDINARY,-0.01694915254237288,2.680000066757202,2.440000057220459,0.0895522401337635,0.0895522401337635,False,0.0015178345785383646,0.0015178345785383646,0.00010658409387222948,0.001411250484666135,2398.29385,2.49,0.7317880794701986,0.034129692832764506,0.5494880546075085,0.6357615894039735,0.8969072164948454,0.06622516556291391,0.38741721854304634,0.7483443708609272,0.4552980132450331
2025-07-28,MVP,MEDICAL DEVELOPMENTS ORDINARY,-0.01694915254237288,0.6650000214576721,0.5699999928474426,0.14285718127044655,0.14285718127044655,False,0.0024213081571262127,0.0024213081571262127,0.00010658409387222948,0.0023147240632539834,60.725551,0.0,0.04304635761589404,0.46757679180887374,0.6825938566552902,0.076158940397351,,0.3543046357615894,0.34105960264900664,0.2152317880794702,0.2947019867549669
2025-07-28,M7T,MACH7 TECH LIMITED ORDINARY,-0.01694915254237288,0.4350000023841858,0.3050000071525574,0.29885056211290384,0.29885056211290384,False,0.005065263764625489,0.005065263764625489,0.00010658409387222948,0.00495867967075326,78.872184,0.1,0.1837748344370861,0.7986348122866894,0.7372013651877133,0.10264900662251655,,0.6556291390728477,0.15562913907284767,0.19536423841059603,0.18543046357615894
2025-07-28,MSB,MESOBLAST LIMITED ORDINARY,-0.01694915254237288,2.490000009536743,2.0199999809265137,0.18875503084743828,0.18875503084743828,False,0.0031992378109735303,0.0031992378109735303,0.00010658409387222948,0.003092653717101301,1390.637403,5.75,0.9271523178807947,0.9146757679180887,0.9590443686006825,0.5165562913907285,,0.23509933774834438,0.2152317880794702,0.44370860927152317,0.4552980132450331
2025-07-28,MIN,MINERAL RESOURCES. ORDINARY,-0.01694915254237288,30.239999771118164,36.86000061035156,-0.21891537332470734,-0.16,True,-0.003710430056350972,-0.002711864406779661,0.0001913298565840939,-0.0029031942633637553,4244.833312,12.92,0.9867549668874173,0.9419795221843004,0.7508532423208191,0.7450331125827815,,0.052980132450331126,0.24172185430463577,0.9139072847682119,0.28807947019867547
2025-07-28,MCP,MCPHERSON'S LTD ORDINARY,-0.01694915254237288,0.32499998807907104,0.26499998569488525,0.18461539872299337,0.18461539872299337,False,0.003129074554627006,0.003129074554627006,0.00010658409387222948,0.003022490460754777,31.937738,0.02,0.10927152317880795,0.764505119453925,0.78839590443686,0.03642384105960265,,0.4470198675496689,0.10927152317880795,0.304635761589404,0.31125827814569534
2025-07-28,PAR,PARADIGM BIO. ORDINARY,-0.01694915254237288,0.4000000059604645,0.2800000011920929,0.30000000745058053,0.30000000745058053,False,0.0050847458889928905,0.0050847458889928905,0.00010658409387222948,0.004978161795120661,118.775791,0.19,0.22682119205298013,0.863481228668942,0.9692832764505119,0.12582781456953643,,0.12582781456953643,0.033112582781456956,0.039735099337748346,0.9602649006622517
2025-07-28,MVF,MONASH IVF GROUP LTD ORDINARY,-0.01694915254237288,0.7906888723373413,0.6924666166305542,0.12422364743345138,0.12422364743345138,False,0.002105485549719515,0.002105485549719515,0.00010658409387222948,0.0019989014558472857,274.702987,4.51,0.8642384105960265,0.19795221843003413,0.5085324232081911,0.2185430463576159,0.37628865979381443,0.5463576158940397,0.5231788079470199,0.7549668874172185,0.26158940397350994
2025-07-28,PDN,PALADIN ENERGY LTD ORDINARY,-0.01694915254237288,6.909999847412109,8.079999923706055,-0.16931984111868337,-0.16,True,-0.0028698278155709044,-0.002711864406779661,0.0001913298565840939,-0.0029031942633637553,1869.35984,17.49,0.9966887417218543,0.5460750853242321,0.9044368600682594,0.5993377483443708,,0.2947019867549669,0.2185430463576159,0.4470198675496689,0.8741721854304636
2025-07-28,MME,MONEYME LIMITED ORDINARY,-0.01694915254237288,0.13750000298023224,0.12999999523162842,0.05454550971669481,0.05454550971669481,False,0.0009245001646897425,0.0009245001646897425,0.00010658409387222948,0.000817916070817513,128.483308,0.0,0.04304635761589404,0.22866894197952217,0.36860068259385664,0.1390728476821192,,1.0,0.09933774834437085,0.9966887417218543,0.0033112582781456954
2025-07-28,PLS,PILBARA MIN LTD ORDINARY,-0.01694915254237288,1.7000000476837158,2.430000066757202,-0.4294117638809045,-0.16,True,-0.0072781654895068566,-0.002711864406779661,0.0001913298565840939,-0.0029031942633637553,4208.567569,15.93,0.9933774834437086,0.6450511945392492,0.8191126279863481,0.7384105960264901,,0.17880794701986755,0.23509933774834438,0.423841059602649,0.12582781456953643
2025-07-28,SLX,SILEX SYSTEMS ORDINARY,-0.01694915254237288,4.820000171661377,4.090000152587891,0.15145228072095007,0.15145228072095007,False,0.0025669878088296623,0.0025669878088296623,0.00010658409387222948,0.002460403714957433,1002.246809,11.56,0.9768211920529801,0.9658703071672355,0.6860068259385665,0.4602649006622517,,0.3344370860927152,0.08278145695364239,0.11920529801324503,0.04966887417218543
2025-07-28,WBT,WEEBIT NANO LTD ORDINARY,-0.01694915254237288,2.119999885559082,2.680000066757202,-0.26415104312632454,-0.16,True,-0.004477136324174992,-0.002711864406779661,0.0001913298565840939,-0.0029031942633637553,339.718803,3.17,0.7880794701986755,0.7303754266211604,0.9146757679180887,0.24172185430463577,,0.18211920529801323,0.12251655629139073,0.11258278145695365,0.9900662251655629
2025-07-28,WAF,WEST AFRICAN RES LTD ORDINARY,-0.01694915254237288,2.2899999618530273,3.0399999618530273,-0.32751092248626645,-0.16,True,-0.005551032584512991,-0.002711864406779661,0.0001913298565840939,-0.0029031942633637553,2603.483931,1.11,0.5281456953642384,0.27986348122866894,0.4300341296928328,0.6589403973509934,0.30927835051546393,0.2119205298013245,0.7251655629139073,0.5066225165562914,0.4552980132450331
2025-07-28,VUL,VULCAN ENERGY ORDINARY,-0.01694915254237288,3.950000047683716,4.03000020980835,-0.02025320535667996,-0.02025320535667996,False,-0.0003432746670623722,-0.0003432746670623722,0.00010658409387222948,-0.0004498587609346017,528.207797,4.79,0.8758278145695364,0.09897610921501707,0.7952218430034129,0.32450331125827814,,0.10596026490066225,0.1986754966887417,0.1390728476821192,0.7052980132450332
2025-07-28,TTT,TITOMIC LIMITED ORDINARY,-0.01694915254237288,0.2849999964237213,0.25,0.1228070065365382,0.1228070065365382,False,0.0020814746870599695,0.0020814746870599695,0.00010658409387222948,0.0019748905931877402,363.689311,0.01,0.09105960264900662,0.6177474402730375,0.6655290102389079,0.24834437086092714,,0.1291390728476821,0.016556291390728478,0.7781456953642384,0.9105960264900662
2025-07-28,TOE,TORO ENERGY LIMITED ORDINARY,-0.01694915254237288,0.20499999821186066,0.1850000023841858,0.0975609561079388,0.0975609561079388,False,0.0016535755272532,0.0016535755272532,0.00010658409387222948,0.0015469914333809706,23.455051,0.0,0.04304635761589404,0.3822525597269625,0.46757679180887374,0.016556291390728478,,0.076158940397351,0.08940397350993377,0.09933774834437085,0.4552980132450331
2025-07-28,LTR,LIONTOWN RESOURCES ORDINARY,-0.01694915254237288,0.8650000095367432,0.9100000262260437,-0.05202314010771003,-0.05202314010771003,False,-0.0008817481374188141,-0.0008817481374188141,0.00010658409387222948,-0.0009883322312910436,1610.970927,13.14,0.9900662251655629,0.9863481228668942,0.9522184300341296,0.5562913907284768,,0.2052980132450331,0.0695364238410596,0.8774834437086093,0.9503311258278145
2025-07-28,TER,TERRACOM LTD ORDINARY,-0.01694915254237288,0.08900000154972076,0.07199999690055847,0.19101128486683305,0.19101128486683305,False,0.003237479404522594,0.003237479404522594,0.00010658409387222948,0.0031308953106503647,57.153087,0.31,0.2847682119205298,0.9761092150170648,0.9215017064846417,0.0728476821192053,,0.9403973509933775,0.076158940397351,0.28807947019867547,0.5960264900662252
2025-07-28,SIG,SIGMA HEALTH LTD ORDINARY,-0.01694915254237288,2.84702730178833,3.0941648483276367,-0.0868054712310169,-0.0868054712310169,False,-0.001471279173407066,-0.001471279173407066,0.00010658409387222948,-0.0015778632672792956,4519.322835,3.19,0.7913907284768212,0.14675767918088736,0.6757679180887372,0.7682119205298014,,0.15562913907284767,0.27483443708609273,0.3841059602649007,0.9370860927152318
2025-07-28,REH,REECE LIMITED ORDINARY,-0.01694915254237288,13.430529594421387,10.77795124053955,0.19750363045874475,0.19750363045874475,False,0.0033475191603177076,0.0033475191603177076,0.00010658409387222948,0.0032409350664454784,9269.872997,3.53,0.804635761589404,0.08191126279863481,0.7064846416382252,0.8609271523178808,0.6958762886597938,0.5562913907284768,0.5364238410596026,0.6390728476821192,0.6059602649006622
2025-07-28,PWH,PWR HOLDINGS LIMITED ORDINARY,-0.01694915254237288,7.95640230178833,7.7574920654296875,0.02500002247421984,0.02500002247421984,False,0.0004237291944783024,0.0004237291944783024,0.00010658409387222948,0.0003171451006060729,696.907896,8.13,0.9635761589403974,0.7030716723549488,0.11262798634812286,0.37748344370860926,0.865979381443299,0.2185430463576159,0.6887417218543046,0.6986754966887417,0.6754966887417219
2025-07-28,PPE,PEOPLEIN LIMITED ORDINARY,-0.01694915254237288,0.699999988079071,0.7099999785423279,-0.014285700905079413,-0.014285700905079413,False,-0.00024213052381490528,-0.00024213052381490528,0.00010658409387222948,-0.00034871461768713475,78.103246,0.02,0.10927152317880795,0.17064846416382254,0.4539249146757679,0.09933774834437085,,0.956953642384106,0.18874172185430463,0.7715231788079471,0.22185430463576158
2025-07-28,TLG,TALGA GROUP LTD ORDINARY,-0.01694915254237288,0.4650000035762787,0.5099999904632568,-0.09677416460405763,-0.09677416460405763,False,-0.001640240078034875,-0.001640240078034875,0.00010658409387222948,-0.0017468241719071046,169.039772,0.15,0.2152317880794702,0.5051194539249146,0.9385665529010239,0.15894039735099338,,0.09602649006622517,0.0728476821192053,0.19205298013245034,0.956953642384106
2025-08-25,BMN,BANNERMAN ENERGY LTD ORDINARY,-0.01694915254237288,2.630000114440918,3.700000047683716,-0.4068440633776387,-0.16,True,-0.006895662091146418,-0.002711864406779661,0.0001913298565840939,-0.0029031942633637553,650.306066,4.06,0.858085808580858,0.15306122448979592,0.8095238095238095,0.36633663366336633,,0.17491749174917492,0.33663366336633666,0.039603960396039604,0.4521452145214521
2025-08-25,BET,BETMAKERS TECH GROUP ORDINARY,-0.01694915254237288,0.14499999582767487,0.19499999284744263,-0.34482757557586563,-0.16,True,-0.00584453517925196,-0.002711864406779661,0.0001913298565840939,-0.0029031942633637553,96.981086,0.35,0.31353135313531355,0.8401360544217688,0.9251700680272109,0.10891089108910891,,0.8448844884488449,0.15841584158415842,0.15841584158415842,0.6567656765676567
2025-08-25,BBN,BABY BUNTING GRP LTD ORDINARY,-0.01694915254237288,2.549999952316284,3.0799999237060547,-0.207843129921766,-0.16,True,-0.0035227649139282376,-0.002711864406779661,0.0001913298565840939,-0.0029031942633637553,248.252731,0.3,0.297029702970297,0.9319727891156463,0.9727891156462585,0.19801980198019803,0.5129533678756477,0.8910891089108911,0.6534653465346535,0.8745874587458746,0.6468646864686468
2025-08-25,ASM,AUSSTRATMATERIALS ORDINARY,-0.01694915254237288,0.5849999785423279,0.574999988079071,0.017094001418896276,0.017094001418896276,False,0.00028972883760841145,0.00028972883760841145,0.00010658409387222948,0.00018314474373618195,88.210114,0.45,0.34983498349834985,0.6632653061224489,0.6870748299319728,0.10231023102310231,,0.039603960396039604,0.20132013201320131,0.27722772277227725,0.8811881188118812
2025-08-25,ASL,ANDEAN SILVER ORDINARY,-0.01694915254237288,1.4299999475479126,2.0799999237060547,-0.4545454545454546,-0.16,True,-0.007704160246533129,-0.002711864406779661,0.0001913298565840939,-0.0029031942633637553,161.651779,0.46,0.3547854785478548,0.9081632653061225,0.7142857142857143,0.14521452145214522,,0.0924092409240924,0.06930693069306931,0.1419141914191419,0.22442244224422442
2025-08-25,APX,APPEN LIMITED ORDINARY,-0.01694915254237288,0.8999999761581421,0.8600000143051147,0.04444440323629384,0.04444440323629384,False,0.0007532949701066753,0.0007532949701066753,0.00010658409387222948,0.0006467108762344458,194.049224,4.33,0.8613861386138614,0.07142857142857142,0.8333333333333334,0.1716171617161716,,0.7953795379537953,0.10891089108910891,0.3069306930693069,0.9372937293729373
2025-08-25,ARB,ARB CORPORATION. ORDINARY,-0.01694915254237288,39.704002380371094,37.09151077270508,0.06579920035864151,0.06579920035864151,False,0.0011152406840447713,0.0011152406840447713,0.00010658409387222948,0.0010086565901725418,2716.962786,4.77,0.8910891089108911,0.8673469387755102,0.7244897959183674,0.6732673267326733,0.6321243523316062,0.5544554455445545,0.7194719471947195,0.2508250825082508,0.5082508250825083
2025-08-25,EMR,EMERALD RES NL ORDINARY,-0.01694915254237288,3.7200000286102295,4.920000076293945,-0.32258065549855086,-0.16,True,-0.005467468737263574,-0.002711864406779661,0.0001913298565840939,-0.0029031942633637553,2600.581276,3.88,0.8432343234323433,0.05782312925170068,0.5680272108843537,0.6600660066006601,0.8031088082901554,0.37293729372937295,0.5907590759075908,0.20462046204620463,0.1353135313531353
2025-08-25,ABY,ADORE BEAUTY ORDINARY,-0.01694915254237288,1.0,1.0950000286102295,-0.09500002861022949,-0.09500002861022949,False,-0.0016101699764445676,-0.0016101699764445676,0.00010658409387222948,-0.0017167540703167971,62.505299,0.85,0.4933993399339934,0.8809523809523809,0.8231292517006803,0.07590759075907591,0.9637305699481865,0.7260726072607261,0.3795379537953795,0.47194719471947194,0.24422442244224424
2025-08-25,4DX,4DMEDICAL LIMITED ORDINARY,-0.01694915254237288,0.5400000214576721,1.7999999523162842,-2.3333331125753984,-0.16,True,-0.03954801885721014,-0.002711864406779661,0.0001913298565840939,-0.0029031942633637553,98.499111,0.01,0.10726072607260725,0.9659863945578231,0.9829931972789115,0.11551155115511551,,0.07260726072607261,0.16831683168316833,0.2607260726072607,0.066006600660066
2025-08-25,BOE,BOSS ENERGY LTD ORDINARY,-0.01694915254237288,1.7649999856948853,2.069999933242798,-0.17280450426056704,-0.16,True,-0.0029288899027214753,-0.002711864406779661,0.0001913298565840939,-0.0029031942633637553,1923.526159,20.87,1.0,0.01020408163265306,0.8435374149659864,0.6072607260726073,,0.38943894389438943,0.21122112211221122,0.052805280528052806,0.07260726072607261
2025-08-25,ARU,ARAFURA RARE EARTHS ORDINARY,-0.01694915254237288,0.1850000023841858,0.20000000298023224,-0.08108108325802199,-0.08108108325802199,False,-0.0013742556484410506,-0.0013742556484410506,0.00010658409387222948,-0.0014808397423132801,379.6254,1.4,0.5808580858085809,0.5680272108843537,0.935374149659864,0.2508250825082508,,0.29372937293729373,0.35313531353135313,0.0627062706270627,0.4521452145214521
2025-08-25,BOT,BOTANIX PHARMA LTD ORDINARY,-0.01694915254237288,0.1550000011920929,0.17000000178813934,-0.09677419664956521,-0.09677419664956521,False,-0.0016402406211790713,-0.0016402406211790713,0.00010658409387222948,-0.0017468247150513008,599.378486,3.93,0.8514851485148515,0.006802721088435374,0.7414965986394558,0.3432343234323432,,0.10231023102310231,0.0231023102310231,0.5577557755775577,0.9933993399339934
2025-08-25,IPD,IMPEDIMED LIMITED ORDINARY,-0.01694915254237288,0.04399999976158142,0.03400000184774399,0.22727268109144239,0.22727268109144239,False,0.0038520793405329217,0.0038520793405329217,0.00010658409387222948,0.0037454952466606925,70.672177,0.57,0.4141914191419142,0.8537414965986394,0.7755102040816326,0.08250825082508251,,0.0627062706270627,0.036303630363036306,0.7392739273927392,0.7623762376237624
2025-08-25,CAT,CATAPULT SPORTS LTD ORDINARY,-0.01694915254237288,6.150000095367432,6.949999809265137,-0.13008125227515288,-0.13008125227515288,False,-0.0022047669877144557,-0.0022047669877144557,0.00010658409387222948,-0.002311351081586685,914.17006,1.45,0.5907590759075908,0.5,0.22108843537414966,0.42574257425742573,,0.37623762376237624,0.33003300330033003,0.33003300330033003,0.976897689768977
2025-08-25,IMU,IMUGENE LIMITED ORDINARY,-0.01694915254237288,0.26499998569488525,0.29499998688697815,-0.11320755777939628,-0.11320755777939628,False,-0.0019187721657524795,-0.0019187721657524795,0.00010658409387222948,-0.0020253562596247087,97.03107,2.95,0.7788778877887789,0.013605442176870748,0.7074829931972789,0.11221122112211221,,0.006600660066006601,0.0462046204620462,0.45874587458745875,0.966996699669967
2025-08-25,ILU,ILUKA RESOURCES ORDINARY,-0.01694915254237288,6.330183982849121,6.3104658126831055,0.003114944244818063,0.003114944244818063,False,5.2795665166407846e-05,5.2795665166407846e-05,0.00010658409387222948,-5.3788428705821636e-05,1649.056603,8.78,0.9636963696369637,0.9761904761904762,0.673469387755102,0.5676567656765676,0.10362694300518134,0.0231023102310231,0.5577557755775577,0.49834983498349833,0.735973597359736
2025-08-25,IGO,IGO LIMITED ORDINARY,-0.01694915254237288,5.309999942779541,5.090000152587891,0.041431222704776616,0.041431222704776616,False,0.0007022241136402816,0.0007022241136402816,0.00010658409387222948,0.0005956400197680521,3152.021255,3.81,0.834983498349835,0.9251700680272109,0.8673469387755102,0.6963696369636964,,0.4521452145214521,0.1782178217821782,0.1551155115511551,0.132013201320132
2025-08-25,BRN,BRAINCHIP LTD ORDINARY,-0.01694915254237288,0.20000000298023224,0.20499999821186066,-0.024999975785613415,-0.024999975785613415,False,-0.00042372840314599007,-0.00042372840314599007,0.00010658409387222948,-0.0005303124970182196,266.855451,3.63,0.8283828382838284,0.23469387755102042,0.4387755102040816,0.2079207920792079,,0.19801980198019803,0.0297029702970297,0.25742574257425743,0.9735973597359736
2025-08-25,HLS,HEALIUS ORDINARY,-0.01694915254237288,0.8349999785423279,0.7450000047683716,0.10778440249911214,0.10778440249911214,False,0.0018268542796459684,0.0018268542796459684,0.00010658409387222948,0.001720270185773739,570.014405,4.45,0.8712871287128713,0.19387755102040816,0.7687074829931972,0.33003300330033003,,0.8613861386138614,0.10231023102310231,0.8877887788778878,0.5775577557755776
2025-08-25,FML,FOCUS MINERALS LTD ORDINARY,-0.01694915254237288,0.4350000023841858,1.0499999523162842,-1.413792980600812,-0.16,True,-0.023962592891539188,-0.002711864406779661,0.0001913298565840939,-0.0029031942633637553,1605.626107,0.0,0.04950495049504951,0.9897959183673469,1.0,0.5544554455445545,0.010362694300518135,0.264026402640264,0.9867986798679867,0.17491749174917492,0.6435643564356436
2025-08-25,IEL,IDP EDUCATION LTD ORDINARY,-0.01694915254237288,4.624780178070068,5.620047092437744,-0.21520307475089617,-0.16,True,-0.003647509741540613,-0.002711864406779661,0.0001913298565840939,-0.0029031942633637553,1021.235423,15.15,0.9900990099009901,0.023809523809523808,0.9047619047619048,0.46864686468646866,,0.8811881188118812,0.2607260726072607,0.7557755775577558,0.15181518151815182
2025-08-25,EML,EML PAYMENTS LTD ORDINARY,-0.01694915254237288,1.0850000381469727,0.9649999737739563,0.1105991337824832,0.1105991337824832,False,0.0018745615895336136,0.0018745615895336136,0.00010658409387222948,0.0017679774956613841,447.057264,0.78,0.4752475247524752,0.24829931972789115,0.5170068027210885,0.2871287128712871,,0.9867986798679867,0.052805280528052806,0.5445544554455446,0.039603960396039604
2025-08-25,DUB,DUBBER CORP LTD ORDINARY,-0.01694915254237288,0.02199999988079071,0.01899999938905239,0.13636365945427886,0.13636365945427886,False,0.0023112484653267603,0.0023112484653267603,0.00010658409387222948,0.002204664371454531,46.966275,0.15,0.23432343234323433,0.891156462585034,0.6802721088435374,0.04950495049504951,,0.0297029702970297,0.0033003300330033004,0.6732673267326733,0.6534653465346535
2025-08-25,CXL,CALIX LIMITED ORDINARY,-0.01694915254237288,0.4650000035762787,0.375,0.19354839329913054,0.19354839329913054,False,0.003280481242358145,0.003280481242358145,0.00010658409387222948,0.0031738971484859156,73.014014,0.85,0.4933993399339934,0.9217687074829932,0.5612244897959183,0.0858085808580858,,0.033003300330033,0.1848184818481848,0.19471947194719472,0.7095709570957096
2025-08-25,CTM,CENTAURUS METALS LTD ORDINARY,-0.01694915254237288,0.3449999988079071,0.3700000047683716,-0.0724637856430379,-0.0724637856430379,False,-0.0012281997566616595,-0.0012281997566616595,0.00010658409387222948,-0.001334783850533889,182.26311,0.01,0.10726072607260725,0.10204081632653061,0.9863945578231292,0.1617161716171617,,0.29042904290429045,0.0627062706270627,0.19801980198019803,0.4521452145214521
2025-08-25,CST,CASTILE RESOURCES ORDINARY,-0.01694915254237288,0.06800000369548798,0.07999999821186066,-0.17647049800335401,-0.16,True,-0.0029910253898873564,-0.002711864406779661,0.0001913298565840939,-0.0029031942633637553,16.667341,0.0,0.04950495049504951,0.8775510204081632,0.7312925170068028,0.006600660066006601,,0.11221122112211221,0.31683168316831684,0.0429042904290429,0.9603960396039604
2025-08-25,KGN,KOGAN.COM LTD ORDINARY,-0.01694915254237288,4.012502670288086,3.3419699668884277,0.16711084290730605,0.16711084290730605,False,0.0028323871679204415,0.0028323871679204415,0.00010658409387222948,0.002725803074048212,383.376984,2.58,0.7458745874587459,0.41156462585034015,0.5034013605442177,0.25412541254125415,,0.20132013201320131,0.019801980198019802,0.48514851485148514,0.11221122112211221
2025-08-25,MAD,MADER GROUP LIMITED ORDINARY,-0.01694915254237288,8.302115440368652,8.239999771118164,0.00748190864083309,0.00748190864083309,False,0.0001268120108615778,0.0001268120108615778,0.00010658409387222948,2.0227916989348313e-05,1358.61875,0.69,0.46534653465346537,0.9047619047619048,0.6224489795918368,0.5115511551155115,0.5077720207253886,0.5016501650165016,0.933993399339934,0.41254125412541254,0.768976897689769
2025-08-25,AD8,AUDINATEGROUPLTD ORDINARY,-0.01694915254237288,4.929999828338623,4.610000133514404,0.06490866246785576,0.06490866246785576,False,0.0011001468214890807,0.0011001468214890807,0.00010658409387222948,0.0009935627276168512,622.872884,4.64,0.8844884488448845,0.027210884353741496,0.9387755102040817,0.34983498349834985,,0.40594059405940597,0.26732673267326734,0.16501650165016502,0.8151815181518152
2025-08-25,PPE,PEOPLEIN LIMITED ORDINARY,-0.01694915254237288,0.7250000238418579,0.8050000071525574,-0.11034480093775789,-0.11034480093775789,False,-0.0018702508633518286,-0.0018702508633518286,0.00010658409387222948,-0.001976834957224058,78.103246,0.0,0.04950495049504951,0.5578231292517006,0.8163265306122449,0.0924092409240924,,0.9603960396039604,0.19801980198019803,0.7656765676567657,0.2145214521452145
2025-08-25,OCC,ORTHOCELL LIMITED ORDINARY,-0.01694915254237288,1.2050000429153442,1.2450000047683716,-0.03319498790742981,-0.03319498790742981,False,-0.0005626269136852509,-0.0005626269136852509,0.00010658409387222948,-0.0006692110075574804,287.146029,0.02,0.12706270627062707,0.17687074829931973,0.5374149659863946,0.22112211221122113,,0.2607260726072607,0.039603960396039604,0.22442244224422442,0.9405940594059405
2025-08-25,NUF,NUFARM LIMITED ORDINARY,-0.01694915254237288,2.5799999237060547,2.259999990463257,0.12403098554481051,0.12403098554481051,False,0.0021022200939798392,0.0021022200939798392,0.00010658409387222948,0.00199563600010761,2398.29385,2.34,0.7128712871287128,0.5918367346938775,0.35374149659863946,0.6402640264026402,0.8911917098445595,0.066006600660066,0.39933993399339934,0.7425742574257426,0.4521452145214521
2025-08-25,NEU,NEUREN PHARMACEUT. ORDINARY,-0.01694915254237288,17.65999984741211,19.700000762939453,-0.11551534162817578,-0.11551534162817578,False,-0.0019578871462402675,-0.0019578871462402675,0.00010658409387222948,-0.0020644712401124967,1820.508406,4.67,0.8877887788778878,0.826530612244898,0.36054421768707484,0.594059405940594,0.8497409326424871,0.8283828382838284,0.6270627062706271,0.0231023102310231,0.0297029702970297
2025-08-25,MVP,MEDICAL DEVELOPMENTS ORDINARY,-0.01694915254237288,0.6349999904632568,0.699999988079071,-0.10236220250711225,-0.10236220250711225,False,-0.0017349525848663094,-0.0017349525848663094,0.00010658409387222948,-0.0018415366787385389,60.725551,0.0,0.04950495049504951,0.17346938775510204,0.9659863945578231,0.07260726072607261,,0.3696369636963696,0.34983498349834985,0.2145214521452145,0.2871287128712871
2025-08-25,MVF,MONASH IVF GROUP LTD ORDINARY,-0.01694915254237288,0.677733302116394,0.6580888628959656,0.028985500873402126,0.028985500873402126,False,0.000491279675820375,0.000491279675820375,0.00010658409387222948,0.0003846955819481455,274.702987,8.03,0.9471947194719472,0.11564625850340136,0.7925170068027211,0.2145214521452145,0.37305699481865284,0.5577557755775577,0.5346534653465347,0.7491749174917491,0.25412541254125415
2025-08-25,MIN,MINERAL RESOURCES. ORDINARY,-0.01694915254237288,37.0099983215332,40.959999084472656,-0.10672793683001225,-0.10672793683001225,False,-0.0018089480818646144,-0.0018089480818646144,0.00010658409387222948,-0.0019155321757368439,4244.833312,11.41,0.9834983498349835,0.9829931972789115,0.9013605442176871,0.7491749174917491,,0.052805280528052806,0.2508250825082508,0.9108910891089109,0.28052805280528054
2025-08-25,MME,MONEYME LIMITED ORDINARY,-0.01694915254237288,0.13500000536441803,0.11500000208616257,0.1481481665446427,0.1481481665446427,False,0.0025109858736380116,0.0025109858736380116,0.00010658409387222948,0.0024044017797657823,128.483308,0.0,0.04950495049504951,0.21768707482993196,0.46258503401360546,0.1353135313531353,,1.0,0.10561056105610561,0.9966996699669967,0.0033003300330033004
2025-08-25,WEB,WEB TRAVEL GROUP LTD ORDINARY,-0.01694915254237288,4.599999904632568,4.050000190734863,0.11956515767398412,0.11956515767398412,False,0.0020265280961692224,0.0020265280961692224,0.00010658409387222948,0.001919944002296993,1505.441491,2.45,0.7161716171617162,0.13945578231292516,0.5068027210884354,0.5346534653465347,,0.2739273927392739,0.1188118811881188,0.5775577557755776,0.4521452145214521
2025-08-25,LTR,LIONTOWN RESOURCES ORDINARY,-0.01694915254237288,0.875,0.9599999785423279,-0.09714283261980339,-0.09714283261980339,False,-0.0016464886884712438,-0.0016464886884712438,0.00010658409387222948,-0.0017530727823434733,1610.970927,6.53,0.9306930693069307,0.9523809523809523,0.9217687074829932,0.5577557755775577,,0.2079207920792079,0.07260726072607261,0.8712871287128713,0.9471947194719472
2025-08-25,LOT,LOTUS RESOURCES LTD ORDINARY,-0.01694915254237288,2.012500047683716,2.5875000953674316,-0.28571430263840814,-0.16,True,-0.00484261529895607,-0.002711864406779661,0.0001913298565840939,-0.0029031942633637553,456.352832,8.25,0.9587458745874587,0.2857142857142857,0.7993197278911565,0.30033003300330036,,0.0891089108910891,0.30033003300330036,0.07260726072607261,0.4521452145214521
2025-08-25,PDN,PALADIN ENERGY LTD ORDINARY,-0.01694915254237288,6.960000038146973,8.270000457763672,-0.1882184500627493,-0.16,True,-0.0031901432214025303,-0.002711864406779661,0.0001913298565840939,-0.0029031942633637553,1869.35984,17.82,0.9966996699669967,0.6496598639455783,0.717687074829932,0.6006600660066007,,0.3069306930693069,0.22772277227722773,0.4389438943894389,0.8745874587458746
2025-08-25,MSB,MESOBLAST LIMITED ORDINARY,-0.01694915254237288,2.450000047683716,2.4200000762939453,0.012244886043219938,0.012244886043219938,False,0.0002075404414105074,0.0002075404414105074,0.00010658409387222948,0.00010095634753827793,1390.637403,5.82,0.9141914191419142,0.9387755102040817,0.608843537414966,0.5181518151815182,,0.24422442244224424,0.22442244224422442,0.43564356435643564,0.4521452145214521
2025-08-25,PLS,PILBARA MIN LTD ORDINARY,-0.01694915254237288,2.1600000858306885,2.4200000762939453,-0.12037036117212319,-0.12037036117212319,False,-0.0020401756130868334,-0.0020401756130868334,0.00010658409387222948,-0.0021467597069590627,4208.567569,15.9,0.9933993399339934,0.9863945578231292,0.9761904761904762,0.7425742574257426,,0.18151815181518152,0.24422442244224424,0.41914191419141916,0.1254125412541254
2025-08-25,LIC,LIFESTYLE COMMUNIT. ORDINARY,-0.01694915254237288,5.150000095367432,5.75,-0.11650483369355369,-0.11650483369355369,False,-0.0019746581981958254,-0.0019746581981958254,0.00010658409387222948,-0.0020812422920680547,847.514976,9.56,0.9735973597359736,0.03741496598639456,0.6496598639455783,0.41254125412541254,,0.5115511551155115,0.0594059405940594,0.7524752475247525,0.036303630363036306
2025-08-25,PWH,PWR HOLDINGS LIMITED ORDINARY,-0.01694915254237288,7.628201007843018,7.806580066680908,-0.023384158159241997,-0.023384158159241997,False,-0.00039634166371596606,-0.00039634166371596606,0.00010658409387222948,-0.0005029257575881955,696.907896,10.22,0.9801980198019802,0.6156462585034014,0.7653061224489796,0.3795379537953795,0.8601036269430051,0.22772277227722773,0.6963696369636964,0.693069306930693,0.6897689768976898
2025-08-25,WBT,WEEBIT NANO LTD ORDINARY,-0.01694915254237288,2.8499999046325684,3.240000009536743,-0.13684214665068728,-0.13684214665068728,False,-0.002319358417808259,-0.002319358417808259,0.00010658409387222948,-0.0024259425116804883,339.718803,2.81,0.759075907590759,0.9625850340136054,0.9455782312925171,0.2376237623762376,,0.1848184818481848,0.12871287128712872,0.10891089108910891,0.9867986798679867
2025-08-25,WAF,WEST AFRICAN RES LTD ORDINARY,-0.01694915254237288,2.8499999046325684,3.0399999618530273,-0.06666668897483863,-0.06666668897483863,False,-0.0011299438809294683,-0.0011299438809294683,0.00010658409387222948,-0.0012365279748016978,2603.483931,1.51,0.6039603960396039,0.3435374149659864,0.7346938775510204,0.6633663366336634,0.30569948186528495,0.21782178217821782,0.7326732673267327,0.5016501650165016,0.4521452145214521
2025-08-25,VUL,VULCAN ENERGY ORDINARY,-0.01694915254237288,3.890000104904175,5.679999828338623,-0.46015415813942306,-0.16,True,-0.007799223019312255,-0.002711864406779661,0.0001913298565840939,-0.0029031942633637553,528.207797,6.13,0.9273927392739274,0.35374149659863946,0.5748299319727891,0.3234323432343234,,0.10561056105610561,0.2079207920792079,0.1353135313531353,0.7128712871287128
2025-08-25,LKE,LAKE RESOURCES ORDINARY,-0.01694915254237288,0.03200000151991844,0.03099999949336052,0.031250061845636834,0.031250061845636834,False,0.0005296620651802853,0.0005296620651802853,0.00010658409387222948,0.0004230779713080558,45.988486,0.49,0.3811881188118812,0.36054421768707484,0.9081632653061225,0.0462046204620462,,0.0165016501650165,0.1551155115511551,0.1188118811881188,0.033003300330033
2025-08-25,TTT,TITOMIC LIMITED ORDINARY,-0.01694915254237288,0.24500000476837158,0.28999999165534973,-0.18367341229042888,-0.16,True,-0.0031131086828886253,-0.002711864406779661,0.0001913298565840939,-0.0029031942633637553,363.689311,0.01,0.10726072607260725,0.06802721088435375,0.5544217687074829,0.24422442244224424,,0.12871287128712872,0.0165016501650165,0.7722772277227723,0.9108910891089109
2025-08-25,TLG,TALGA GROUP LTD ORDINARY,-0.01694915254237288,0.5400000214576721,0.4449999928474426,0.1759259719171623,0.1759259719171623,False,0.0029817961341891915,0.0029817961341891915,0.00010658409387222948,0.0028752120403169623,169.039772,0.06,0.16501650165016502,0.8979591836734694,0.5238095238095238,0.15181518151815182,,0.09570957095709572,0.07590759075907591,0.1848184818481848,0.9537953795379538
2025-08-25,VEA,VIVA ENERGY GROUP ORDINARY,-0.01694915254237288,2.0699827671051025,1.8041108846664429,0.12844159220247275,0.12844159220247275,False,0.002176976139024962,0.002176976139024962,0.00010658409387222948,0.0020703920451527326,3431.414633,5.19,0.900990099009901,0.6700680272108843,0.41836734693877553,0.7095709570957096,,0.6501650165016502,0.1485148514851485,0.966996699669967,0.26732673267326734
2025-08-25,SIG,SIGMA HEALTH LTD ORDINARY,-0.01694915254237288,2.84702730178833,2.9780220985412598,-0.04601107852764419,-0.04601107852764419,False,-0.0007798487886041388,-0.0007798487886041388,0.00010658409387222948,-0.0008864328824763683,4519.322835,2.13,0.6666666666666666,0.19047619047619047,0.05782312925170068,0.768976897689769,,0.15841584158415842,0.2838283828382838,0.3795379537953795,0.933993399339934
2025-08-25,SHV,SELECT HARVESTS ORDINARY,-0.01694915254237288,3.940000057220459,3.950000047683716,-0.002538068608636479,-0.002538068608636479,False,-4.301811201078778e-05,-4.301811201078778e-05,0.00010658409387222948,-0.00014960220588301727,712.3998,2.28,0.7029702970297029,0.09863945578231292,0.5136054421768708,0.38283828382838286,0.23834196891191708,0.26732673267326734,0.6864686468646864,0.768976897689769,0.0429042904290429
2025-08-25,SGR,THE STAR ENT GRP ORDINARY,-0.01694915254237288,0.10499999672174454,0.08900000154972076,0.15238091115778407,0.15238091115778407,False,0.002582727307759052,0.002582727307759052,0.00010658409387222948,0.002476143213886823,385.993897,6.64,0.933993399339934,0.2857142857142857,0.9795918367346939,0.2607260726072607,,0.009900990099009901,0.056105610561056105,0.8778877887788779,0.5379537953795379
2025-08-25,SFR,SANDFIRE RESOURCES ORDINARY,-0.01694915254237288,12.640000343322754,13.890000343322754,-0.0988924023772142,-0.0988924023772142,False,-0.0016761424131731218,-0.0016761424131731218,0.00010658409387222948,-0.0017827265070453513,5250.033901,4.34,0.8646864686468647,0.5340136054421769,0.2891156462585034,0.7755775577557755,0.8549222797927462,0.6336633663366337,0.46534653465346537,0.36303630363036304,0.9702970297029703
2025-08-25,REH,REECE LIMITED ORDINARY,-0.01694915254237288,11.596405029296875,11.21182918548584,0.03316336768502415,0.03316336768502415,False,0.0005620909777122737,0.0005620909777122737,0.00010658409387222948,0.0004555068838400442,9269.872997,2.16,0.6732673267326733,0.047619047619047616,0.9183673469387755,0.8613861386138614,0.689119170984456,0.570957095709571,0.5478547854785478,0.6303630363036303,0.6138613861386139
2025-08-25,TER,TERRACOM LTD ORDINARY,-0.01694915254237288,0.07000000029802322,0.06700000166893005,0.042857123090296434,0.042857123090296434,False,0.0007263919167846853,0.0007263919167846853,0.00010658409387222948,0.0006198078229124558,57.153087,0.66,0.4537953795379538,0.6904761904761905,0.6530612244897959,0.06930693069306931,,0.9438943894389439,0.07920792079207921,0.29042904290429045,0.6039603960396039
2025-09-29,CLV,CLOVER CORPORATION ORDINARY,-0.017543859649122806,0.721869707107544,0.6729533672332764,0.06776339191496239,0.06776339191496239,False,0.0011888314371046032,0.0011888314371046032,0.0001103238866396761,0.0010785075504649271,92.682983,0.02,0.10273972602739725,0.8146853146853147,0.9475524475524476,0.0958904109589041,0.1276595744680851,0.2191780821917808,0.7328767123287672,0.2054794520547945,0.8698630136986302
2025-09-29,CAT,CATAPULT SPORTS LTD ORDINARY,-0.017543859649122806,6.949999809265137,6.599999904632568,0.05035969989034805,0.05035969989034805,False,0.0008835035068482114,0.0008835035068482114,0.0001103238866396761,0.0007731796202085353,914.17006,1.75,0.6232876712328768,0.6993006993006993,0.8216783216783217,0.410958904109589,,0.3732876712328767,0.3219178082191781,0.3219178082191781,0.9794520547945206
2025-09-29,BRN,BRAINCHIP LTD ORDINARY,-0.017543859649122806,0.20499999821186066,0.19499999284744263,0.04878051439826525,0.04878051439826525,False,0.0008557984982151798,0.0008557984982151798,0.0001103238866396761,0.0007454746115755037,266.855451,3.81,0.8527397260273972,0.4195804195804196,0.8426573426573427,0.1952054794520548,,0.1917808219178082,0.030821917808219176,0.2534246575342466,0.976027397260274
2025-09-29,BOT,BOTANIX PHARMA LTD ORDINARY,-0.017543859649122806,0.17000000178813934,0.12999999523162842,0.23529415373983642,0.23529415373983642,False,0.004127967609470814,0.004127967609470814,0.0001103238866396761,0.004017643722831137,599.378486,3.73,0.8424657534246576,0.01048951048951049,0.9615384615384616,0.3253424657534247,,0.09931506849315068,0.023972602739726026,0.5582191780821918,0.9965753424657534
2025-09-29,BOE,BOSS ENERGY LTD ORDINARY,-0.017543859649122806,2.069999933242798,2.0299999713897705,0.019323653692280396,0.019323653692280396,False,0.00033901146828562096,0.00033901146828562096,0.0001103238866396761,0.00022868758164594486,1923.526159,19.18,1.0,0.006993006993006993,0.8566433566433567,0.5958904109589042,,0.386986301369863,0.2089041095890411,0.05136986301369863,0.07191780821917808
2025-09-29,AD8,AUDINATEGROUPLTD ORDINARY,-0.017543859649122806,4.610000133514404,4.880000114440918,-0.05856832388433819,-0.05856832388433819,False,-0.0010275144541111963,-0.0010275144541111963,0.0001103238866396761,-0.0011378383407508724,622.872884,4.48,0.886986301369863,0.027972027972027972,0.5909090909090909,0.3321917808219178,,0.4041095890410959,0.2636986301369863,0.1643835616438356,0.8116438356164384
2025-09-29,ASM,AUSSTRATMATERIALS ORDINARY,-0.017543859649122806,0.574999988079071,0.9150000214576721,-0.5913044181347809,-0.16,True,-0.010373761721662822,-0.002807017543859649,0.00019804318488529014,-0.003005060728744939,88.210114,0.36,0.2791095890410959,0.36013986013986016,0.8251748251748252,0.09246575342465753,,0.03767123287671233,0.19863013698630136,0.2705479452054795,0.8835616438356164
2025-09-29,ASL,ANDEAN SILVER ORDINARY,-0.017543859649122806,2.0799999237060547,1.649999976158142,0.2067307515962583,0.2067307515962583,False,0.003626855291162426,0.003626855291162426,0.0001103238866396761,0.00351653140452275,161.651779,0.46,0.3304794520547945,0.965034965034965,0.8636363636363636,0.136986301369863,,0.08904109589041095,0.0684931506849315,0.1404109589041096,0.2226027397260274
2025-09-29,ARU,ARAFURA RARE EARTHS ORDINARY,-0.017543859649122806,0.20000000298023224,0.2750000059604645,-0.3750000093132255,-0.16,True,-0.006578947531810974,-0.002807017543859649,0.00019804318488529014,-0.003005060728744939,379.6254,1.28,0.5565068493150684,0.47202797202797203,0.7972027972027972,0.2363013698630137,,0.2876712328767123,0.3493150684931507,0.06164383561643835,0.4520547945205479
2025-09-29,APX,APPEN LIMITED ORDINARY,-0.017543859649122806,0.8600000143051147,0.7450000047683716,0.1337209390974997,0.1337209390974997,False,0.0023459813876754334,0.0023459813876754334,0.0001103238866396761,0.0022356575010357574,194.049224,2.53,0.7363013698630136,0.06293706293706294,0.7517482517482518,0.15753424657534246,,0.797945205479452,0.1095890410958904,0.2979452054794521,0.9417808219178082
2025-09-29,CXL,CALIX LIMITED ORDINARY,-0.017543859649122806,0.375,0.4050000011920929,-0.08000000317891431,-0.08000000317891431,False,-0.0014035088277002511,-0.0014035088277002511,0.0001103238866396761,-0.0015138327143399272,73.014014,0.8,0.4726027397260274,0.26223776223776224,0.7342657342657343,0.07534246575342465,,0.030821917808219176,0.18493150684931506,0.1952054794520548,0.708904109589041
2025-09-29,BBN,BABY BUNTING GRP LTD ORDINARY,-0.017543859649122806,3.0799999237060547,2.7699999809265137,0.10064933456444025,0.10064933456444025,False,0.0017657777993761448,0.0017657777993761448,0.0001103238866396761,0.0016554539127364687,248.252731,0.3,0.2517123287671233,0.9335664335664335,0.6888111888111889,0.1917808219178082,0.5106382978723404,0.8904109589041096,0.6506849315068494,0.8801369863013698,0.6472602739726028
2025-09-29,BMN,BANNERMAN ENERGY LTD ORDINARY,-0.017543859649122806,3.700000047683716,3.5799999237060547,0.03243246552193535,0.03243246552193535,False,0.0005689906231918482,0.0005689906231918482,0.0001103238866396761,0.00045866673655217205,650.306066,3.84,0.8613013698630136,0.6923076923076923,0.7727272727272727,0.3493150684931507,,0.1678082191780822,0.3287671232876712,0.0410958904109589,0.4520547945205479
2025-09-29,KGN,KOGAN.COM LTD ORDINARY,-0.017543859649122806,3.3419699668884277,3.0871570110321045,0.07624633326479868,0.07624633326479868,False,0.0013376549695578715,0.0013376549695578715,0.0001103238866396761,0.0012273310829181954,383.376984,1.5,0.577054794520548,0.15034965034965034,0.09090909090909091,0.23972602739726026,,0.1952054794520548,0.02054794520547945,0.4794520547945205,0.1095890410958904
2025-09-29,DUB,DUBBER CORP LTD ORDINARY,-0.017543859649122806,0.01899999938905239,0.017999999225139618,0.052631589266732504,0.052631589266732504,False,0.0009233612152058333,0.0009233612152058333,0.0001103238866396761,0.0008130373285661572,46.966275,0.08,0.1558219178082192,0.42657342657342656,0.4405594405594406,0.0410958904109589,,0.0273972602739726,0.003424657534246575,0.6746575342465754,0.6541095890410958
2025-09-29,LTR,LIONTOWN RESOURCES ORDINARY,-0.017543859649122806,0.9599999785423279,1.1699999570846558,-0.21874998253770128,-0.16,True,-0.003837718991889496,-0.002807017543859649,0.00019804318488529014,-0.003005060728744939,1610.970927,4.89,0.9006849315068494,0.8041958041958042,0.8706293706293706,0.5445205479452054,,0.20205479452054795,0.07191780821917808,0.8767123287671232,0.952054794520548
2025-09-29,LOT,LOTUS RESOURCES LTD ORDINARY,-0.017543859649122806,2.5875000953674316,2.242500066757202,0.13333333947616288,0.13333333947616288,False,0.002339181394318647,0.002339181394318647,0.0001103238866396761,0.002228857507678971,456.352832,6.41,0.928082191780822,0.6748251748251748,0.9545454545454546,0.2876712328767123,,0.08561643835616438,0.2945205479452055,0.07191780821917808,0.4520547945205479
2025-09-29,LKE,LAKE RESOURCES ORDINARY,-0.017543859649122806,0.03099999949336052,0.035999998450279236,-0.16129029156886276,-0.16,True,-0.0028296542380502237,-0.002807017543859649,0.00019804318488529014,-0.003005060728744939,45.988486,0.51,0.3458904109589041,0.3269230769230769,0.6083916083916084,0.03767123287671233,,0.0136986301369863,0.1541095890410959,0.11986301369863013,0.030821917808219176
2025-09-29,LIC,LIFESTYLE COMMUNIT. ORDINARY,-0.017543859649122806,5.75,5.199999809265137,0.09565220708432409,0.09565220708432409,False,0.0016781088962162121,0.0016781088962162121,0.0001103238866396761,0.001567785009576536,847.514976,7.37,0.9452054794520548,0.0979020979020979,0.6993006993006993,0.3972602739726027,,0.5034246575342466,0.06164383561643835,0.7534246575342466,0.03424657534246575
2025-09-29,M7T,MACH7 TECH LIMITED ORDINARY,-0.017543859649122806,0.3199999928474426,0.30000001192092896,0.062499941792337754,0.062499941792337754,False,0.0010964902068831184,0.0010964902068831184,0.0001103238866396761,0.0009861663202434424,78.872184,0.1,0.17123287671232876,0.1888111888111888,0.7307692307692307,0.08561643835616438,,0.6678082191780822,0.16095890410958905,0.18835616438356165,0.17465753424657535
2025-09-29,ILU,ILUKA RESOURCES ORDINARY,-0.017543859649122806,6.3104658126831055,6.599114894866943,-0.04574132730482372,-0.04574132730482372,False,-0.0008024794264004161,-0.0008024794264004161,0.0001103238866396761,-0.0009128033130400922,1649.056603,11.63,0.9794520547945206,0.9300699300699301,0.7482517482517482,0.5547945205479452,0.10638297872340426,0.02054794520547945,0.5547945205479452,0.4931506849315068,0.7328767123287672
2025-09-29,IGO,IGO LIMITED ORDINARY,-0.017543859649122806,5.090000152587891,5.21999979019165,-0.025540203085782753,-0.025540203085782753,False,-0.00044807373834706584,-0.00044807373834706584,0.0001103238866396761,-0.0005583976249867419,3152.021255,3.04,0.7773972602739726,0.7062937062937062,0.7202797202797203,0.6883561643835616,,0.4452054794520548,0.1780821917808219,0.1541095890410959,0.13013698630136986
2025-09-29,IEL,IDP EDUCATION LTD ORDINARY,-0.017543859649122806,5.620047092437744,5.4313883781433105,0.0335688849561937,0.0335688849561937,False,0.0005889278062490123,0.0005889278062490123,0.0001103238866396761,0.00047860391960933613,1021.235423,12.78,0.9931506849315068,0.8356643356643356,0.7902097902097902,0.4554794520547945,,0.8835616438356164,0.2568493150684932,0.7568493150684932,0.14726027397260275
2025-09-29,FML,FOCUS MINERALS LTD ORDINARY,-0.017543859649122806,1.0499999523162842,2.509999990463257,-1.3904762899524274,-0.16,True,-0.024394320876358375,-0.002807017543859649,0.00019804318488529014,-0.003005060728744939,1605.626107,0.0,0.03424657534246575,0.9965034965034965,0.993006993006993,0.541095890410959,0.005319148936170213,0.2602739726027397,0.9897260273972602,0.17465753424657535,0.6438356164383562
2025-09-29,IMU,IMUGENE LIMITED ORDINARY,-0.017543859649122806,0.29499998688697815,0.3499999940395355,-0.18644071049952027,-0.16,True,-0.0032708896578863204,-0.002807017543859649,0.00019804318488529014,-0.003005060728744939,97.03107,1.78,0.6267123287671232,0.03496503496503497,0.6118881118881119,0.10273972602739725,,0.003424657534246575,0.04794520547945205,0.4520547945205479,0.9691780821917808
2025-09-29,MME,MONEYME LIMITED ORDINARY,-0.017543859649122806,0.11500000208616257,0.10499999672174454,0.08695656680880426,0.08695656680880426,False,0.0015255538036632326,0.0015255538036632326,0.0001103238866396761,0.0014152299170235565,128.483308,0.0,0.03424657534246575,0.05244755244755245,0.6013986013986014,0.1267123287671233,,1.0,0.10616438356164383,0.9965753424657534,0.003424657534246575
2025-09-29,EML,EML PAYMENTS LTD ORDINARY,-0.017543859649122806,0.9649999737739563,0.9549999833106995,0.01036268469951196,0.01036268469951196,False,0.00018180148595635016,0.00018180148595635016,0.0001103238866396761,7.147759931667405e-05,447.057264,0.73,0.4571917808219178,0.13636363636363635,0.20279720279720279,0.2773972602739726,,0.9863013698630136,0.0547945205479452,0.5445205479452054,0.0410958904109589
2025-09-29,ABY,ADORE BEAUTY ORDINARY,-0.017543859649122806,1.0950000286102295,1.149999976158142,-0.050228261288466136,-0.050228261288466136,False,-0.0008811975664643182,-0.0008811975664643182,0.0001103238866396761,-0.0009915214531039942,62.505299,0.73,0.4571917808219178,0.8776223776223776,0.8356643356643356,0.06506849315068493,0.9627659574468085,0.726027397260274,0.3767123287671233,0.4657534246575342,0.24315068493150685
2025-09-29,MSB,MESOBLAST LIMITED ORDINARY,-0.017543859649122806,2.4200000762939453,2.4800000190734863,-0.024793364003288243,-0.024793364003288243,False,-0.0004349712983033025,-0.0004349712983033025,0.0001103238866396761,-0.0005452951849429786,1390.637403,6.64,0.9383561643835616,0.8741258741258742,0.7062937062937062,0.5068493150684932,,0.23972602739726026,0.2191780821917808,0.4315068493150685,0.4520547945205479
2025-09-29,PPE,PEOPLEIN LIMITED ORDINARY,-0.017543859649122806,0.8050000071525574,0.8299999833106995,-0.031055870727966672,-0.031055870727966672,False,-0.0005448398373327486,-0.0005448398373327486,0.0001103238866396761,-0.0006551637239724247,78.103246,0.0,0.03424657534246575,0.5174825174825175,0.8881118881118881,0.0821917808219178,,0.9623287671232876,0.1952054794520548,0.7671232876712328,0.21232876712328766
2025-09-29,MIN,MINERAL RESOURCES. ORDINARY,-0.017543859649122806,40.959999084472656,47.119998931884766,-0.15039062463620212,-0.16,True,-0.0026384320111614407,-0.002807017543859649,0.00019804318488529014,-0.003005060728744939,4244.833312,10.61,0.976027397260274,0.9230769230769231,0.13986013986013987,0.7397260273972602,,0.05136986301369863,0.2465753424657534,0.910958904109589,0.2773972602739726
2025-09-29,PNV,POLYNOVO LIMITED ORDINARY,-0.017543859649122806,1.3799999952316284,1.2649999856948853,0.08333334053196195,0.08333334053196195,False,0.0014619884303852973,0.0014619884303852973,0.0001103238866396761,0.0013516645437456213,829.0104,9.88,0.9657534246575342,0.6783216783216783,0.8286713286713286,0.3904109589041096,0.7712765957446809,0.3938356164383562,0.9075342465753424,0.4280821917808219,0.7945205479452054
2025-09-29,PLS,PILBARA MIN LTD ORDINARY,-0.017543859649122806,2.4200000762939453,3.130000114440918,-0.2933884362657899,-0.16,True,-0.00514716554852263,-0.002807017543859649,0.00019804318488529014,-0.003005060728744939,4208.567569,17.53,0.9965753424657534,0.9195804195804196,0.8496503496503497,0.7328767123287672,,0.1780821917808219,0.23972602739726026,0.410958904109589,0.1232876712328767
2025-09-29,PET,PHOSLOCK ENV TEC LTD ORDINARY,-0.017543859649122806,0.007000000216066837,0.00800000037997961,-0.14285716186372532,-0.14285716186372532,False,-0.002506265997609216,-0.002506265997609216,0.0001103238866396761,-0.002616589884248892,15.544117,0.0,0.03424657534246575,0.0034965034965034965,0.9300699300699301,0.003424657534246575,,0.11643835616438356,0.14383561643835616,0.09246575342465753,0.9931506849315068
2025-09-29,PEN,PENINSULA ENERGY LTD ORDINARY,-0.017543859649122806,0.5600000023841858,0.5899999737739563,-0.05357137725365435,-0.05357137725365435,False,-0.0009398487237483219,-0.0009398487237483219,0.0001103238866396761,-0.001050172610387998,87.962504,0.61,0.4126712328767123,0.17132867132867133,0.9965034965034965,0.08904109589041095,,0.3013698630136986,0.2534246575342466,0.03424657534246575,0.4520547945205479
2025-09-29,MYX,MAYNE PHARMA LTD ORDINARY,-0.017543859649122806,5.119999885559082,4.570000171661377,0.10742182152171031,0.10742182152171031,False,0.0018845933600300053,0.0018845933600300053,0.0001103238866396761,0.0017742694733903293,384.923655,1.28,0.5565068493150684,0.34965034965034963,0.8671328671328671,0.24315068493150685,,0.8082191780821918,0.1232876712328767,0.3150684931506849,0.19863013698630136
2025-09-29,PAR,PARADIGM BIO. ORDINARY,-0.017543859649122806,0.3100000023841858,0.39500001072883606,-0.27419357319652216,-0.16,True,-0.004810413564851266,-0.002807017543859649,0.00019804318488529014,-0.003005060728744939,118.775791,0.08,0.1558219178082192,0.038461538461538464,0.6818181818181818,0.11301369863013698,,0.11986301369863013,0.03424657534246575,0.03767123287671233,0.9623287671232876
2025-09-29,NXL,NUIX LIMITED ORDINARY,-0.017543859649122806,2.9000000953674316,2.359999895095825,0.18620695948742305,0.18620695948742305,False,0.0032667887629372464,0.0032667887629372464,0.0001103238866396761,0.0031564648762975704,45682.631577,3.0,0.7688356164383562,0.8111888111888111,0.7797202797202797,0.958904109589041,1.0,0.3150684931506849,0.3835616438356164,0.1678082191780822,0.7465753424657534
2025-09-29,NEU,NEUREN PHARMACEUT. ORDINARY,-0.017543859649122806,19.700000762939453,20.950000762939453,-0.06345177419239278,-0.06345177419239278,False,-0.0011131890209191717,-0.0011131890209191717,0.0001103238866396761,-0.0012235129075588477,1820.508406,5.2,0.9041095890410958,0.8391608391608392,0.7447552447552448,0.5821917808219178,0.851063829787234,0.8321917808219178,0.6232876712328768,0.02226027397260274,0.0273972602739726
2025-09-29,PWH,PWR HOLDINGS LIMITED ORDINARY,-0.017543859649122806,7.806580066680908,8.344964981079102,-0.06896552777266218,-0.06896552777266218,False,-0.0012099215398712663,-0.0012099215398712663,0.0001103238866396761,-0.0013202454265109423,696.907896,10.44,0.9726027397260274,0.45454545454545453,0.7867132867132867,0.363013698630137,0.8617021276595744,0.2226027397260274,0.6952054794520548,0.6952054794520548,0.6883561643835616
2025-09-29,PDN,PALADIN ENERGY LTD ORDINARY,-0.017543859649122806,8.270000457763672,9.460000038146973,-0.14389353258936755,-0.14389353258936755,False,-0.0025244479401643426,-0.0025244479401643426,0.0001103238866396761,-0.0026347718268040186,1869.35984,12.01,0.9863013698630136,0.458041958041958,0.6608391608391608,0.589041095890411,,0.3013698630136986,0.2226027397260274,0.4349315068493151,0.8767123287671232
2025-09-29,REH,REECE LIMITED ORDINARY,-0.017543859649122806,11.21182918548584,11.526592254638672,-0.02807419413420109,-0.02807419413420109,False,-0.0004925297216526507,-0.0004925297216526507,0.0001103238866396761,-0.0006028536082923269,9269.872997,1.96,0.6575342465753424,0.08041958041958042,0.8076923076923077,0.8561643835616438,0.6861702127659575,0.565068493150685,0.5445205479452054,0.6301369863013698,0.613013698630137
2025-09-29,TLG,TALGA GROUP LTD ORDINARY,-0.017543859649122806,0.4449999928474426,0.44999998807907104,-0.01123594452133525,-0.01123594452133525,False,-0.00019712183370763597,-0.00019712183370763597,0.0001103238866396761,-0.00030744572034731207,169.039772,0.08,0.1558219178082192,0.5314685314685315,0.6958041958041958,0.14383561643835616,,0.09246575342465753,0.07534246575342465,0.18493150684931506,0.958904109589041
2025-09-29,OCC,ORTHOCELL LIMITED ORDINARY,-0.017543859649122806,1.2450000047683716,1.190000057220459,0.04417666452792113,0.04417666452792113,False,0.0007750292022442303,0.0007750292022442303,0.0001103238866396761,0.0006647053156045541,287.146029,0.01,0.0821917808219178,0.25524475524475526,0.7762237762237763,0.2089041095890411,,0.2568493150684932,0.0410958904109589,0.2226027397260274,0.9452054794520548
2025-09-29,SIG,SIGMA HEALTH LTD ORDINARY,-0.017543859649122806,2.9780220985412598,3.077289342880249,-0.03333327996041868,-0.03333327996041868,False,-0.0005847943852705031,-0.0005847943852705031,0.0001103238866396761,-0.0006951182719101793,4519.322835,2.23,0.702054794520548,0.32167832167832167,0.13286713286713286,0.7568493150684932,,0.1506849315068493,0.2773972602739726,0.3732876712328767,0.9383561643835616
2025-09-29,SHV,SELECT HARVESTS ORDINARY,-0.017543859649122806,3.950000047683716,3.819999933242798,0.032911420980146655,0.032911420980146655,False,0.0005773933505288886,0.0005773933505288886,0.0001103238866396761,0.0004670694638892125,712.3998,2.59,0.7465753424657534,0.3181818181818182,0.8391608391608392,0.3664383561643836,0.23404255319148937,0.2636986301369863,0.684931506849315,0.7705479452054794,0.04452054794520548
2025-09-29,MVP,MEDICAL DEVELOPMENTS ORDINARY,-0.017543859649122806,0.699999988079071,0.6850000023841858,0.02142855135761923,0.02142855135761923,False,0.0003759394975020917,0.0003759394975020917,0.0001103238866396761,0.00026561561086241563,60.725551,0.0,0.03424657534246575,0.6608391608391608,0.7167832167832168,0.06164383561643835,,0.3664383561643836,0.3458904109589041,0.21232876712328766,0.2842465753424658
2025-09-29,WEB,WEB TRAVEL GROUP LTD ORDINARY,-0.017543859649122806,4.050000190734863,4.159999847412109,-0.027160407776990025,-0.027160407776990025,False,-0.00047649838205245657,-0.00047649838205245657,0.0001103238866396761,-0.0005868222686921326,1505.441491,2.38,0.7157534246575342,0.16783216783216784,0.04895104895104895,0.523972602739726,,0.2705479452054795,0.11643835616438356,0.5753424657534246,0.4520547945205479
2025-09-29,WBT,WEEBIT NANO LTD ORDINARY,-0.017543859649122806,3.240000009536743,5.150000095367432,-0.5895061975952838,-0.16,True,-0.010342213992899715,-0.002807017543859649,0.00019804318488529014,-0.003005060728744939,339.718803,2.03,0.6797945205479452,0.9545454545454546,0.8811188811188811,0.2226027397260274,,0.1815068493150685,0.1267123287671233,0.1095890410958904,0.9897260273972602
2025-09-29,VUL,VULCAN ENERGY ORDINARY,-0.017543859649122806,5.679999828338623,6.650000095367432,-0.1707747000606037,-0.16,True,-0.002996047369484275,-0.002807017543859649,0.00019804318488529014,-0.003005060728744939,528.207797,8.27,0.9486301369863014,0.8846153846153846,0.8846153846153846,0.3116438356164384,,0.10273972602739725,0.2054794520547945,0.13356164383561644,0.7123287671232876
2025-09-29,TTT,TITOMIC LIMITED ORDINARY,-0.017543859649122806,0.28999999165534973,0.25999999046325684,0.10344828294942288,0.10344828294942288,False,0.0018148821570074189,0.0018148821570074189,0.0001103238866396761,0.0017045582703677428,363.689311,0.01,0.0821917808219178,0.3881118881118881,0.8111888111888111,0.22945205479452055,,0.1232876712328767,0.017123287671232876,0.773972602739726,0.9143835616438356
2025-09-29,SFR,SANDFIRE RESOURCES ORDINARY,-0.017543859649122806,13.890000343322754,16.110000610351562,-0.15982722909693914,-0.16,True,-0.002803986475384897,-0.002807017543859649,0.00019804318488529014,-0.003005060728744939,5250.033901,4.16,0.8698630136986302,0.7412587412587412,0.7272727272727273,0.7671232876712328,0.8563829787234043,0.6301369863013698,0.4657534246575342,0.3561643835616438,0.9726027397260274
2025-09-29,TLX,TELIX PHARMACEUTICAL ORDINARY,-0.017543859649122806,15.0600004196167,15.8100004196167,-0.04980079542514981,-0.04980079542514981,False,-0.0008736981653535054,-0.0008736981653535054,0.0001103238866396761,-0.0009840220519931814,8234.607491,8.62,0.9554794520547946,0.017482517482517484,0.7657342657342657,0.8321917808219178,,0.3356164383561644,0.339041095890411,0.8082191780821918,0.3972602739726027
2025-09-29,TER,TERRACOM LTD ORDINARY,-0.017543859649122806,0.06700000166893005,0.08799999952316284,-0.31343279598709506,-0.16,True,-0.005498820982229737,-0.002807017543859649,0.00019804318488529014,-0.003005060728744939,57.153087,0.55,0.3681506849315068,0.08391608391608392,0.5034965034965035,0.05821917808219178,,0.9452054794520548,0.07876712328767123,0.2842465753424658,0.6027397260273972
2025-09-29,SRL,SUNRISE ORDINARY,-0.017543859649122806,4.920000076293945,4.699999809265137,0.0447155007352209,0.0447155007352209,False,0.0007844824690389631,0.0007844824690389631,0.0001103238866396761,0.000674158582399287,70.45243,0.62,0.4178082191780822,1.0,0.986013986013986,0.0684931506849315,,0.16095890410958905,0.06506849315068493,0.1780821917808219,0.07876712328767123
2025-09-29,SLX,SILEX SYSTEMS ORDINARY,-0.017543859649122806,6.480000019073486,9.970000267028809,-0.538580283593012,-0.16,True,-0.00944877690514056,-0.002807017543859649,0.00019804318488529014,-0.003005060728744939,1002.246809,8.89,0.958904109589041,0.8951048951048951,0.9825174825174825,0.4486301369863014,,0.3424657534246575,0.08904109589041095,0.11643835616438356,0.04794520547945205
2025-09-29,TOE,TORO ENERGY LIMITED ORDINARY,-0.017543859649122806,0.33000001311302185,0.47999998927116394,-0.45454536423539027,-0.16,True,-0.007974480074305092,-0.002807017543859649,0.00019804318488529014,-0.003005060728744939,23.455051,0.0,0.03424657534246575,0.9475524475524476,0.972027972027972,0.00684931506849315,,0.07191780821917808,0.0958904109589041,0.0958904109589041,0.4520547945205479
2025-10-27,BOT,BOTANIX PHARMA LTD ORDINARY,-0.017241379310344827,0.14000000059604645,0.11999999731779099,0.14285716566504258,0.14285716566504258,False,0.0024630545804317687,0.0024630545804317687,0.00010842175066312999,0.002354632829768639,599.378486,3.57,0.8372881355932204,0.25773195876288657,0.6838487972508591,0.34576271186440677,,0.10847457627118644,0.023728813559322035,0.5627118644067797,0.9966101694915255
2025-10-27,BOE,BOSS ENERGY LTD ORDINARY,-0.017241379310344827,1.6449999809265137,1.5800000429153442,0.03951364058652418,0.03951364058652418,False,0.0006812696652848996,0.0006812696652848996,0.00010842175066312999,0.0005728479146217696,1923.526159,20.72,1.0,0.3024054982817869,0.44673539518900346,0.6,,0.3694915254237288,0.2135593220338983,0.05084745762711865,0.06779661016949153
2025-10-27,BMN,BANNERMAN ENERGY LTD ORDINARY,-0.017241379310344827,3.2200000286102295,2.9000000953674316,0.09937886037252974,0.09937886037252974,False,0.0017134286271125818,0.0017134286271125818,0.00010842175066312999,0.0016050068764494518,650.306066,3.43,0.8305084745762712,0.7525773195876289,0.41924398625429554,0.3694915254237288,,0.1694915254237288,0.3288135593220339,0.04067796610169491,0.43389830508474575
2025-10-27,BBN,BABY BUNTING GRP LTD ORDINARY,-0.017241379310344827,2.799999952316284,2.7100000381469727,0.0321428270364289,0.0321428270364289,False,0.0005541866730418776,0.0005541866730418776,0.00010842175066312999,0.00044576492237874757,248.252731,0.37,0.3016949152542373,0.9209621993127147,0.8556701030927835,0.2,0.5,0.8847457627118644,0.6576271186440678,0.8813559322033898,0.6271186440677966
2025-10-27,BAP,BAPCOR LIMITED ORDINARY,-0.017241379310344827,2.609999895095825,2.319999933242798,0.11111110096132015,0.11111110096132015,False,0.0019157086372641405,0.0019157086372641405,0.00010842175066312999,0.0018072868866010105,1697.166705,4.27,0.8711864406779661,0.01718213058419244,0.7731958762886598,0.5694915254237288,,0.36610169491525424,0.3050847457627119,0.7694915254237288,0.26101694915254237
2025-10-27,ASM,AUSSTRATMATERIALS ORDINARY,-0.017241379310344827,0.9350000023841858,0.6449999809265137,0.3101604499659807,0.3101604499659807,False,0.005347593964930702,0.005347593964930702,0.00010842175066312999,0.005239172214267572,88.210114,0.02,0.09491525423728814,0.9278350515463918,0.9965635738831615,0.09491525423728814,,0.04406779661016949,0.2033898305084746,0.2711864406779661,0.8745762711864407
2025-10-27,ARB,ARB CORPORATION. ORDINARY,-0.017241379310344827,36.200477600097656,32.98374938964844,0.0888587229700124,0.0888587229700124,False,0.0015320469477588345,0.0015320469477588345,0.00010842175066312999,0.0014236251970957045,2716.962786,5.56,0.9016949152542373,0.5429553264604811,0.5292096219931272,0.6711864406779661,0.6210526315789474,0.5254237288135594,0.7288135593220338,0.2440677966101695,0.4915254237288136
2025-10-27,ARU,ARAFURA RARE EARTHS ORDINARY,-0.017241379310344827,0.375,0.2750000059604645,0.2666666507720947,0.2666666507720947,False,0.004597700875380944,0.004597700875380944,0.00010842175066312999,0.004489279124717814,379.6254,4.53,0.888135593220339,0.9656357388316151,0.9896907216494846,0.2440677966101695,,0.2745762711864407,0.34915254237288135,0.061016949152542375,0.43389830508474575
2025-10-27,AQZ,ALLIANCE AVIATION ORDINARY,-0.017241379310344827,2.5199999809265137,1.3300000429153442,0.472222201197656,0.472222201197656,False,0.008141762089614759,0.008141762089614759,0.00010842175066312999,0.008033340338951629,423.301127,0.04,0.1271186440677966,0.3402061855670103,0.9106529209621993,0.26440677966101694,0.08421052631578947,0.9186440677966101,0.7254237288135593,0.823728813559322,0.8508474576271187
2025-10-27,AD8,AUDINATEGROUPLTD ORDINARY,-0.017241379310344827,5.210000038146973,4.389999866485596,0.15738966711275193,0.15738966711275193,False,0.0027136149502198607,0.0027136149502198607,0.00010842175066312999,0.002605193199556731,622.872884,3.04,0.7898305084745763,0.09965635738831616,0.9553264604810997,0.3525423728813559,,0.3864406779661017,0.2677966101694915,0.16271186440677965,0.7966101694915254
2025-10-27,ACL,AU CLINICAL LABS ORDINARY,-0.017241379310344827,2.6629514694213867,2.8398265838623047,-0.06642070517317755,-0.06642070517317755,False,-0.001145184571951337,-0.001145184571951337,0.00010842175066312999,-0.001253606322614467,496.476441,2.92,0.7745762711864407,0.4054982817869416,0.40893470790378006,0.30847457627118646,0.22631578947368422,0.976271186440678,0.9152542372881356,0.9016949152542373,0.49491525423728816
2025-10-27,ASL,ANDEAN SILVER ORDINARY,-0.017241379310344827,1.6399999856948853,2.1500000953674316,-0.31097567934212744,-0.16,True,-0.005361649643829783,-0.0027586206896551726,0.00019462864721485413,-0.002953249336870027,161.651779,0.37,0.3016949152542373,0.7010309278350515,0.7628865979381443,0.1423728813559322,,0.09830508474576272,0.06779661016949153,0.13898305084745763,0.2135593220338983
2025-10-27,MIN,MINERAL RESOURCES. ORDINARY,-0.017241379310344827,44.93000030517578,47.189998626708984,-0.050300429694696946,-0.050300429694696946,False,-0.0008672487878396025,-0.0008672487878396025,0.00010842175066312999,-0.0009756705385027325,4244.833312,6.82,0.9322033898305084,0.8625429553264605,0.6048109965635738,0.7423728813559322,,0.0576271186440678,0.25084745762711863,0.911864406779661,0.26440677966101694
2025-10-27,4DX,4DMEDICAL LIMITED ORDINARY,-0.017241379310344827,1.9199999570846558,1.7450000047683716,0.09114581053533233,0.09114581053533233,False,0.0015714794919884883,0.0015714794919884883,0.00010842175066312999,0.0014630577413253583,98.499111,0.04,0.1271186440677966,1.0,0.9828178694158075,0.10847457627118644,,0.07796610169491526,0.17627118644067796,0.2542372881355932,0.061016949152542375
2025-10-27,LTR,LIONTOWN RESOURCES ORDINARY,-0.017241379310344827,1.2100000381469727,1.375,-0.1363636005381561,-0.1363636005381561,False,-0.0023510965610026914,-0.0023510965610026914,0.00010842175066312999,-0.002459518311665821,1610.970927,4.38,0.8847457627118644,0.8591065292096219,0.5945017182130584,0.5457627118644067,,0.2033898305084746,0.0711864406779661,0.8779661016949153,0.9457627118644067
2025-10-27,LKE,LAKE RESOURCES ORDINARY,-0.017241379310344827,0.03400000184774399,0.07800000160932541,-1.2941175697171605,-0.16,True,-0.022312371891675183,-0.0027586206896551726,0.00019462864721485413,-0.002953249336870027,45.988486,0.37,0.3016949152542373,0.14604810996563575,0.5807560137457045,0.04406779661016949,,0.01694915254237288,0.15593220338983052,0.11864406779661017,0.02711864406779661
2025-10-27,LIC,LIFESTYLE COMMUNIT. ORDINARY,-0.017241379310344827,5.420000076293945,5.670000076293945,-0.0461254606053334,-0.0461254606053334,False,-0.0007952665621609207,-0.0007952665621609207,0.00010842175066312999,-0.0009036883128240507,847.514976,8.0,0.9525423728813559,0.7319587628865979,0.6666666666666666,0.4135593220338983,,0.4847457627118644,0.061016949152542375,0.7593220338983051,0.030508474576271188
2025-10-27,BRN,BRAINCHIP LTD ORDINARY,-0.017241379310344827,0.20000000298023224,0.1899999976158142,0.05000002607703169,0.05000002607703169,False,0.000862069415121236,0.000862069415121236,0.00010842175066312999,0.000753647664458106,266.855451,6.31,0.9220338983050848,0.33505154639175255,0.7938144329896907,0.20677966101694914,,0.19322033898305085,0.030508474576271188,0.25084745762711863,0.976271186440678
2025-10-27,KAR,KAROON ENERGY LTD ORDINARY,-0.017241379310344827,1.602236270904541,1.5530879497528076,0.03067482745474659,0.03067482745474659,False,0.0005288763354266653,0.0005288763354266653,0.00010842175066312999,0.00042045458476353535,1464.232007,7.18,0.9457627118644067,0.15463917525773196,0.8762886597938144,0.5288135593220339,0.14210526315789473,0.0711864406779661,0.7762711864406779,0.559322033898305,0.13220338983050847
2025-10-27,IPD,IMPEDIMED LIMITED ORDINARY,-0.017241379310344827,0.04600000008940697,0.035999998450279236,0.21739133955850942,0.21739133955850942,False,0.0037481265441122315,0.0037481265441122315,0.00010842175066312999,0.0036397047934491017,70.672177,0.65,0.4271186440677966,0.29896907216494845,0.9862542955326461,0.07796610169491526,,0.06779661016949153,0.03728813559322034,0.7423728813559322,0.7457627118644068
2025-10-27,KGN,KOGAN.COM LTD ORDINARY,-0.017241379310344827,3.18516206741333,3.2243640422821045,-0.012307686089144676,-0.012307686089144676,False,-0.00021220148429559787,-0.00021220148429559787,0.00010842175066312999,-0.00032062323495872784,383.376984,1.97,0.6644067796610169,0.12371134020618557,0.3711340206185567,0.24745762711864408,,0.19661016949152543,0.020338983050847456,0.4847457627118644,0.10508474576271186
2025-10-27,ILU,ILUKA RESOURCES ORDINARY,-0.017241379310344827,7.146552562713623,6.589161396026611,0.07799441224222448,0.07799441224222448,False,0.0013447312455555944,0.0013447312455555944,0.00010842175066312999,0.0012363094948924644,1649.056603,9.06,0.9627118644067797,0.8109965635738832,0.8487972508591065,0.5559322033898305,0.11052631578947368,0.023728813559322035,0.5525423728813559,0.5016949152542373,0.7220338983050848
2025-10-27,IEL,IDP EDUCATION LTD ORDINARY,-0.017241379310344827,5.570400238037109,5.1136474609375,0.08199640197856939,0.08199640197856939,False,0.001413731068596024,0.001413731068596024,0.00010842175066312999,0.001305309317932894,1021.235423,12.13,0.9864406779661017,0.8969072164948454,0.865979381443299,0.46779661016949153,,0.8779661016949153,0.26101694915254237,0.7627118644067796,0.14576271186440679
2025-10-27,EML,EML PAYMENTS LTD ORDINARY,-0.017241379310344827,0.9700000286102295,0.8399999737739563,0.1340206711359908,0.1340206711359908,False,0.0023107012264826,0.0023107012264826,0.00010842175066312999,0.0022022794758194703,447.057264,1.42,0.5898305084745763,0.17525773195876287,0.3127147766323024,0.2847457627118644,,0.9830508474576272,0.05423728813559322,0.5525423728813559,0.03728813559322034
2025-10-27,EGR,ECOGRAF LIMITED ORDINARY,-0.017241379310344827,0.6299999952316284,0.4099999964237213,0.34920634995722655,0.34920634995722655,False,0.0060207991371935615,0.0060207991371935615,0.00010842175066312999,0.005912377386530432,122.93478,0.08,0.16610169491525423,0.9690721649484536,0.9656357388316151,0.12203389830508475,,0.2711864406779661,0.19661016949152543,0.08813559322033898,0.43389830508474575
2025-10-27,CXL,CALIX LIMITED ORDINARY,-0.017241379310344827,0.4399999976158142,0.625,-0.4204545531514263,-0.16,True,-0.007249216433645281,-0.0027586206896551726,0.00019462864721485413,-0.002953249336870027,73.014014,0.81,0.4711864406779661,0.048109965635738834,0.8900343642611683,0.08135593220338982,,0.03389830508474576,0.19322033898305085,0.19322033898305085,0.6915254237288135
2025-10-27,CAT,CATAPULT SPORTS LTD ORDINARY,-0.017241379310344827,7.300000190734863,5.150000095367432,0.2945205533139855,0.2945205533139855,False,0.00507794057437906,0.00507794057437906,0.00010842175066312999,0.0049695188237159306,1829.36448,1.3,0.5694915254237288,0.5463917525773195,0.46735395189003437,0.5864406779661017,,0.43389830508474575,0.13898305084745763,0.36271186440677966,0.43389830508474575
2025-10-27,MAD,MADER GROUP LIMITED ORDINARY,-0.017241379310344827,9.5,8.010000228881836,0.15684208117033305,0.15684208117033305,False,0.002704173813281604,0.002704173813281604,0.00010842175066312999,0.0025957520626184744,1358.61875,0.56,0.39322033898305087,0.8041237113402062,0.3848797250859107,0.5084745762711864,0.48947368421052634,0.4745762711864407,0.9389830508474576,0.4067796610169492,0.7559322033898305
2025-10-27,IMU,IMUGENE LIMITED ORDINARY,-0.017241379310344827,0.38999998569488525,0.3499999940395355,0.10256408492959168,0.10256408492959168,False,0.0017683462918895118,0.0017683462918895118,0.00010842175066312999,0.0016599245412263818,97.03107,2.23,0.7016949152542373,0.7731958762886598,0.8969072164948454,0.10508474576271186,,0.006779661016949152,0.04745762711864407,0.4576271186440678,0.9627118644067797
2025-10-27,MME,MONEYME LIMITED ORDINARY,-0.017241379310344827,0.11500000208616257,0.11500000208616257,-0.0,-0.0,False,-0.0,-0.0,0.00010842175066312999,-0.00010842175066312999,128.483308,0.0,0.02711864406779661,0.041237113402061855,0.7079037800687286,0.13220338983050847,,1.0,0.10508474576271186,0.9966101694915255,0.003389830508474576
2025-10-27,PWH,PWR HOLDINGS LIMITED ORDINARY,-0.017241379310344827,8.49451732635498,7.976071834564209,0.061032954772162196,0.061032954772162196,False,0.001052292323657969,0.001052292323657969,0.00010842175066312999,0.0009438705729948389,696.907896,10.53,0.9796610169491525,0.5326460481099656,0.6907216494845361,0.38305084745762713,0.8631578947368421,0.22033898305084745,0.7016949152542373,0.6983050847457627,0.6677966101694915
2025-10-27,PNV,POLYNOVO LIMITED ORDINARY,-0.017241379310344827,1.3450000286102295,1.184999942779541,0.11895916909088422,0.11895916909088422,False,0.002051020156739383,0.002051020156739383,0.00010842175066312999,0.001942598406076253,829.0104,10.51,0.976271186440678,0.5395189003436426,0.8865979381443299,0.4067796610169492,0.7631578947368421,0.376271186440678,0.911864406779661,0.4271186440677966,0.7796610169491526
2025-10-27,PLS,PILBARA MIN LTD ORDINARY,-0.017241379310344827,3.2799999713897705,3.9200000762939453,-0.19512198490446941,-0.16,True,-0.0033641721535253347,-0.0027586206896551726,0.00019462864721485413,-0.002953249336870027,4208.567569,14.67,0.9932203389830508,0.9553264604810997,0.8178694158075601,0.735593220338983,,0.17966101694915254,0.2440677966101695,0.4101694915254237,0.11864406779661017
2025-10-27,PET,PHOSLOCK ENV TEC LTD ORDINARY,-0.017241379310344827,0.00800000037997961,0.007000000216066837,0.12500001455191456,0.12500001455191456,False,0.002155172664688182,0.002155172664688182,0.00010842175066312999,0.0020467509140250522,15.544117,0.0,0.02711864406779661,0.003436426116838488,0.7491408934707904,0.003389830508474576,,0.12203389830508475,0.14576271186440679,0.09152542372881356,0.9932203389830508
2025-10-27,PEN,PENINSULA ENERGY LTD ORDINARY,-0.017241379310344827,0.5799999833106995,0.5099999904632568,0.12068964631322143,0.12068964631322143,False,0.002080855970917611,0.002080855970917611,0.00010842175066312999,0.0019724342202544812,87.962504,0.49,0.3593220338983051,0.19931271477663232,0.9037800687285223,0.09152542372881356,,0.288135593220339,0.2576271186440678,0.03389830508474576,0.43389830508474575
2025-10-27,PDN,PALADIN ENERGY LTD ORDINARY,-0.017241379310344827,8.40999984741211,8.0,0.048751469066705466,0.048751469066705466,False,0.0008405425701156115,0.0008405425701156115,0.00010842175066312999,0.0007321208194524815,1869.35984,12.19,0.9898305084745763,0.7972508591065293,0.41580756013745707,0.5932203389830508,,0.288135593220339,0.2271186440677966,0.43389830508474575,0.8711864406779661
2025-10-27,NVA,NOVA MINERALS LTD ORDINARY,-0.017241379310344827,0.8199999928474426,1.149999976158142,-0.4024390075477653,-0.16,True,-0.006938603578409746,-0.0027586206896551726,0.00019462864721485413,-0.002953249336870027,102.009479,0.1,0.19152542372881357,0.9862542955326461,1.0,0.11186440677966102,,0.17288135593220338,0.17288135593220338,0.022033898305084745,0.43389830508474575
2025-10-27,OCC,ORTHOCELL LIMITED ORDINARY,-0.017241379310344827,1.1549999713897705,1.0199999809265137,0.11688311152148012,0.11688311152148012,False,0.0020152260607151744,0.0020152260607151744,0.00010842175066312999,0.0019068043100520444,287.146029,0.09,0.17966101694915254,0.18213058419243985,0.9140893470790378,0.21694915254237288,,0.2542372881355932,0.04067796610169491,0.22033898305084745,0.9355932203389831
2025-10-27,NEU,NEUREN PHARMACEUT. ORDINARY,-0.017241379310344827,21.31999969482422,19.209999084472656,0.09896813511042402,0.09896813511042402,False,0.001706347157076276,0.001706347157076276,0.00010842175066312999,0.001597925406413146,1820.508406,5.41,0.8983050847457628,0.7285223367697594,0.6804123711340206,0.5830508474576271,0.8526315789473684,0.8203389830508474,0.6237288135593221,0.022033898305084745,0.023728813559322035
2025-10-27,MYX,MAYNE PHARMA LTD ORDINARY,-0.017241379310344827,6.110000133514404,3.6500000953674316,0.4026186553832377,0.4026186553832377,False,0.006941700954883409,0.006941700954883409,0.00010842175066312999,0.006833279204220279,384.923655,1.03,0.535593220338983,0.7079037800687286,0.6116838487972509,0.25084745762711863,,0.7966101694915254,0.12203389830508475,0.31864406779661014,0.19661016949152543
2025-10-27,MVF,MONASH IVF GROUP LTD ORDINARY,-0.017241379310344827,0.6924666166305542,0.854533314704895,-0.2340426154591173,-0.16,True,-0.004035217507915816,-0.0027586206896551726,0.00019462864721485413,-0.002953249336870027,274.702987,3.26,0.8169491525423729,0.140893470790378,0.49140893470790376,0.2135593220338983,0.3526315789473684,0.5322033898305085,0.5254237288135594,0.7559322033898305,0.2440677966101695
2025-10-27,PAR,PARADIGM BIO. ORDINARY,-0.017241379310344827,0.4449999928474426,0.3799999952316284,0.14606741272038148,0.14606741272038148,False,0.0025184036675927842,0.0025184036675927842,0.00010842175066312999,0.0024099819169296544,118.775791,0.2,0.23898305084745763,0.7594501718213058,0.7044673539518901,0.11864406779661017,,0.12542372881355932,0.03389830508474576,0.03728813559322034,0.9559322033898305
2025-10-27,REH,REECE LIMITED ORDINARY,-0.017241379310344827,12.104416847229004,12.413253784179688,-0.025514400309287533,-0.025514400309287533,False,-0.0004399034536084057,-0.0004399034536084057,0.00010842175066312999,-0.0005483252042715357,9269.872997,3.09,0.7966101694915254,0.20618556701030927,0.15807560137457044,0.847457627118644,0.6789473684210526,0.5457627118644067,0.5389830508474577,0.6305084745762712,0.6
2025-10-27,WBT,WEEBIT NANO LTD ORDINARY,-0.017241379310344827,4.96999979019165,3.819999933242798,0.23138831096500045,0.23138831096500045,False,0.003989453637327594,0.003989453637327594,0.00010842175066312999,0.003881031886664464,339.718803,1.67,0.6203389830508474,0.9725085910652921,0.9381443298969072,0.2305084745762712,,0.18305084745762712,0.12542372881355932,0.10847457627118644,0.9864406779661017
2025-10-27,SGM,SIMS LIMITED ORDINARY,-0.017241379310344827,14.457408905029297,16.96137237548828,-0.17319586704004286,-0.16,True,-0.0029861356386214287,-0.0027586206896551726,0.00019462864721485413,-0.002953249336870027,2958.889203,3.28,0.8220338983050848,0.32989690721649484,0.38831615120274915,0.688135593220339,,0.1423728813559322,0.31864406779661014,0.511864406779661,0.6237288135593221
2025-10-27,SFR,SANDFIRE RESOURCES ORDINARY,-0.017241379310344827,16.030000686645508,15.9399995803833,0.005614541634872516,0.005614541634872516,False,9.680244198056063e-05,9.680244198056063e-05,0.00010842175066312999,-1.1619308682569358e-05,5250.033901,4.06,0.8576271186440678,0.872852233676976,0.6563573883161512,0.7694915254237288,0.8578947368421053,0.6101694915254238,0.46779661016949153,0.3559322033898305,0.9661016949152542
2025-10-27,VUL,VULCAN ENERGY ORDINARY,-0.017241379310344827,6.340000152587891,5.087224006652832,0.1975987564327888,0.1975987564327888,False,0.0034068751109101515,0.0034068751109101515,0.00010842175066312999,0.0032984533602470217,528.207797,8.08,0.9559322033898305,0.9175257731958762,0.8419243986254296,0.3220338983050847,,0.11186440677966102,0.21016949152542372,0.13559322033898305,0.6949152542372882
2025-10-27,TTT,TITOMIC LIMITED ORDINARY,-0.017241379310344827,0.25,0.20000000298023224,0.19999998807907104,0.19999998807907104,False,0.0034482756565357075,0.0034482756565357075,0.00010842175066312999,0.0033398539058725777,363.689311,0.01,0.06610169491525424,0.30584192439862545,0.9278350515463918,0.23728813559322035,,0.1288135593220339,0.01694915254237288,0.7728813559322034,0.9050847457627119
2025-10-27,MSB,MESOBLAST LIMITED ORDINARY,-0.017241379310344827,2.559999942779541,2.6700000762939453,-0.042968803114491694,-0.042968803114491694,False,-0.0007408414330084775,-0.0007408414330084775,0.00010842175066312999,-0.0008492631836716075,1995.447132,7.02,0.9389830508474576,0.4845360824742268,0.7663230240549829,0.6169491525423729,,0.24067796610169492,0.22372881355932203,0.43050847457627117,0.43389830508474575
2025-10-27,TLX,TELIX PHARMACEUTICAL ORDINARY,-0.017241379310344827,16.670000076293945,15.050000190734863,0.09718055657737212,0.09718055657737212,False,0.0016755268375408987,0.0016755268375408987,0.00010842175066312999,0.0015671050868777687,8234.607491,10.13,0.9728813559322034,0.061855670103092786,0.8144329896907216,0.8305084745762712,,0.3220338983050847,0.3389830508474576,0.8067796610169492,0.376271186440678
2025-10-27,TLG,TALGA GROUP LTD ORDINARY,-0.017241379310344827,0.4699999988079071,0.44999998807907104,0.042553214424603025,0.042553214424603025,False,0.0007336761107690177,0.0007336761107690177,0.00010842175066312999,0.0006252543601058877,169.039772,0.03,0.1152542372881356,0.41924398625429554,0.8625429553264605,0.14915254237288136,,0.1016949152542373,0.07457627118644068,0.18305084745762712,0.9525423728813559
2025-10-27,TOE,TORO ENERGY LIMITED ORDINARY,-0.017241379310344827,0.4300000071525574,0.38999998569488525,0.0930233041681805,0.0930233041681805,False,0.0016038500718651809,0.0016038500718651809,0.00010842175066312999,0.0014954283212020509,23.455051,0.05,0.14067796610169492,0.9828178694158075,0.9450171821305842,0.010169491525423728,,0.08135593220338982,0.09491525423728814,0.09491525423728814,0.43389830508474575
2025-10-27,SPL,STARPHARMA HOLDINGS ORDINARY,-0.017241379310344827,0.3400000035762787,0.375,-0.10294116486933835,-0.10294116486933835,False,-0.001774847670161006,-0.001774847670161006,0.00010842175066312999,-0.001883269420824136,36.800727,0.09,0.17966101694915254,0.993127147766323,0.993127147766323,0.03728813559322034,,0.04745762711864407,0.09830508474576272,0.34576271186440677,0.911864406779661
2025-10-27,SOL,SOUL PATTINSON (W.H) ORDINARY,-0.017241379310344827,37.25212097167969,37.192787170410156,0.0015927630352816635,0.0015927630352816635,False,2.7461431642787302e-05,2.7461431642787302e-05,0.00010842175066312999,-8.096031902034268e-05,15020.233559,1.47,0.6016949152542372,0.23711340206185566,0.06872852233676977,0.8813559322033898,0.9526315789473684,0.3050847457627119,0.37966101694915255,0.3050847457627119,0.09152542372881356
2025-10-27,SLX,SILEX SYSTEMS ORDINARY,-0.017241379310344827,9.850000381469727,8.300000190734863,0.15736041936107892,0.15736041936107892,False,0.002713110678639292,0.002713110678639292,0.00010842175066312999,0.002604688927976162,1002.246809,7.54,0.9491525423728814,0.979381443298969,0.8934707903780069,0.4610169491525424,,0.3288135593220339,0.08813559322033898,0.1152542372881356,0.04067796610169491
2025-10-27,SIG,SIGMA HEALTH LTD ORDINARY,-0.017241379310344827,3.0574357509613037,2.8191940784454346,0.07792205361664994,0.07792205361664994,False,0.0013434836830456887,0.0013434836830456887,0.00010842175066312999,0.0012350619323825587,4519.322835,1.78,0.6372881355932203,0.48109965635738833,0.32646048109965636,0.7593220338983051,,0.15593220338983052,0.2847457627118644,0.376271186440678,0.9288135593220339
2025-10-27,SGR,THE STAR ENT GRP ORDINARY,-0.017241379310344827,0.09200000017881393,0.10999999940395355,-0.19565216511037264,-0.16,True,-0.003373313191558149,-0.0027586206896551726,0.00019462864721485413,-0.002953249336870027,385.993897,4.02,0.8542372881355932,0.49140893470790376,0.7250859106529209,0.2542372881355932,,0.010169491525423728,0.0576271186440678,0.8847457627118644,0.5220338983050847
2025-10-27,TER,TERRACOM LTD ORDINARY,-0.017241379310344827,0.08500000089406967,0.08399999886751175,0.01176472960046393,0.01176472960046393,False,0.00020284016552524016,0.00020284016552524016,0.00010842175066312999,9.441841486211018e-05,57.153087,0.24,0.25084745762711863,0.5257731958762887,0.8075601374570447,0.06440677966101695,,0.9423728813559322,0.07796610169491526,0.28135593220338984,0.5898305084745763
2025-11-24,BOT,BOTANIX PHARMA LTD ORDINARY,-0.017241379310344827,0.11500000208616257,0.11999999731779099,-0.043478218616745945,-0.043478218616745945,False,-0.0007496244589094128,-0.0007496244589094128,0.00010842175066312999,-0.0008580462095725428,599.378486,2.94,0.7628865979381443,0.10416666666666667,0.6770833333333334,0.33676975945017185,,0.10996563573883161,0.024054982817869417,0.5601374570446735,0.9965635738831615
2025-11-24,BOE,BOSS ENERGY LTD ORDINARY,-0.017241379310344827,1.5099999904632568,1.3700000047683716,0.09271522290005729,0.09271522290005729,False,0.0015985383258630568,0.0015985383258630568,0.00010842175066312999,0.0014901165751999268,1923.526159,23.68,1.0,0.06944444444444445,0.9652777777777778,0.5945017182130584,,0.3745704467353952,0.22336769759450173,0.05154639175257732,0.07216494845360824
2025-11-24,BMN,BANNERMAN ENERGY LTD ORDINARY,-0.017241379310344827,2.799999952316284,3.440000057220459,-0.2285714699297543,-0.16,True,-0.003940887412581971,-0.0027586206896551726,0.00019462864721485413,-0.002953249336870027,650.306066,3.94,0.8487972508591065,0.40625,0.8506944444444444,0.36082474226804123,,0.17525773195876287,0.33676975945017185,0.041237113402061855,0.4415807560137457
2025-11-24,BET,BETMAKERS TECH GROUP ORDINARY,-0.017241379310344827,0.15000000596046448,0.18000000715255737,-0.19999999999999996,-0.16,True,-0.0034482758620689646,-0.0027586206896551726,0.00019462864721485413,-0.002953249336870027,96.981086,0.2,0.2268041237113402,0.2673611111111111,0.8194444444444444,0.10309278350515463,,0.8487972508591065,0.16494845360824742,0.15807560137457044,0.6460481099656358
2025-11-24,BBN,BABY BUNTING GRP LTD ORDINARY,-0.017241379310344827,2.7300000190734863,2.4800000190734863,0.0915750909352907,0.0915750909352907,False,0.0015788808781946673,0.0015788808781946673,0.00010842175066312999,0.0014704591275315373,248.252731,0.4,0.3230240549828179,0.4583333333333333,0.4201388888888889,0.1958762886597938,0.4918918918918919,0.8900343642611683,0.6666666666666666,0.8797250859106529,0.6357388316151202
2025-11-24,AD8,AUDINATEGROUPLTD ORDINARY,-0.017241379310344827,3.859999895095825,4.130000114440918,-0.06994824525465182,-0.06994824525465182,False,-0.0012060042285284797,-0.0012060042285284797,0.00010842175066312999,-0.0013144259791916097,622.872884,4.28,0.865979381443299,0.19444444444444445,0.3819444444444444,0.3436426116838488,,0.3917525773195876,0.27835051546391754,0.16151202749140894,0.8006872852233677
2025-11-24,ASX,ASX LIMITED ORDINARY,-0.017241379310344827,57.0034294128418,50.565025329589844,0.11294766208928309,0.11294766208928309,False,0.0019473734842979842,0.0019473734842979842,0.00010842175066312999,0.0018389517336348542,13540.622071,2.15,0.6735395189003437,0.3854166666666667,0.3298611111111111,0.8694158075601375,0.5621621621621622,0.8694158075601375,0.7525773195876289,0.27147766323024053,0.35738831615120276
2025-11-24,ASM,AUSSTRATMATERIALS ORDINARY,-0.017241379310344827,0.6150000095367432,0.7149999737739563,-0.162601565343941,-0.16,True,-0.0028034752645507066,-0.0027586206896551726,0.00019462864721485413,-0.002953249336870027,88.210114,0.05,0.12199312714776632,0.6006944444444444,0.7881944444444444,0.09965635738831616,,0.044673539518900345,0.21305841924398625,0.26804123711340205,0.8762886597938144
2025-11-24,ASL,ANDEAN SILVER ORDINARY,-0.017241379310344827,1.6050000190734863,2.680000066757202,-0.6697819532141052,-0.16,True,-0.01154796471058802,-0.0027586206896551726,0.00019462864721485413,-0.002953249336870027,161.651779,0.52,0.36254295532646047,0.5381944444444444,0.8958333333333334,0.140893470790378,,0.09965635738831616,0.07216494845360824,0.140893470790378,0.21993127147766323
2025-11-24,ARU,ARAFURA RARE EARTHS ORDINARY,-0.017241379310344827,0.25999999046325684,0.27000001072883606,-0.03846161781683777,-0.03846161781683777,False,-0.0006631313416696167,-0.0006631313416696167,0.00010842175066312999,-0.0007715530923327467,379.6254,3.23,0.7972508591065293,0.8888888888888888,0.9201388888888888,0.24054982817869416,,0.281786941580756,0.35738831615120276,0.061855670103092786,0.4415807560137457
2025-11-24,BRN,BRAINCHIP LTD ORDINARY,-0.017241379310344827,0.17000000178813934,0.17499999701976776,-0.029411736347271455,-0.029411736347271455,False,-0.000507098902539163,-0.000507098902539163,0.00010842175066312999,-0.000615520653202293,266.855451,4.51,0.872852233676976,0.20833333333333334,0.2777777777777778,0.2027491408934708,,0.19931271477663232,0.030927835051546393,0.24742268041237114,0.9759450171821306
2025-11-24,BAP,BAPCOR LIMITED ORDINARY,-0.017241379310344827,2.2100000381469727,2.0999999046325684,0.049773815210716665,0.049773815210716665,False,0.000858169227770977,0.000858169227770977,0.00010842175066312999,0.000749747477107847,1697.166705,5.41,0.9072164948453608,0.010416666666666666,0.4305555555555556,0.563573883161512,,0.3711340206185567,0.3127147766323024,0.7697594501718213,0.26804123711340205
2025-11-24,LTR,LIONTOWN RESOURCES ORDINARY,-0.017241379310344827,1.375,1.6749999523162842,-0.2181817835027522,-0.16,True,-0.003761754887978486,-0.0027586206896551726,0.00019462864721485413,-0.002953249336870027,1610.970927,3.05,0.7663230240549829,0.9444444444444444,0.9513888888888888,0.5395189003436426,,0.20962199312714777,0.07560137457044673,0.8762886597938144,0.9450171821305842
2025-11-24,IGO,IGO LIMITED ORDINARY,-0.017241379310344827,6.25,8.039999961853027,-0.2863999938964843,-0.16,True,-0.004937930929249729,-0.0027586206896551726,0.00019462864721485413,-0.002953249336870027,3152.021255,1.33,0.570446735395189,0.8298611111111112,0.96875,0.6907216494845361,,0.42955326460481097,0.19243986254295534,0.15463917525773196,0.13058419243986255
2025-11-24,CAT,CATAPULT SPORTS LTD ORDINARY,-0.017241379310344827,4.670000076293945,4.170000076293945,0.1070663794071699,0.1070663794071699,False,0.0018459720587443087,0.0018459720587443087,0.00010842175066312999,0.0017375503080811787,1829.36448,3.43,0.8178694158075601,0.09027777777777778,0.3506944444444444,0.5807560137457045,,0.436426116838488,0.14432989690721648,0.35738831615120276,0.4415807560137457
2025-11-24,LIC,LIFESTYLE COMMUNIT. ORDINARY,-0.017241379310344827,5.590000152587891,5.03000020980835,0.10017887790580637,0.10017887790580637,False,0.0017272220328587305,0.0017272220328587305,0.00010842175066312999,0.0016188002821956005,847.514976,8.55,0.9553264604810997,0.6215277777777778,0.5833333333333334,0.4054982817869416,,0.4879725085910653,0.061855670103092786,0.7594501718213058,0.03436426116838488
2025-11-24,KGN,KOGAN.COM LTD ORDINARY,-0.017241379310344827,2.9597504138946533,3.4987778663635254,-0.1821192253030488,-0.16,True,-0.0031399866431560137,-0.0027586206896551726,0.00019462864721485413,-0.002953249336870027,383.376984,1.64,0.5945017182130584,0.08333333333333333,0.09027777777777778,0.24398625429553264,,0.2027491408934708,0.020618556701030927,0.48109965635738833,0.10996563573883161
2025-11-24,IXR,IONIC RARE EARTHS ORDINARY,-0.017241379310344827,0.41999998688697815,0.3700000047683716,0.11904758018971451,0.11904758018971451,False,0.0020525444860295602,0.0020525444860295602,0.00010842175066312999,0.0019441227353664302,63.209109,0.03,0.08762886597938144,0.9861111111111112,1.0,0.07216494845360824,,0.16494845360824742,0.13402061855670103,0.21649484536082475,0.01718213058419244
2025-11-24,ILU,ILUKA RESOURCES ORDINARY,-0.017241379310344827,6.609067916870117,5.9023756980896,0.10692766781479657,0.10692766781479657,False,0.0018435804795654581,0.0018435804795654581,0.00010842175066312999,0.0017351587289023281,1649.056603,8.33,0.9484536082474226,0.6666666666666666,0.6875,0.5498281786941581,0.10270270270270271,0.024054982817869417,0.5601374570446735,0.49828178694158076,0.7285223367697594
2025-11-24,IMU,IMUGENE LIMITED ORDINARY,-0.017241379310344827,0.30000001192092896,0.32499998807907104,-0.08333325054910778,-0.08333325054910778,False,-0.0014367801818811687,-0.0014367801818811687,0.00010842175066312999,-0.0015452019325442987,97.03107,2.12,0.6597938144329897,0.6631944444444444,0.5763888888888888,0.10652920962199312,,0.006872852233676976,0.048109965635738834,0.4536082474226804,0.9621993127147767
2025-11-24,EML,EML PAYMENTS LTD ORDINARY,-0.017241379310344827,0.8349999785423279,0.8999999761581421,-0.07784431052236163,-0.07784431052236163,False,-0.001342143284868304,-0.001342143284868304,0.00010842175066312999,-0.001450565035531434,447.057264,2.43,0.718213058419244,0.0763888888888889,0.3263888888888889,0.27835051546391754,,0.9862542955326461,0.054982817869415807,0.5498281786941581,0.041237113402061855
2025-11-24,DUB,DUBBER CORP LTD ORDINARY,-0.017241379310344827,0.01600000075995922,0.017999999225139618,-0.12499989813659829,-0.12499989813659829,False,-0.002155170657527557,-0.002155170657527557,0.00010842175066312999,-0.0022635924081906866,46.966275,0.0,0.029209621993127148,0.1111111111111111,0.7569444444444444,0.044673539518900345,,0.030927835051546393,0.003436426116838488,0.6701030927835051,0.6426116838487973
2025-11-24,DMP,DOMINO PIZZA ENTERPR ORDINARY,-0.017241379310344827,20.234317779541016,21.09304428100586,-0.04243911313546267,-0.04243911313546267,False,-0.0007317088471631495,-0.0007317088471631495,0.00010842175066312999,-0.0008401305978262795,1820.018471,16.73,0.9965635738831615,0.9236111111111112,0.9479166666666666,0.5738831615120275,0.8108108108108109,0.5910652920962199,0.5085910652920962,0.9278350515463918,0.3161512027491409
2025-11-24,CXL,CALIX LIMITED ORDINARY,-0.017241379310344827,0.5899999737739563,0.800000011920929,-0.3559322838672343,-0.16,True,-0.006136763514952315,-0.0027586206896551726,0.00019462864721485413,-0.002953249336870027,73.014014,0.67,0.422680412371134,0.8923611111111112,0.9965277777777778,0.08247422680412371,,0.03436426116838488,0.19931271477663232,0.19243986254295534,0.697594501718213
2025-11-24,CTM,CENTAURUS METALS LTD ORDINARY,-0.017241379310344827,0.38999998569488525,0.5400000214576721,-0.38461549042245013,-0.16,True,-0.006631301559007761,-0.0027586206896551726,0.00019462864721485413,-0.002953249336870027,182.26311,0.0,0.029209621993127148,0.71875,0.6006944444444444,0.15463917525773196,,0.27835051546391754,0.06529209621993128,0.1958762886597938,0.4415807560137457
2025-11-24,4DX,4DMEDICAL LIMITED ORDINARY,-0.017241379310344827,1.5399999618530273,3.740000009536743,-1.4285714949216843,-0.16,True,-0.02463054301589111,-0.0027586206896551726,0.00019462864721485413,-0.002953249336870027,98.499111,0.03,0.08762886597938144,1.0,0.9548611111111112,0.10996563573883161,,0.07903780068728522,0.18213058419243985,0.2508591065292096,0.06529209621993128
2025-11-24,CCX,CITY CHIC COLLECTIVE ORDINARY,-0.017241379310344827,0.09600000083446503,0.11749999970197678,-0.223958319589858,-0.16,True,-0.0038613503377561724,-0.0027586206896551726,0.00019462864721485413,-0.002953249336870027,29.814201,0.13,0.19243986254295534,0.4513888888888889,0.5694444444444444,0.024054982817869417,,0.5189003436426117,0.21649484536082475,0.8109965635738832,0.2542955326460481
2025-11-24,LKE,LAKE RESOURCES ORDINARY,-0.017241379310344827,0.054999999701976776,0.13500000536441803,-1.4545455653805384,-0.16,True,-0.025078371816905833,-0.0027586206896551726,0.00019462864721485413,-0.002953249336870027,45.988486,0.11,0.17353951890034364,0.9618055555555556,0.9930555555555556,0.041237113402061855,,0.01718213058419244,0.16151202749140894,0.12027491408934708,0.030927835051546393
2025-11-24,EMR,EMERALD RES NL ORDINARY,-0.017241379310344827,5.119999885559082,6.429999828338623,-0.25585936954303157,-0.16,True,-0.004411368440397096,-0.0027586206896551726,0.00019462864721485413,-0.002953249336870027,2600.581276,0.79,0.4484536082474227,0.8472222222222222,0.6076388888888888,0.6529209621993127,0.8,0.36769759450171824,0.5945017182130584,0.19931271477663232,0.13402061855670103
2025-11-24,LYC,LYNAS RARE EARTHS ORDINARY,-0.017241379310344827,15.039999961853027,12.489999771118164,0.1695478854523007,0.1695478854523007,False,0.002923239404350012,0.002923239404350012,0.00010842175066312999,0.0028148176536868822,8056.338582,5.07,0.8934707903780069,0.6597222222222222,0.9236111111111112,0.8213058419243986,0.9945945945945946,0.23711340206185566,0.3711340206185567,0.281786941580756,0.8178694158075601
2025-11-24,PDN,PALADIN ENERGY LTD ORDINARY,-0.017241379310344827,7.449999809265137,9.609999656677246,-0.2899328728473043,-0.16,True,-0.004998842635298349,-0.0027586206896551726,0.00019462864721485413,-0.002953249336870027,1869.35984,13.15,0.993127147766323,0.3506944444444444,0.8784722222222222,0.5876288659793815,,0.29553264604810997,0.23711340206185566,0.42955326460481097,0.872852233676976
2025-11-24,OFX,OFX GROUP LTD ORDINARY,-0.017241379310344827,0.5950000286102295,0.49000000953674316,0.1764706118060868,0.1764706118060868,False,0.0030425967552773587,0.0030425967552773587,0.00010842175066312999,0.002934175004614229,200.290098,0.21,0.23539518900343642,0.027777777777777776,0.8055555555555556,0.1718213058419244,0.7675675675675676,0.07560137457044673,0.41924398625429554,0.44329896907216493,0.5292096219931272
2025-11-24,OCC,ORTHOCELL LIMITED ORDINARY,-0.017241379310344827,1.0850000381469727,1.0700000524520874,0.013824871122127491,0.013824871122127491,False,0.0002383598469332326,0.0002383598469332326,0.00010842175066312999,0.00012993809627010264,287.146029,0.79,0.4484536082474227,0.3819444444444444,0.7395833333333334,0.21305841924398625,,0.25773195876288657,0.041237113402061855,0.21993127147766323,0.9347079037800687
2025-11-24,NVA,NOVA MINERALS LTD ORDINARY,-0.017241379310344827,1.065000057220459,0.9100000262260437,0.1455399273864355,0.1455399273864355,False,0.002509309092869578,0.002509309092869578,0.00010842175066312999,0.002400887342206448,102.009479,0.11,0.17353951890034364,0.9965277777777778,0.9756944444444444,0.1134020618556701,,0.17869415807560138,0.17869415807560138,0.022336769759450172,0.4415807560137457
2025-11-24,NEU,NEUREN PHARMACEUT. ORDINARY,-0.017241379310344827,18.3799991607666,19.1299991607666,-0.040805224931725004,-0.040805224931725004,False,-0.0007035383608918104,-0.0007035383608918104,0.00010842175066312999,-0.0008119601115549404,1820.508406,5.39,0.9037800687285223,0.4444444444444444,0.6354166666666666,0.5773195876288659,0.8486486486486486,0.8316151202749141,0.6323024054982818,0.022336769759450172,0.027491408934707903
2025-11-24,MIN,MINERAL RESOURCES. ORDINARY,-0.017241379310344827,47.290000915527344,54.9900016784668,-0.1628251345711269,-0.16,True,-0.00280732990639874,-0.0027586206896551726,0.00019462864721485413,-0.002953249336870027,4244.833312,5.9,0.9106529209621993,0.8645833333333334,0.8263888888888888,0.738831615120275,,0.058419243986254296,0.2611683848797251,0.9106529209621993,0.27147766323024053
2025-11-24,MYX,MAYNE PHARMA LTD ORDINARY,-0.017241379310344827,3.6500000953674316,3.1600000858306885,0.13424657444766908,0.13424657444766908,False,0.002314596111166708,0.002314596111166708,0.00010842175066312999,0.0022061743605035784,384.923655,0.99,0.4948453608247423,0.03125,0.9618055555555556,0.24742268041237114,,0.8075601374570447,0.12371134020618557,0.3127147766323024,0.1958762886597938
2025-11-24,MVF,MONASH IVF GROUP LTD ORDINARY,-0.017241379310344827,0.8643555045127869,0.7170222401618958,0.17045447571244288,0.17045447571244288,False,0.0029388702709041876,0.0029388702709041876,0.00010842175066312999,0.002830448520241058,274.702987,3.16,0.7938144329896907,0.84375,0.9895833333333334,0.20962199312714777,0.34594594594594597,0.5360824742268041,0.5326460481099656,0.7560137457044673,0.2508591065292096
2025-11-24,MSB,MESOBLAST LIMITED ORDINARY,-0.017241379310344827,2.3299999237060547,2.809999942779541,-0.2060085986226159,-0.16,True,-0.0035518723900451014,-0.0027586206896551726,0.00019462864721485413,-0.002953249336870027,1995.447132,6.44,0.9243986254295533,0.7673611111111112,0.5381944444444444,0.6116838487972509,,0.24398625429553264,0.23367697594501718,0.4261168384879725,0.4415807560137457
2025-11-24,MME,MONEYME LIMITED ORDINARY,-0.017241379310344827,0.11999999731779099,0.10999999940395355,0.08333331781129005,0.08333331781129005,False,0.0014367813415739664,0.0014367813415739664,0.00010842175066312999,0.0013283595909108364,128.483308,0.0,0.029209621993127148,0.3576388888888889,0.8402777777777778,0.13402061855670103,,1.0,0.10996563573883161,0.9965635738831615,0.003436426116838488
2025-11-24,PEN,PENINSULA ENERGY LTD ORDINARY,-0.017241379310344827,0.4449999928474426,0.6700000166893005,-0.5056180392321796,-0.16,True,-0.008717552400554822,-0.0027586206896551726,0.00019462864721485413,-0.002953249336870027,87.962504,0.54,0.37285223367697595,0.8576388888888888,0.6736111111111112,0.09621993127147767,,0.29553264604810997,0.26804123711340205,0.03436426116838488,0.4415807560137457
2025-11-24,NCK,NICK SCALI LIMITED ORDINARY,-0.017241379310344827,22.76380729675293,22.959625244140625,-0.008602161529263519,-0.008602161529263519,False,-0.00014831312981488826,-0.00014831312981488826,0.00010842175066312999,-0.00025673488047801824,1557.514028,3.37,0.8144329896907216,0.5,0.7951388888888888,0.5360824742268041,0.5945945945945946,0.7010309278350515,0.8865979381443299,0.8419243986254296,0.30927835051546393
2025-11-24,PLS,PLS GROUP LTD ORDINARY,-0.017241379310344827,3.759999990463257,4.309999942779541,-0.14627658343385286,-0.14627658343385286,False,-0.0025220100592043596,-0.0025220100592043596,0.00010842175066312999,-0.0026304318098674894,4208.567569,10.76,0.9759450171821306,0.9479166666666666,0.9270833333333334,0.7319587628865979,,0.18556701030927836,0.2542955326460481,0.4054982817869416,0.12371134020618557
2025-11-24,WBT,WEEBIT NANO LTD ORDINARY,-0.017241379310344827,3.6500000953674316,5.800000190734863,-0.589041106627971,-0.16,True,-0.01015588114875812,-0.0027586206896551726,0.00019462864721485413,-0.002953249336870027,339.718803,2.19,0.6786941580756014,0.9027777777777778,0.8645833333333334,0.2268041237113402,,0.18900343642611683,0.12714776632302405,0.10996563573883161,0.9862542955326461
2025-11-24,PWH,PWR HOLDINGS LIMITED ORDINARY,-0.017241379310344827,7.906280994415283,7.637088775634766,0.03404789419585075,0.03404789419585075,False,0.0005870326585491508,0.0005870326585491508,0.00010842175066312999,0.0004786109078860208,696.907896,11.23,0.9828178694158075,0.6180555555555556,0.16666666666666666,0.3745704467353952,0.8594594594594595,0.22336769759450173,0.7044673539518901,0.697594501718213,0.6735395189003437
2025-11-24,SHV,SELECT HARVESTS ORDINARY,-0.017241379310344827,3.880000114440918,5.150000095367432,-0.3273195730587013,-0.16,True,-0.005643440914805195,-0.0027586206896551726,0.00019462864721485413,-0.002953249336870027,572.693785,2.73,0.7422680412371134,0.6111111111111112,0.625,0.3230240549828179,0.9081081081081082,0.9725085910652921,0.4020618556701031,0.6769759450171822,0.9725085910652921
2025-11-24,PPE,PEOPLEIN LIMITED ORDINARY,-0.017241379310344827,0.8349999785423279,0.8899999856948853,-0.06586827373166138,-0.06586827373166138,False,-0.001135659891925196,-0.001135659891925196,0.00010842175066312999,-0.001244081642588326,78.103246,0.0,0.029209621993127148,0.8819444444444444,0.7916666666666666,0.08934707903780069,,0.9587628865979382,0.20962199312714777,0.7731958762886598,0.20618556701030927
2025-11-24,M7T,MACH7 TECH LIMITED ORDINARY,-0.017241379310344827,0.41999998688697815,0.5699999928474426,-0.3571428824849687,-0.16,True,-0.0061576359049132535,-0.0027586206896551726,0.00019462864721485413,-0.002953249336870027,78.872184,0.01,0.06357388316151202,0.90625,0.9375,0.09278350515463918,,0.6597938144329897,0.16838487972508592,0.18556701030927836,0.18213058419243985
2025-11-24,VUL,VULCAN ENERGY ORDINARY,-0.017241379310344827,5.630000114440918,4.579999923706055,0.18650091818677217,0.18650091818677217,False,0.003215533072185727,0.003215533072185727,0.00010842175066312999,0.0031071113215225972,528.207797,8.36,0.9518900343642611,0.9166666666666666,0.8715277777777778,0.3127147766323024,,0.1134020618556701,0.21993127147766323,0.13745704467353953,0.7010309278350515
2025-11-24,TOE,TORO ENERGY LIMITED ORDINARY,-0.017241379310344827,0.35499998927116394,0.4449999928474426,-0.2535211444965224,-0.16,True,-0.004371054215457283,-0.0027586206896551726,0.00019462864721485413,-0.002953249336870027,23.455051,0.05,0.12199312714776632,0.9826388888888888,0.8888888888888888,0.010309278350515464,,0.08247422680412371,0.09965635738831616,0.09621993127147767,0.4415807560137457
2025-11-24,TER,TERRACOM LTD ORDINARY,-0.017241379310344827,0.08399999886751175,0.06311099976301193,0.24867856412054012,0.24867856412054012,False,0.00428756145035414,0.00428756145035414,0.00010842175066312999,0.00417913969969101,57.153087,0.3,0.2663230240549828,0.7847222222222222,0.4270833333333333,0.061855670103092786,,0.9415807560137457,0.08247422680412371,0.27835051546391754,0.6013745704467354
2025-11-24,TTT,TITOMIC LIMITED ORDINARY,-0.017241379310344827,0.19499999284744263,0.23499999940395355,-0.20512824627539739,-0.16,True,-0.003536693901299955,-0.0027586206896551726,0.00019462864721485413,-0.002953249336870027,363.689311,0.17,0.20446735395189003,0.09375,0.7743055555555556,0.23367697594501718,,0.13058419243986255,0.01718213058419244,0.7766323024054983,0.9037800687285223
2025-11-24,SIG,SIGMA HEALTH LTD ORDINARY,-0.017241379310344827,2.9085347652435303,2.9383151531219482,-0.010238965761829144,-0.010238965761829144,False,-0.00017653389244533008,-0.00017653389244533008,0.00010842175066312999,-0.0002849556431084601,4519.322835,1.98,0.647766323024055,0.3958333333333333,0.3958333333333333,0.7560137457044673,,0.15807560137457044,0.2920962199312715,0.3711340206185567,0.9278350515463918
2025-11-24,SGR,THE STAR ENT GRP ORDINARY,-0.017241379310344827,0.10499999672174454,0.14000000059604645,-0.3333333806386085,-0.16,True,-0.005747127252389802,-0.0027586206896551726,0.00019462864721485413,-0.002953249336870027,385.993897,1.73,0.6116838487972509,0.5625,0.9097222222222222,0.2508591065292096,,0.010309278350515464,0.058419243986254296,0.8831615120274914,0.5326460481099656
2025-11-24,SGM,SIMS LIMITED ORDINARY,-0.017241379310344827,16.186336517333984,17.8953914642334,-0.10558627303152779,-0.10558627303152779,False,-0.0018204529833022033,-0.0018204529833022033,0.00010842175066312999,-0.0019288747339653333,2958.889203,2.72,0.738831615120275,0.78125,0.6631944444444444,0.6838487972508591,,0.14432989690721648,0.32646048109965636,0.5085910652920962,0.6323024054982818
2025-11-24,RFG,RETAIL FOOD GROUP ORDINARY,-0.017241379310344827,1.5,1.4950000047683716,0.0033333301544189453,0.0033333301544189453,False,5.747120955894733e-05,5.747120955894733e-05,0.00010842175066312999,-5.095054110418266e-05,125.51137,0.54,0.37285223367697595,0.6736111111111112,0.375,0.12714776632302405,,0.5807560137457045,0.15807560137457044,0.711340206185567,0.32989690721649484
2025-11-24,REH,REECE LIMITED ORDINARY,-0.017241379310344827,12.323591232299805,12.951228141784668,-0.05092970852845591,-0.05092970852845591,False,-0.0008780984229044122,-0.0008780984229044122,0.00010842175066312999,-0.0009865201735675421,9269.872997,3.1,0.7766323024054983,0.7604166666666666,0.8125,0.845360824742268,0.6702702702702703,0.5498281786941581,0.5463917525773195,0.6288659793814433,0.6116838487972509
2025-11-24,SOL,SOUL PATTINSON (W.H) ORDINARY,-0.017241379310344827,36.658775329589844,36.42144012451172,0.006474171680431295,0.006474171680431295,False,0.00011162364966260854,0.00011162364966260854,0.00010842175066312999,3.201898999478551e-06,15020.233559,1.67,0.6048109965635738,0.1736111111111111,0.25,0.8797250859106529,0.9513513513513514,0.3127147766323024,0.38831615120274915,0.29896907216494845,0.09621993127147767
2025-12-29,ASL,ANDEAN SILVER ORDINARY,-0.017241379310344827,2.680000066757202,2.009999990463257,0.2500000222405385,0.2500000222405385,False,0.004310345211043768,0.004310345211043768,0.00010842175066312999,0.004201923460380638,161.651779,0.38,0.2876712328767123,0.8827586206896552,0.9896551724137931,0.136986301369863,,0.0958904109589041,0.0684931506849315,0.136986301369863,0.2089041095890411
2025-12-29,BET,BETMAKERS TECH GROUP ORDINARY,-0.017241379310344827,0.18000000715255737,0.20000000298023224,-0.11111108351636934,-0.11111108351636934,False,-0.0019157083364891264,-0.0019157083364891264,0.00010842175066312999,-0.002024130087152256,96.981086,0.16,0.20034246575342465,0.25862068965517243,0.7965517241379311,0.09931506849315068,,0.8493150684931506,0.16095890410958905,0.1541095890410959,0.6472602739726028
2025-12-29,BBN,BABY BUNTING GRP LTD ORDINARY,-0.017241379310344827,2.4800000190734863,2.299999952316284,0.07258067152130476,0.07258067152130476,False,0.001251390888298358,0.001251390888298358,0.00010842175066312999,0.001142969137635228,248.252731,0.24,0.2345890410958904,0.1310344827586207,0.6379310344827587,0.18493150684931506,0.49732620320855614,0.8904109589041096,0.6575342465753424,0.8801369863013698,0.636986301369863
2025-12-29,BAP,BAPCOR LIMITED ORDINARY,-0.017241379310344827,2.0999999046325684,2.0899999141693115,0.004761900436850985,0.004761900436850985,False,8.210173166984458e-05,8.210173166984458e-05,0.00010842175066312999,-2.632001899328541e-05,1697.166705,6.88,0.928082191780822,0.027586206896551724,0.9655172413793104,0.565068493150685,,0.3698630136986301,0.3116438356164384,0.7636986301369864,0.2568493150684932
2025-12-29,ARU,ARAFURA RARE EARTHS ORDINARY,-0.017241379310344827,0.27000001072883606,0.23000000417232513,0.1481481665446427,0.1481481665446427,False,0.0025542787335283224,0.0025542787335283224,0.00010842175066312999,0.0024458569828651926,379.6254,0.25,0.23972602739726026,0.7689655172413793,0.9379310344827586,0.2363013698630137,,0.273972602739726,0.3561643835616438,0.05821917808219178,0.4332191780821918
2025-12-29,LOT,LOTUS RESOURCES LTD ORDINARY,-0.017241379310344827,2.069999933242798,2.680000066757202,-0.2946860643414597,-0.16,True,-0.0050807942127837884,-0.0027586206896551726,0.00019462864721485413,-0.002953249336870027,456.352832,8.87,0.952054794520548,0.1724137931034483,0.906896551724138,0.2876712328767123,,0.09246575342465753,0.3047945205479452,0.0684931506849315,0.4332191780821918
2025-12-29,APX,APPEN LIMITED ORDINARY,-0.017241379310344827,0.8050000071525574,1.6749999523162842,-1.0807452638927133,-0.16,True,-0.018633539032632988,-0.0027586206896551726,0.00019462864721485413,-0.002953249336870027,194.049224,2.21,0.6952054794520548,0.27241379310344827,0.7896551724137931,0.15753424657534246,,0.8047945205479452,0.1095890410958904,0.2910958904109589,0.9315068493150684
2025-12-29,AD8,AUDINATEGROUPLTD ORDINARY,-0.017241379310344827,4.130000114440918,4.309999942779541,-0.04358349233677683,-0.04358349233677683,False,-0.0007514395230478764,-0.0007514395230478764,0.00010842175066312999,-0.0008598612737110064,622.872884,4.99,0.8835616438356164,0.09655172413793103,0.6344827586206897,0.3424657534246575,,0.3904109589041096,0.2773972602739726,0.15753424657534246,0.8013698630136986
2025-12-29,4DX,4DMEDICAL LIMITED ORDINARY,-0.017241379310344827,3.740000009536743,3.2100000381469727,0.14171122193537622,0.14171122193537622,False,0.0024432969299202794,0.0024432969299202794,0.00010842175066312999,0.0023348751792571496,98.499111,0.06,0.14726027397260275,0.996551724137931,0.8827586206896552,0.10616438356164383,,0.07534246575342465,0.1780821917808219,0.2465753424657534,0.0547945205479452
2025-12-29,LTR,LIONTOWN LIMITED ORDINARY,-0.017241379310344827,1.6749999523162842,1.7799999713897705,-0.06268658033588981,-0.06268658033588981,False,-0.0010808031092394794,-0.0010808031092394794,0.00010842175066312999,-0.0011892248599026094,1610.970927,3.15,0.8047945205479452,0.9689655172413794,0.9,0.541095890410959,,0.20205479452054795,0.07191780821917808,0.8767123287671232,0.9452054794520548
2025-12-29,BMN,BANNERMAN ENERGY LTD ORDINARY,-0.017241379310344827,3.440000057220459,4.239999771118164,-0.23255805249727524,-0.16,True,-0.004009621594780607,-0.0027586206896551726,0.00019462864721485413,-0.002953249336870027,650.306066,5.12,0.8904109589041096,0.3482758620689655,0.9103448275862069,0.3595890410958904,,0.1678082191780822,0.3356164383561644,0.0410958904109589,0.4332191780821918
2025-12-29,ARB,ARB CORPORATION. ORDINARY,-0.017241379310344827,31.22291374206543,25.90104866027832,0.1704474196659348,0.1704474196659348,False,0.00293874861492991,0.00293874861492991,0.00010842175066312999,0.0028303268642667803,2716.962786,2.71,0.7568493150684932,0.16896551724137931,0.32413793103448274,0.6678082191780822,0.6149732620320856,0.5308219178082192,0.7226027397260274,0.2363013698630137,0.4931506849315068
2025-12-29,BOE,BOSS ENERGY LTD ORDINARY,-0.017241379310344827,1.3700000047683716,1.784999966621399,-0.30291967913036033,-0.16,True,-0.005222753088454489,-0.0027586206896551726,0.00019462864721485413,-0.002953249336870027,1923.526159,19.7,1.0,0.034482758620689655,0.9689655172413794,0.5958904109589042,,0.3732876712328767,0.2226027397260274,0.04794520547945205,0.06164383561643835
2025-12-29,IXR,IONIC RARE EARTHS ORDINARY,-0.017241379310344827,0.3700000047683716,0.4350000023841858,-0.17567566696791181,-0.16,True,-0.003028890809791583,-0.0027586206896551726,0.00019462864721485413,-0.002953249336870027,63.209109,0.01,0.0821917808219178,0.9551724137931035,0.9344827586206896,0.0684931506849315,,0.15753424657534246,0.13013698630136986,0.21232876712328766,0.015410958904109588
2025-12-29,ASM,AUSSTRATMATERIALS ORDINARY,-0.017241379310344827,0.7149999737739563,1.5499999523162842,-1.1678321806572667,-0.16,True,-0.020135037597539082,-0.0027586206896551726,0.00019462864721485413,-0.002953249336870027,88.210114,0.01,0.0821917808219178,0.3689655172413793,0.9137931034482759,0.0958904109589041,,0.0410958904109589,0.21232876712328766,0.2636986301369863,0.8767123287671232
2025-12-29,CAT,CATAPULT SPORTS LTD ORDINARY,-0.017241379310344827,4.170000076293945,3.5299999713897705,0.15347724057429035,0.15347724057429035,False,0.0026461593202463853,0.0026461593202463853,0.00010842175066312999,0.0025377375695832555,1829.36448,3.68,0.839041095890411,0.013793103448275862,0.7,0.5821917808219178,,0.4383561643835616,0.1404109589041096,0.3561643835616438,0.4332191780821918
2025-12-29,BRN,BRAINCHIP LTD ORDINARY,-0.017241379310344827,0.17499999701976776,0.1550000011920929,0.11428569239013009,0.11428569239013009,False,0.001970442972243622,0.001970442972243622,0.00010842175066312999,0.0018620212215804922,266.855451,3.11,0.8013698630136986,0.13793103448275862,0.8620689655172413,0.1952054794520548,,0.1917808219178082,0.030821917808219176,0.24315068493150685,0.976027397260274
2025-12-29,LIC,LIFESTYLE COMMUNIT. ORDINARY,-0.017241379310344827,5.03000020980835,5.599999904632568,-0.11332001412499682,-0.11332001412499682,False,-0.0019537933469827035,-0.0019537933469827035,0.00010842175066312999,-0.0020622150976458333,847.514976,9.56,0.9691780821917808,0.2793103448275862,0.5,0.4041095890410959,,0.4897260273972603,0.06164383561643835,0.7534246575342466,0.0273972602739726
2025-12-29,KGN,KOGAN.COM LTD ORDINARY,-0.017241379310344827,3.4987778663635254,3.6163840293884277,-0.03361349806043479,-0.03361349806043479,False,-0.0005795430700074963,-0.0005795430700074963,0.00010842175066312999,-0.0006879648206706263,383.376984,2.21,0.6952054794520548,0.6827586206896552,0.696551724137931,0.23972602739726026,,0.1952054794520548,0.02054794520547945,0.476027397260274,0.0958904109589041
2025-12-29,IMU,IMUGENE LIMITED ORDINARY,-0.017241379310344827,0.32499998807907104,0.27000001072883606,0.16923070574652987,0.16923070574652987,False,0.0029177707887332737,0.0029177707887332737,0.00010842175066312999,0.002809349038070144,97.03107,2.01,0.6472602739726028,0.2655172413793103,0.7793103448275862,0.10273972602739725,,0.00684931506849315,0.04794520547945205,0.4486301369863014,0.9623287671232876
2025-12-29,ILU,ILUKA RESOURCES ORDINARY,-0.017241379310344827,5.9023756980896,5.036428451538086,0.14671164474192855,0.14671164474192855,False,0.002529511116240147,0.002529511116240147,0.00010842175066312999,0.0024210893655770174,1649.056603,7.47,0.934931506849315,0.1413793103448276,0.8586206896551725,0.5513698630136986,0.10695187165775401,0.023972602739726026,0.5513698630136986,0.4931506849315068,0.7294520547945206
2025-12-29,LKE,LAKE RESOURCES ORDINARY,-0.017241379310344827,0.13500000536441803,0.08799999952316284,0.34814817758253946,0.34814817758253946,False,0.006002554785905853,0.006002554785905853,0.00010842175066312999,0.005894133035242723,45.988486,0.15,0.1917808219178082,0.993103448275862,0.9758620689655172,0.0410958904109589,,0.017123287671232876,0.15753424657534246,0.11643835616438356,0.023972602739726026
2025-12-29,EML,EML PAYMENTS LTD ORDINARY,-0.017241379310344827,0.8999999761581421,0.824999988079071,0.08333332229543589,0.08333332229543589,False,0.0014367814188868257,0.0014367814188868257,0.00010842175066312999,0.0013283596682236957,447.057264,2.67,0.7465753424657534,0.32413793103448274,0.8,0.2773972602739726,,0.9828767123287672,0.0547945205479452,0.5445205479452054,0.030821917808219176
2025-12-29,EGR,ECOGRAF LIMITED ORDINARY,-0.017241379310344827,0.375,0.3700000047683716,0.013333320617675781,0.013333320617675781,False,0.00022988483823578932,0.00022988483823578932,0.00010842175066312999,0.00012146308757265933,122.93478,0.07,0.15753424657534246,0.4793103448275862,0.7517241379310344,0.11986301369863013,,0.2705479452054795,0.20205479452054795,0.08561643835616438,0.4332191780821918
2025-12-29,DUB,DUBBER CORP LTD ORDINARY,-0.017241379310344827,0.017999999225139618,0.014999999664723873,0.16666664941995157,0.16666664941995157,False,0.002873562921033648,0.002873562921033648,0.00010842175066312999,0.002765141170370518,46.966275,0.0,0.030821917808219176,0.55,0.9586206896551724,0.04452054794520548,,0.030821917808219176,0.003424657534246575,0.6643835616438356,0.6438356164383562
2025-12-29,CCX,CITY CHIC COLLECTIVE ORDINARY,-0.017241379310344827,0.11749999970197678,0.11500000208616257,0.02127657550770312,0.02127657550770312,False,0.00036683750875350207,0.00036683750875350207,0.00010842175066312999,0.00025841575809037206,29.814201,0.08,0.1643835616438356,0.8862068965517241,0.9620689655172414,0.023972602739726026,,0.5205479452054794,0.21575342465753425,0.8082191780821918,0.24315068493150685
2025-12-29,MAD,MADER GROUP LIMITED ORDINARY,-0.017241379310344827,7.559999942779541,8.399999618530273,-0.11111106906197876,-0.11111106906197876,False,-0.0019157080872754958,-0.0019157080872754958,0.00010842175066312999,-0.0020241298379386256,1358.61875,0.38,0.2876712328767123,0.2517241379310345,0.5689655172413793,0.5,0.48663101604278075,0.4794520547945205,0.9383561643835616,0.4006849315068493,0.7636986301369864
2025-12-29,BOT,BOTANIX PHARMA LTD ORDINARY,-0.017241379310344827,0.11999999731779099,0.10000000149011612,0.1666666356225801,0.1666666356225801,False,0.002873562683147933,0.002873562683147933,0.00010842175066312999,0.002765140932484803,599.378486,2.99,0.7876712328767124,0.06551724137931035,0.5172413793103449,0.3356164383561644,,0.10616438356164383,0.023972602739726026,0.5547945205479452,0.9965753424657534
2025-12-29,FML,FOCUS MINERALS LTD ORDINARY,-0.017241379310344827,3.319999933242798,3.75,-0.1295180950010446,-0.1295180950010446,False,-0.0022330706034662863,-0.0022330706034662863,0.00010842175066312999,-0.002341492354129416,1605.626107,0.0,0.030821917808219176,1.0,0.8896551724137931,0.5376712328767124,0.0106951871657754,0.2534246575342466,0.9897260273972602,0.1678082191780822,0.6335616438356164
2025-12-29,WBT,WEEBIT NANO LTD ORDINARY,-0.017241379310344827,5.800000190734863,5.090000152587891,0.12241379565489552,0.12241379565489552,False,0.0021105826837050953,0.0021105826837050953,0.00010842175066312999,0.0020021609330419655,339.718803,2.42,0.7123287671232876,0.9310344827586207,0.9793103448275862,0.2226027397260274,,0.1815068493150685,0.1232876712328767,0.10616438356164383,0.9863013698630136
2025-12-29,MCP,MCPHERSON'S LTD ORDINARY,-0.017241379310344827,0.24500000476837158,0.20999999344348907,0.1428571863007606,0.1428571863007606,False,0.0024630549362200105,0.0024630549362200105,0.00010842175066312999,0.0023546331855568807,31.937738,0.01,0.0821917808219178,0.1103448275862069,0.7655172413793103,0.0273972602739726,,0.4349315068493151,0.11301369863013698,0.2876712328767123,0.2842465753424658
2025-12-29,PWH,PWR HOLDINGS LIMITED ORDINARY,-0.017241379310344827,7.637088775634766,9.322033882141113,-0.2206266230506535,-0.16,True,-0.0038039072939767844,-0.0027586206896551726,0.00019462864721485413,-0.002953249336870027,696.907896,11.93,0.9863013698630136,0.4896551724137931,0.593103448275862,0.3732876712328767,0.8609625668449198,0.21575342465753425,0.6986301369863014,0.6917808219178082,0.6746575342465754
2025-12-29,NEU,NEUREN PHARMACEUT. ORDINARY,-0.017241379310344827,19.1299991607666,16.25,0.15054883884538506,0.15054883884538506,False,0.0025956696352652598,0.0025956696352652598,0.00010842175066312999,0.00248724788460213,1820.508406,5.71,0.9041095890410958,0.24482758620689654,0.3137931034482759,0.5787671232876712,0.8502673796791443,0.8356164383561644,0.6232876712328768,0.02054794520547945,0.02054794520547945
2025-12-29,PDN,PALADIN ENERGY LTD ORDINARY,-0.017241379310344827,9.609999656677246,13.109999656677246,-0.3642039672257553,-0.16,True,-0.006279378745271643,-0.0027586206896551726,0.00019462864721485413,-0.002953249336870027,1869.35984,12.97,0.9931506849315068,0.7620689655172413,0.8758620689655172,0.589041095890411,,0.2910958904109589,0.2363013698630137,0.4246575342465753,0.8732876712328768
2025-12-29,PAR,PARADIGM BIO. ORDINARY,-0.017241379310344827,0.33000001311302185,0.29499998688697815,0.10606068131899293,0.10606068131899293,False,0.001828632436534361,0.001828632436534361,0.00010842175066312999,0.001720210685871231,118.775791,0.1,0.17636986301369864,0.4068965517241379,0.8793103448275862,0.11643835616438356,,0.1232876712328767,0.03424657534246575,0.03767123287671233,0.9554794520547946
2025-12-29,OCC,ORTHOCELL LIMITED ORDINARY,-0.017241379310344827,1.0700000524520874,0.949999988079071,0.11214958737433312,0.11214958737433312,False,0.0019336135754195365,0.0019336135754195365,0.00010842175066312999,0.0018251918247564065,287.146029,0.7,0.4263698630136986,0.07241379310344828,0.5724137931034483,0.2054794520547945,,0.25,0.0410958904109589,0.21575342465753425,0.934931506849315
2025-12-29,NCK,NICK SCALI LIMITED ORDINARY,-0.017241379310344827,22.959625244140625,24.271604537963867,-0.05714288799892597,-0.05714288799892597,False,-0.000985222206878034,-0.000985222206878034,0.00010842175066312999,-0.001093643957541164,1557.514028,3.03,0.7928082191780822,0.6068965517241379,0.8344827586206897,0.5342465753424658,0.5989304812834224,0.702054794520548,0.886986301369863,0.839041095890411,0.3013698630136986
2025-12-29,MIN,MINERAL RESOURCES. ORDINARY,-0.017241379310344827,54.9900016784668,56.31999969482422,-0.0241861788645521,-0.0241861788645521,False,-0.0004170030838715879,-0.0004170030838715879,0.00010842175066312999,-0.0005254248345347178,4244.833312,6.18,0.9178082191780822,0.896551724137931,0.5793103448275863,0.7397260273972602,,0.0547945205479452,0.2602739726027397,0.910958904109589,0.2602739726027397
2025-12-29,MVF,MONASH IVF GROUP LTD ORDINARY,-0.017241379310344827,0.7170222401618958,0.6973777413368225,0.02739733543081968,0.02739733543081968,False,0.0004723678522555117,0.0004723678522555117,0.00010842175066312999,0.0003639461015923817,274.702987,2.21,0.6952054794520548,0.6586206896551724,0.6482758620689655,0.20205479452054795,0.34759358288770054,0.5376712328767124,0.523972602739726,0.75,0.23972602739726026
2025-12-29,MSB,MESOBLAST LIMITED ORDINARY,-0.017241379310344827,2.809999942779541,2.4700000286102295,0.12099641320027821,0.12099641320027821,False,0.0020861450551772106,0.0020861450551772106,0.00010842175066312999,0.001977723304514081,1995.447132,6.81,0.9246575342465754,0.7172413793103448,0.15172413793103448,0.613013698630137,,0.2363013698630137,0.2328767123287671,0.4212328767123288,0.4332191780821918
2025-12-29,MME,MONEYME LIMITED ORDINARY,-0.017241379310344827,0.10999999940395355,0.11999999731779099,-0.09090907243657687,-0.09090907243657687,False,-0.0015673978006306357,-0.0015673978006306357,0.00010842175066312999,-0.0016758195512937657,128.483308,0.0,0.030821917808219176,0.4413793103448276,0.3,0.13013698630136986,,1.0,0.10616438356164383,0.9965753424657534,0.003424657534246575
2025-12-29,PEN,PENINSULA ENERGY LTD ORDINARY,-0.017241379310344827,0.6700000166893005,0.8349999785423279,-0.24626859364623388,-0.16,True,-0.004246010235279894,-0.0027586206896551726,0.00019462864721485413,-0.002953249336870027,87.962504,1.17,0.523972602739726,0.6448275862068965,0.8482758620689655,0.09246575342465753,,0.2910958904109589,0.2671232876712329,0.03424657534246575,0.4332191780821918
2025-12-29,MYX,MAYNE PHARMA LTD ORDINARY,-0.017241379310344827,3.1600000858306885,2.690000057220459,0.1487341822292001,0.1487341822292001,False,0.002564382452227588,0.002564382452227588,0.00010842175066312999,0.002455960701564458,384.923655,2.1,0.6558219178082192,0.0034482758620689655,0.8103448275862069,0.24315068493150685,,0.8116438356164384,0.11986301369863013,0.3116438356164384,0.18493150684931506
2025-12-29,PPE,PEOPLEIN LIMITED ORDINARY,-0.017241379310344827,0.8899999856948853,0.7049999833106995,0.20786517455923703,0.20786517455923703,False,0.0035838823199868452,0.0035838823199868452,0.00010842175066312999,0.0034754605693237154,78.103246,0.0,0.030821917808219176,0.6379310344827587,0.5482758620689655,0.08561643835616438,,0.9554794520547946,0.2089041095890411,0.7671232876712328,0.1952054794520548
2025-12-29,MVP,MEDICAL DEVELOPMENTS ORDINARY,-0.017241379310344827,0.5400000214576721,0.45500001311302185,0.15740741660565472,0.15740741660565472,False,0.002713920975959564,0.002713920975959564,0.00010842175066312999,0.002605499225296434,60.725551,0.0,0.030821917808219176,0.1793103448275862,0.5413793103448276,0.06164383561643835,,0.363013698630137,0.3527397260273973,0.20205479452054795,0.2671232876712329
2025-12-29,REH,REECE LIMITED ORDINARY,-0.017241379310344827,12.951228141784668,14.595037460327148,-0.12692304548624578,-0.12692304548624578,False,-0.0021883283704525135,-0.0021883283704525135,0.00010842175066312999,-0.0022967501211156433,9269.872997,3.16,0.8082191780821918,0.7758620689655172,0.12413793103448276,0.8458904109589042,0.6737967914438503,0.5513698630136986,0.5376712328767124,0.6232876712328768,0.6061643835616438
2025-12-29,SOL,SOUL PATTINSON (W.H) ORDINARY,-0.017241379310344827,36.42144012451172,37.17300796508789,-0.020635313650609,-0.020635313650609,False,-0.0003557812698380862,-0.0003557812698380862,0.00010842175066312999,-0.0004642030205012162,15020.233559,2.13,0.666095890410959,0.41724137931034483,0.5275862068965518,0.8801369863013698,0.9518716577540107,0.3082191780821918,0.386986301369863,0.2979452054794521,0.0821917808219178
2025-12-29,VUL,VULCAN ENERGY ORDINARY,-0.017241379310344827,4.579999923706055,3.9000000953674316,0.1484715807131235,0.1484715807131235,False,0.0025598548398814394,0.0025598548398814394,0.00010842175066312999,0.0024514330892183096,528.207797,1.98,0.6404109589041096,0.04827586206896552,0.9517241379310345,0.3116438356164384,,0.1095890410958904,0.2191780821917808,0.13013698630136986,0.702054794520548
2025-12-29,TTT,TITOMIC LIMITED ORDINARY,-0.017241379310344827,0.23499999940395355,0.24500000476837158,-0.042553214424603025,-0.042553214424603025,False,-0.0007336761107690177,-0.0007336761107690177,0.00010842175066312999,-0.0008420978614321477,363.689311,0.31,0.2568493150684932,0.03103448275862069,0.5379310344827586,0.22945205479452055,,0.1267123287671233,0.017123287671232876,0.7705479452054794,0.9041095890410958
2025-12-29,TOE,TORO ENERGY LIMITED ORDINARY,-0.017241379310344827,0.4449999928474426,0.5600000023841858,-0.25842699187675744,-0.16,True,-0.004455637790978576,-0.0027586206896551726,0.00019462864721485413,-0.002953249336870027,23.455051,0.0,0.030821917808219176,0.8655172413793103,0.9275862068965517,0.010273972602739725,,0.07876712328767123,0.0958904109589041,0.09246575342465753,0.4332191780821918
2025-12-29,TLG,TALGA GROUP LTD ORDINARY,-0.017241379310344827,0.38499999046325684,0.38999998569488525,-0.012987000923330161,-0.012987000923330161,False,-0.0002239138090229338,-0.0002239138090229338,0.00010842175066312999,-0.0003323355596860638,169.039772,0.06,0.14726027397260275,0.32068965517241377,0.8655172413793103,0.14383561643835616,,0.09931506849315068,0.07534246575342465,0.1815068493150685,0.952054794520548
2025-12-29,TER,TERRACOM LTD ORDINARY,-0.017241379310344827,0.06311099976301193,0.06499999761581421,-0.029931356814115517,-0.029931356814115517,False,-0.0005160578761054399,-0.0005160578761054399,0.00010842175066312999,-0.0006244796267685699,57.153087,0.2,0.22602739726027396,0.35517241379310344,0.996551724137931,0.05821917808219178,,0.9383561643835616,0.07876712328767123,0.273972602739726,0.5958904109589042
2025-12-29,WAF,WEST AFRICAN RES LTD ORDINARY,-0.017241379310344827,3.0999999046325684,3.490000009536743,-0.12580648932323113,-0.12580648932323113,False,-0.0021690774021246744,-0.0021690774021246744,0.00010842175066312999,-0.002277499152787804,2603.483931,0.14,0.18493150684931506,0.6,0.7413793103448276,0.6575342465753424,0.28342245989304815,0.21232876712328766,0.7363013698630136,0.4965753424657534,0.4332191780821918
2025-12-29,SLX,SILEX SYSTEMS ORDINARY,-0.017241379310344827,8.739999771118164,6.489999771118164,0.2574370776799395,0.2574370776799395,False,0.0044385703048265435,0.0044385703048265435,0.00010842175066312999,0.004330148554163414,1002.246809,8.06,0.9383561643835616,0.8689655172413793,0.9241379310344827,0.4486301369863014,,0.3321917808219178,0.08904109589041095,0.11301369863013698,0.03424657534246575
2025-12-29,SIG,SIGMA HEALTH LTD ORDINARY,-0.017241379310344827,2.9383151531219482,3.0673625469207764,-0.04391884024479675,-0.04391884024479675,False,-0.0007572213835309784,-0.0007572213835309784,0.00010842175066312999,-0.0008656431341941084,4519.322835,2.22,0.7054794520547946,0.5689655172413793,0.38275862068965516,0.7568493150684932,,0.1506849315068493,0.2910958904109589,0.3698630136986301,0.928082191780822
2025-12-29,SGR,THE STAR ENT GRP ORDINARY,-0.017241379310344827,0.14000000059604645,0.13500000536441803,0.035714251502436234,0.035714251502436234,False,0.0006157629569385558,0.0006157629569385558,0.00010842175066312999,0.0005073412062754258,385.993897,1.72,0.6113013698630136,0.9413793103448276,0.9172413793103448,0.2465753424657534,,0.010273972602739725,0.05821917808219178,0.8835616438356164,0.5273972602739726
2025-12-29,SFR,SANDFIRE RESOURCES ORDINARY,-0.017241379310344827,17.8799991607666,19.06999969482422,-0.06655484283627877,-0.06655484283627877,False,-0.0011474972902806684,-0.0011474972902806684,0.00010842175066312999,-0.0012559190409437984,5250.033901,3.82,0.8424657534246576,0.8172413793103448,0.43103448275862066,0.7671232876712328,0.8556149732620321,0.6164383561643836,0.4691780821917808,0.3493150684931507,0.9657534246575342
2025-12-29,SYR,SYRAH RESOURCES ORDINARY,-0.017241379310344827,0.3400000035762787,0.23499999940395355,0.30882353843495913,0.30882353843495913,False,0.005324543766119985,0.005324543766119985,0.00010842175066312999,0.0052161220154568555,167.750215,2.19,0.678082191780822,0.6931034482758621,0.9448275862068966,0.1404109589041096,,0.02054794520547945,0.11643835616438356,0.773972602739726,0.708904109589041
2026-01-26,BOE,BOSS ENERGY LTD ORDINARY,-0.017543859649122806,1.8700000047683716,1.815000057220459,0.02941173658163987,0.02941173658163987,False,0.0005159953786252608,0.0005159953786252608,0.0001103238866396761,0.0004056714919855847,610.232097,16.69,0.9965156794425087,0.25874125874125875,0.8951048951048951,0.28222996515679444,,0.5087108013937283,0.25435540069686413,0.04878048780487805,0.9721254355400697
2026-01-26,BGA,BEGA CHEESE LTD ORDINARY,-0.017543859649122806,5.992773532867432,6.349999904632568,-0.059609523003985476,-0.059609523003985476,False,-0.0010457811053330784,-0.0010457811053330784,0.0001103238866396761,-0.0011561049919727544,1850.584619,1.07,0.5017421602787456,0.6958041958041958,0.26223776223776224,0.5365853658536586,0.41836734693877553,0.14982578397212543,0.5679442508710801,0.6585365853658537,0.5714285714285714
2026-01-26,BBN,BABY BUNTING GRP LTD ORDINARY,-0.017543859649122806,2.4800000190734863,2.0199999809265137,0.18548388492304368,0.18548388492304368,False,0.003254103244263924,0.003254103244263924,0.0001103238866396761,0.003143779357624248,346.625858,0.24,0.22822299651567945,0.21328671328671328,0.6153846153846154,0.20209059233449478,0.9336734693877551,0.3170731707317073,0.3867595818815331,0.9024390243902439,0.4181184668989547
2026-01-26,BAP,BAPCOR LIMITED ORDINARY,-0.017543859649122806,2.2899999618530273,0.7649999856948853,0.6659388653107834,0.6659388653107834,False,0.01168313798790848,0.01168313798790848,0.0001103238866396761,0.011572814101268805,702.583875,7.32,0.9233449477351916,0.24825174825174826,0.2517482517482518,0.3519163763066202,,0.8153310104529616,0.0975609756097561,0.7874564459930313,0.4076655052264808
2026-01-26,ASM,AUSSTRATMATERIALS ORDINARY,-0.017543859649122806,1.8200000524520874,1.6449999809265137,0.0961538826824736,0.0961538826824736,False,0.0016869102224995368,0.0016869102224995368,0.0001103238866396761,0.0015765863358598608,152.3301,0.1,0.14634146341463414,0.965034965034965,1.0,0.0975609756097561,,0.12195121951219512,0.18815331010452963,0.13937282229965156,0.9372822299651568
2026-01-26,ASG,AUTOSPORTS GRP LTD. ORDINARY,-0.017543859649122806,3.8082776069641113,3.0055041313171387,0.2107969949929488,0.2107969949929488,False,0.0036981928946131365,0.0036981928946131365,0.0001103238866396761,0.0035878690079734605,790.228853,0.08,0.13763066202090593,0.25524475524475526,0.45454545454545453,0.37630662020905925,0.35714285714285715,0.2787456445993031,0.5331010452961672,0.9198606271777003,0.4250871080139373
2026-01-26,APE,EAGERS AUTOMOTIVE ORDINARY,-0.017543859649122806,27.324636459350586,22.860082626342773,0.16338932229343628,0.16338932229343628,False,0.002866479338481338,0.002866479338481338,0.0001103238866396761,0.002756155451841662,6467.922039,1.76,0.60801393728223,0.07692307692307693,0.6573426573426573,0.7839721254355401,0.6989795918367347,0.24390243902439024,0.6689895470383276,0.8780487804878049,0.39372822299651566
2026-01-26,APX,APPEN LIMITED ORDINARY,-0.017543859649122806,1.190000057220459,1.75,-0.4705881645817398,-0.16,True,-0.008255932711960347,-0.002807017543859649,0.00019804318488529014,-0.003005060728744939,141.793583,2.06,0.6445993031358885,0.9300699300699301,0.7657342657342657,0.08362369337979095,,0.8083623693379791,0.21951219512195122,0.32752613240418116,0.8501742160278746
2026-01-26,ALD,AMPOL LIMITED ORDINARY,-0.017543859649122806,29.73293685913086,28.516143798828125,0.04092407911359963,0.04092407911359963,False,0.00071796630023859,0.00071796630023859,0.0001103238866396761,0.0006076424135989138,7608.986021,1.65,0.5871080139372822,0.4195804195804196,0.6013986013986014,0.8013937282229965,0.75,0.1289198606271777,0.4878048780487805,0.8501742160278746,0.47735191637630664
2026-01-26,AFG,AUST FINANCE GRP ORDINARY,-0.017543859649122806,2.0189290046691895,1.815000057220459,0.10100847874150243,0.10100847874150243,False,0.0017720785744123231,0.0017720785744123231,0.0001103238866396761,0.001661754687772647,590.998,0.15,0.16550522648083624,0.17482517482517482,0.5944055944055944,0.27526132404181186,0.22959183673469388,0.7909407665505227,0.8222996515679443,1.0,0.8013937282229965
2026-01-26,AD8,AUDINATEGROUPLTD ORDINARY,-0.017543859649122806,4.599999904632568,2.940000057220459,0.3608695395276762,0.3608695395276762,False,0.006331044553117126,0.006331044553117126,0.0001103238866396761,0.0062207206664774495,338.713814,5.09,0.8815331010452961,0.3006993006993007,0.583916083916084,0.1951219512195122,,0.30313588850174217,0.17073170731707318,0.14982578397212543,0.20557491289198607
2026-01-26,AQZ,ALLIANCE AVIATION ORDINARY,-0.017543859649122806,1.159999966621399,0.6549999713897705,0.4353448360024397,0.4353448360024397,False,0.007637628701797187,0.007637628701797187,0.0001103238866396761,0.00752730481515751,199.643395,0.19,0.19686411149825783,0.0034965034965034965,0.10139860139860139,0.11846689895470383,,0.010452961672473868,0.05574912891986063,0.8432055749128919,0.0975609756097561
2026-01-26,EOS,ELECTRO OPTIC SYS. ORDINARY,-0.017543859649122806,10.350000381469727,9.210000038146973,0.11014495664790214,0.11014495664790214,False,0.0019323676604895111,0.0019323676604895111,0.0001103238866396761,0.001822043773849835,1821.467814,0.97,0.47909407665505227,0.9335664335664335,0.5034965034965035,0.5261324041811847,,0.23693379790940766,0.1289198606271777,0.28222996515679444,0.926829268292683
2026-01-26,IPD,IMPEDIMED LIMITED ORDINARY,-0.017543859649122806,0.032999999821186066,0.017000000923871994,0.48484845406096155,0.48484845406096155,False,0.008506113229139675,0.008506113229139675,0.0001103238866396761,0.0083957893425,69.157976,0.45,0.30139372822299654,0.1993006993006993,0.5769230769230769,0.041811846689895474,,0.34146341463414637,0.006968641114982578,0.8954703832752613,0.7142857142857143
2026-01-26,CHN,CHALICE MINING LTD ORDINARY,-0.017543859649122806,2.4800000190734863,2.0199999809265137,0.18548388492304368,0.18548388492304368,False,0.003254103244263924,0.003254103244263924,0.0001103238866396761,0.003143779357624248,852.141244,3.21,0.7804878048780488,0.8006993006993007,0.9020979020979021,0.3867595818815331,,0.2264808362369338,0.13240418118466898,0.13588850174216027,0.34146341463414637
2026-01-26,CAT,CATAPULT SPORTS LTD ORDINARY,-0.017543859649122806,3.859999895095825,3.5299999713897705,0.08549221053744671,0.08549221053744671,False,0.0014998633427622228,0.0014998633427622228,0.0001103238866396761,0.0013895394561225468,1829.36448,4.75,0.8606271777003485,0.01048951048951049,0.8216783216783217,0.5296167247386759,,0.5156794425087108,0.11846689895470383,0.31010452961672474,0.34146341463414637
2026-01-26,IMM,IMMUTEP LTD ORDINARY,-0.017543859649122806,0.46000000834465027,0.38499999046325684,0.1630435141757659,0.1630435141757659,False,0.0028604125293994016,0.0028604125293994016,0.0001103238866396761,0.0027500886427597256,610.386367,2.19,0.662020905923345,0.9405594405594405,0.7132867132867133,0.2857142857142857,,0.13588850174216027,0.027874564459930314,0.156794425087108,0.9477351916376306
2026-01-26,ILU,ILUKA RESOURCES ORDINARY,-0.017543859649122806,6.927577495574951,6.708601951599121,0.03160925216869859,0.03160925216869859,False,0.0005545482836613787,0.0005545482836613787,0.0001103238866396761,0.0004442243970217025,2487.580448,7.95,0.9407665505226481,0.5664335664335665,0.534965034965035,0.6236933797909407,,0.027874564459930314,0.08710801393728224,0.5958188153310104,0.06620209059233449
2026-01-26,IEL,IDP EDUCATION LTD ORDINARY,-0.017543859649122806,6.096658706665039,4.438446998596191,0.2719869666077984,0.2719869666077984,False,0.004771701168557867,0.004771701168557867,0.0001103238866396761,0.004661377281918191,1608.645828,11.57,0.9790940766550522,0.6888111888111889,0.44405594405594406,0.5017421602787456,0.7551020408163265,0.44947735191637633,0.6027874564459931,0.759581881533101,0.7386759581881533
2026-01-26,HLS,HEALIUS ORDINARY,-0.017543859649122806,0.949999988079071,0.6700000166893005,0.2947368156876917,0.2947368156876917,False,0.00517082132785424,0.00517082132785424,0.0001103238866396761,0.005060497441214564,657.150365,5.03,0.8745644599303136,0.6083916083916084,0.8566433566433567,0.3205574912891986,,0.9303135888501742,0.17770034843205576,0.926829268292683,0.40069686411149824
2026-01-26,GEM,G8 EDUCATION LIMITED ORDINARY,-0.017543859649122806,0.6800000071525574,0.33000001311302185,0.5147058681736356,0.5147058681736356,False,0.009029927511818168,0.009029927511818168,0.0001103238866396761,0.008919603625178492,522.693051,4.05,0.8414634146341463,0.12237762237762238,0.527972027972028,0.2508710801393728,,0.9198606271777003,0.017421602787456445,0.9163763066202091,0.47038327526132406
2026-01-26,IMU,IMUGENE LIMITED ORDINARY,-0.017543859649122806,0.35499998927116394,0.2150000035762787,0.39436616880556397,0.39436616880556397,False,0.006918704715887087,0.006918704715887087,0.0001103238866396761,0.0068083808292474105,106.514783,2.24,0.6724738675958188,0.493006993006993,0.8391608391608392,0.0627177700348432,,0.017421602787456445,0.010452961672473868,0.2787456445993031,0.01916376306620209
2026-01-26,EML,EML PAYMENTS LTD ORDINARY,-0.017543859649122806,0.8799999952316284,0.6200000047683716,0.29545453621828843,0.29545453621828843,False,0.005183412916110323,0.005183412916110323,0.0001103238866396761,0.005073089029470647,356.480768,3.0,0.759581881533101,0.26223776223776224,0.18181818181818182,0.20905923344947736,,0.08013937282229965,0.2229965156794425,0.6202090592334495,0.9581881533101045
2026-01-26,DUB,DUBBER CORP LTD ORDINARY,-0.017543859649122806,0.01899999938905239,0.014000000432133675,0.2631578482997039,0.2631578482997039,False,0.004616804356135156,0.004616804356135156,0.0001103238866396761,0.004506480469495479,50.233336,0.0,0.029616724738675958,0.5769230769230769,0.8286713286713286,0.024390243902439025,,0.34146341463414637,0.03832752613240418,0.49477351916376305,0.12195121951219512
2026-01-26,DMP,DOMINO PIZZA ENTERPR ORDINARY,-0.017543859649122806,24.034421920776367,19.040000915527344,0.20780283468901062,0.20780283468901062,False,0.0036456637664738704,0.0036456637664738704,0.0001103238866396761,0.0035353398798341944,1984.378746,17.1,1.0,0.8251748251748252,0.3531468531468531,0.5679442508710801,0.5612244897959183,0.8222996515679443,0.6794425087108014,0.8989547038327527,0.21254355400696864
2026-01-26,CXL,CALIX LIMITED ORDINARY,-0.017543859649122806,1.5499999523162842,1.0499999523162842,0.32258065508506084,0.32258065508506084,False,0.0056593097383344,0.0056593097383344,0.0001103238866396761,0.005548985851694724,210.983751,0.39,0.26480836236933797,0.9965034965034965,0.9965034965034965,0.13240418118466898,,0.11498257839721254,0.013937282229965157,0.2682926829268293,0.6933797909407665
2026-01-26,ASB,AUSTAL LIMITED ORDINARY,-0.017543859649122806,7.639999866485596,5.360000133514404,0.2984292896355759,0.2984292896355759,False,0.005235601572553963,0.005235601572553963,0.0001103238866396761,0.0051252776859142864,2811.37886,0.53,0.36585365853658536,0.6923076923076923,0.951048951048951,0.6515679442508711,0.8163265306122449,0.0975609756097561,0.4146341463414634,0.445993031358885,0.6898954703832753
2026-01-26,ING,INGHAMS GROUP ORDINARY,-0.017543859649122806,2.459035634994507,2.037766456604004,0.17131479202473776,0.17131479202473776,False,0.003005522667100662,0.003005522667100662,0.0001103238866396761,0.002895198780460986,925.533,6.49,0.9059233449477352,0.5524475524475524,0.6363636363636364,0.4076655052264808,0.6122448979591837,0.8780487804878049,0.7282229965156795,0.9930313588850174,0.4912891986062718
2026-01-26,LOT,LOTUS RESOURCES LTD ORDINARY,-0.017543859649122806,3.240000009536743,2.240000009536743,0.30864197440017305,0.30864197440017305,False,0.00541477148070479,0.00541477148070479,0.0001103238866396761,0.005304447594065113,450.13114,7.55,0.9303135888501742,0.8706293706293706,0.8741258741258742,0.23693379790940766,,0.03484320557491289,0.13588850174216027,0.14634146341463414,0.01916376306620209
2026-01-26,IXR,IONIC RARE EARTHS ORDINARY,-0.017543859649122806,0.5400000214576721,0.4300000071525574,0.20370372210019827,0.20370372210019827,False,0.003573749510529794,0.003573749510529794,0.0001103238866396761,0.003463425623890118,87.125025,0.03,0.10801393728222997,0.986013986013986,0.993006993006993,0.04878048780487805,,0.10104529616724739,0.10104529616724739,0.11846689895470383,0.34146341463414637
2026-01-26,BOT,BOTANIX PHARMA LTD ORDINARY,-0.017543859649122806,0.125,0.05299999937415123,0.5760000050067902,0.5760000050067902,False,0.010105263245733161,0.010105263245733161,0.0001103238866396761,0.009994939359093485,265.170426,3.22,0.7857142857142857,0.34440559440559443,0.8706293706293706,0.15331010452961671,,0.0627177700348432,0.020905923344947737,0.6027874564459931,0.975609756097561
2026-01-26,PET,PHOSLOCK ENV TEC LTD ORDINARY,-0.017543859649122806,0.017999999225139618,0.014000000432133675,0.2222221647331719,0.2222221647331719,False,0.003898634469003016,0.003898634469003016,0.0001103238866396761,0.00378831058236334,8.74146713,0.0,0.029616724738675958,0.9755244755244755,0.9755244755244755,0.003484320557491289,,0.09059233449477352,0.05226480836236934,0.2926829268292683,0.7979094076655052
2026-01-26,PDN,PALADIN ENERGY LTD ORDINARY,-0.017543859649122806,13.3100004196167,13.5600004196167,-0.018782869430382654,-0.018782869430382654,False,-0.0003295240250944325,-0.0003295240250944325,0.0001103238866396761,-0.0004398479117341086,1869.35984,10.4,0.9721254355400697,0.8636363636363636,0.8321678321678322,0.5435540069686411,,0.34146341463414637,0.1951219512195122,0.37282229965156793,0.8606271777003485
2026-01-26,PAC,PACIFIC GRP LTD ORDINARY,-0.017543859649122806,9.780797958374023,9.869001388549805,-0.00901801985391848,-0.00901801985391848,False,-0.00015821087463014876,-0.00015821087463014876,0.0001103238866396761,-0.00026853476126982486,300.935543,0.05,0.11672473867595819,0.26573426573426573,0.08741258741258741,0.17421602787456447,,0.4181184668989547,0.21602787456445993,0.02264808362369338,0.9547038327526133
2026-01-26,OCC,ORTHOCELL LIMITED ORDINARY,-0.017543859649122806,0.9700000286102295,0.9150000214576721,0.05670103662920378,0.05670103662920378,False,0.0009947550285825224,0.0009947550285825224,0.0001103238866396761,0.0008844311419428462,270.580613,0.69,0.4094076655052265,0.08041958041958042,0.5384615384615384,0.156794425087108,,0.17073170731707318,0.11149825783972125,0.15331010452961671,0.8780487804878049
2026-01-26,NEC,NINE ENTERTAINMENT ORDINARY,-0.017543859649122806,1.0411940813064575,0.9886566400527954,0.05045883586635436,0.05045883586635436,False,0.0008852427344974448,0.0008852427344974448,0.0001103238866396761,0.0007749188478577687,1758.31215,1.96,0.6341463414634146,0.2937062937062937,0.5314685314685315,0.5156794425087108,,0.08362369337979095,0.2787456445993031,0.4564459930313589,0.09059233449477352
2026-01-26,MYX,MAYNE PHARMA LTD ORDINARY,-0.017543859649122806,2.9000000953674316,2.450000047683716,0.155172425132869,0.155172425132869,False,0.00272232324794507,0.00272232324794507,0.0001103238866396761,0.002611999361305394,252.674521,2.49,0.7090592334494773,0.013986013986013986,0.6958041958041958,0.14634146341463414,,0.1602787456445993,0.1986062717770035,0.2857142857142857,0.6341463414634146
2026-01-26,MSB,MESOBLAST LIMITED ORDINARY,-0.017543859649122806,2.680000066757202,2.069999933242798,0.2276119844476362,0.2276119844476362,False,0.003993192709607653,0.003993192709607653,0.0001103238866396761,0.0038828688229679766,2311.156526,7.3,0.9198606271777003,0.6293706293706294,0.8251748251748252,0.6097560975609756,,0.24738675958188153,0.1916376306620209,0.36585365853658536,0.34146341463414637
2026-01-26,M7T,MACH7 TECH LIMITED ORDINARY,-0.017543859649122806,0.44999998807907104,0.32499998807907104,0.2777777851363761,0.2777777851363761,False,0.004873294476076773,0.004873294476076773,0.0001103238866396761,0.004762970589437096,144.505348,0.0,0.029616724738675958,0.8951048951048951,0.9895104895104895,0.08710801393728224,,0.18815331010452963,0.10452961672473868,0.1986062717770035,0.11149825783972125
2026-01-26,LYC,LYNAS RARE EARTHS ORDINARY,-0.017543859649122806,16.860000610351562,20.0,-0.18623957746007247,-0.16,True,-0.0032673610080714466,-0.002807017543859649,0.00019804318488529014,-0.003005060728744939,12190.80192,8.91,0.9477351916376306,0.7622377622377622,0.7307692307692307,0.8710801393728222,0.9030612244897959,0.4250871080139373,0.42160278745644597,0.24738675958188153,0.8815331010452961
2026-01-26,LTR,LIONTOWN LIMITED ORDINARY,-0.017543859649122806,2.190000057220459,1.7200000286102295,0.21461187960275763,0.21461187960275763,False,0.0037651206947852214,0.0037651206947852214,0.0001103238866396761,0.0036547968081455454,4404.010604,3.17,0.7700348432055749,0.958041958041958,0.9440559440559441,0.7212543554006968,,0.18466898954703834,0.06968641114982578,0.7665505226480837,0.5226480836236934
2026-01-26,MVF,MONASH IVF GROUP LTD ORDINARY,-0.017543859649122806,0.7317555546760559,0.6728222370147705,0.08053689143142184,0.08053689143142184,False,0.0014129279198495058,0.0014129279198495058,0.0001103238866396761,0.0013026040332098298,286.381607,2.08,0.6480836236933798,0.6258741258741258,0.1958041958041958,0.1602787456445993,0.4336734693877551,0.4878048780487805,0.4425087108013937,0.7700348432055749,0.5017421602787456
2026-01-26,WBT,WEEBIT NANO LTD ORDINARY,-0.017543859649122806,6.0,4.690000057220459,0.2183333237965902,0.2183333237965902,False,0.003830409189413863,0.003830409189413863,0.0001103238866396761,0.003720085302774187,1064.905887,1.92,0.6236933797909407,0.7202797202797203,0.9475524475524476,0.43205574912891986,,0.27526132404181186,0.03484320557491289,0.10452961672473868,0.8954703832752613
2026-01-26,MME,MONEYME LIMITED ORDINARY,-0.017543859649122806,0.12999999523162842,0.10499999672174454,0.1923076878990646,0.1923076878990646,False,0.0033738190859485015,0.0033738190859485015,0.0001103238866396761,0.0032634951993088255,96.480918,0.0,0.029616724738675958,0.7797202797202797,0.541958041958042,0.059233449477351915,,0.9895470383275261,0.07665505226480836,0.9965156794425087,0.9965156794425087
2026-01-26,PWH,PWR HOLDINGS LIMITED ORDINARY,-0.017543859649122806,9.940179824829102,10.0,-0.006018017402610321,-0.006018017402610321,False,-0.00010557925267737403,-0.00010557925267737403,0.0001103238866396761,-0.00021590313931705012,789.506857,10.26,0.9686411149825784,0.7517482517482518,0.8426573426573427,0.37282229965156793,0.8979591836734694,0.29965156794425085,0.6306620209059234,0.7839721254355401,0.8048780487804879
2026-01-26,PPK,PPK GROUP LIMITED ORDINARY,-0.017543859649122806,0.4449999928474426,0.36000001430511475,0.19101119080572215,0.19101119080572215,False,0.003351073522907406,0.003351073522907406,0.0001103238866396761,0.00324074963626773,43.017186,0.16,0.1759581881533101,0.42657342657342656,0.9405594405594405,0.017421602787456445,0.03571428571428571,0.14634146341463414,0.7142857142857143,0.34843205574912894,0.8710801393728222
2026-01-26,VEA,VIVA ENERGY GROUP ORDINARY,-0.017543859649122806,2.0394296646118164,1.7943059206008911,0.12019230094781519,0.12019230094781519,False,0.0021086368587335995,0.0021086368587335995,0.0001103238866396761,0.0019983129720939235,3326.618756,2.5,0.7142857142857143,0.6853146853146853,0.6468531468531469,0.6724738675958188,,0.42857142857142855,0.09407665505226481,0.9721254355400697,0.14285714285714285
2026-01-26,TPW,TEMPLE & WEBSTER LTD ORDINARY,-0.017543859649122806,13.619999885559082,7.96999979019165,0.41483114117775977,0.41483114117775977,False,0.007277739318908066,0.007277739318908066,0.0001103238866396761,0.007167415432268389,1637.193439,0.69,0.4094076655052265,0.006993006993006993,0.479020979020979,0.5052264808362369,0.9591836734693877,0.5400696864111498,0.5365853658536586,0.554006968641115,0.8641114982578397
2026-01-26,TLX,TELIX PHARMACEUTICAL ORDINARY,-0.017543859649122806,10.949999809265137,9.760000228881836,0.10867576265858969,0.10867576265858969,False,0.0019065923273436788,0.0019065923273436788,0.0001103238866396761,0.0017962684407040028,3794.313599,11.82,0.9825783972125436,0.027972027972027972,0.33916083916083917,0.7003484320557491,,0.1951219512195122,0.2857142857142857,0.8083623693379791,0.5679442508710801
2026-01-26,TLG,TALGA GROUP LTD ORDINARY,-0.017543859649122806,0.4300000071525574,0.33000001311302185,0.23255812180500046,0.23255812180500046,False,0.004079967049210534,0.004079967049210534,0.0001103238866396761,0.003969643162570858,169.958558,0.05,0.11672473867595819,0.32517482517482516,0.7692307692307693,0.11149825783972125,,0.10801393728222997,0.06620209059233449,0.14285714285714285,0.6968641114982579
2026-01-26,TER,TERRACOM LTD ORDINARY,-0.017543859649122806,0.06499999761581421,0.06400000303983688,0.015384532502414006,0.015384532502414006,False,0.0002699040789897194,0.0002699040789897194,0.0001103238866396761,0.0001595801923500433,52.863771,0.11,0.14982578397212543,0.05944055944055944,0.4825174825174825,0.027874564459930314,,0.013937282229965157,0.11498257839721254,0.34146341463414637,0.11498257839721254
2026-01-26,PLS,PLS GROUP LTD ORDINARY,-0.017543859649122806,5.079999923706055,5.150000095367432,-0.013779561557613063,-0.013779561557613063,False,-0.0002417466939932116,-0.0002417466939932116,0.0001103238866396761,-0.0003520705806328877,13590.07956,7.56,0.9337979094076655,0.9370629370629371,0.7167832167832168,0.8850174216027874,0.9744897959183674,0.37282229965156793,0.3519163763066202,0.40418118466898956,0.9198606271777003
2026-01-26,SHL,SONIC HEALTHCARE ORDINARY,-0.017543859649122806,22.89571189880371,23.405813217163086,-0.022279338620871947,-0.022279338620871947,False,-0.0003908655898398587,-0.0003908655898398587,0.0001103238866396761,-0.0005011894764795348,11170.987138,3.31,0.8013937282229965,0.6643356643356644,0.23426573426573427,0.8641114982578397,0.47959183673469385,0.7073170731707317,0.4529616724738676,0.7212543554006968,0.6445993031358885
2026-01-26,SGM,SIMS LIMITED ORDINARY,-0.017543859649122806,20.0118350982666,21.860000610351562,-0.09235362489295373,-0.09235362489295373,False,-0.0016202390332097146,-0.0016202390332097146,0.0001103238866396761,-0.0017305629198493906,3467.266669,1.37,0.5487804878048781,0.7902097902097902,0.3986013986013986,0.686411149825784,,0.6655052264808362,0.28222996515679444,0.5087108013937283,0.25435540069686413
2026-01-26,RFG,RETAIL FOOD GROUP ORDINARY,-0.017543859649122806,1.5299999713897705,1.125,0.26470586860331125,0.26470586860331125,False,0.004643962607075636,0.004643962607075636,0.0001103238866396761,0.00453363872043596,93.155694,0.47,0.3205574912891986,0.6328671328671329,0.27972027972027974,0.05574912891986063,0.5510204081632653,0.20905923344947736,0.3588850174216028,0.7282229965156795,0.2857142857142857
2026-01-26,REH,REECE LIMITED ORDINARY,-0.017543859649122806,13.668526649475098,15.581323623657227,-0.1399417086592567,-0.1399417086592567,False,-0.002455117695776433,-0.002455117695776433,0.0001103238866396761,-0.002565441582416109,8401.974776,3.29,0.794425087108014,0.7447552447552448,0.6293706293706294,0.8292682926829268,0.6887755102040817,0.519163763066202,0.519163763066202,0.7491289198606271,0.42160278745644597
2026-01-26,SXL,STHN CROSS MEDIA ORDINARY,-0.017543859649122806,0.699999988079071,0.625,0.10714284193759038,0.10714284193759038,False,0.0018796989813612346,0.0018796989813612346,0.0001103238866396761,0.0017693750947215586,189.52021,0.42,0.28222996515679444,0.13286713286713286,0.10839160839160839,0.11498257839721254,,0.9477351916376306,0.24390243902439024,0.9094076655052264,0.8083623693379791
2026-02-23,BOE,BOSS ENERGY LTD ORDINARY,-0.017241379310344827,1.659999966621399,1.4900000095367432,0.10240961476081045,0.10240961476081045,False,0.0017656830131174215,0.0017656830131174215,0.00010842175066312999,0.0016572612624542915,610.232097,13.11,0.9895470383275261,0.6585365853658537,0.7073170731707317,0.289198606271777,,0.5052264808362369,0.24041811846689895,0.04529616724738676,0.9721254355400697
2026-02-23,BGA,BEGA CHEESE LTD ORDINARY,-0.017241379310344827,6.239999771118164,5.840000152587891,0.06410250532086104,0.06410250532086104,False,0.0011052156089803628,0.0011052156089803628,0.00010842175066312999,0.0009967938583172328,1850.584619,1.59,0.5818815331010453,0.6689895470383276,0.23344947735191637,0.5365853658536586,0.4271356783919598,0.14982578397212543,0.5679442508710801,0.6515679442508711,0.5714285714285714
2026-02-23,BBN,BABY BUNTING GRP LTD ORDINARY,-0.017241379310344827,2.0299999713897705,1.4249999523162842,0.2980295702463944,0.2980295702463944,False,0.005138440866317145,0.005138440866317145,0.00010842175066312999,0.005030019115654015,346.625858,0.23,0.1916376306620209,0.10801393728222997,0.2926829268292683,0.20905923344947736,0.9396984924623115,0.3205574912891986,0.37282229965156793,0.8989547038327527,0.4076655052264808
2026-02-23,BAP,BAPCOR LIMITED ORDINARY,-0.017241379310344827,1.242542028427124,0.6100000143051147,0.509070920460304,0.509070920460304,False,0.008777084835522482,0.008777084835522482,0.00010842175066312999,0.008668663084859352,702.583875,7.02,0.9163763066202091,0.017421602787456445,0.7909407665505227,0.3554006968641115,,0.8048780487804879,0.09407665505226481,0.7874564459930313,0.397212543554007
2026-02-23,ASG,AUTOSPORTS GRP LTD. ORDINARY,-0.017241379310344827,3.2208824157714844,2.2712604999542236,0.29483284182226244,0.29483284182226244,False,0.005083324859004525,0.005083324859004525,0.00010842175066312999,0.004974903108341395,790.228853,0.08,0.13066202090592335,0.10452961672473868,0.5017421602787456,0.3797909407665505,0.36683417085427134,0.2787456445993031,0.5226480836236934,0.9163763066202091,0.4146341463414634
2026-02-23,ASB,AUSTAL LIMITED ORDINARY,-0.017241379310344827,5.610000133514404,4.820000171661377,0.14081995419813464,0.14081995419813464,False,0.002427930244795425,0.002427930244795425,0.00010842175066312999,0.002319508494132295,2811.37886,0.61,0.35365853658536583,0.2578397212543554,0.313588850174216,0.6515679442508711,0.8241206030150754,0.0975609756097561,0.40418118466898956,0.43902439024390244,0.6898954703832753
2026-02-23,ALD,AMPOL LIMITED ORDINARY,-0.017241379310344827,27.829246520996094,34.0,-0.2217362756964445,-0.16,True,-0.0038230392361455947,-0.0027586206896551726,0.00019462864721485413,-0.002953249336870027,7608.986021,1.7,0.5993031358885017,0.37630662020905925,0.3867595818815331,0.8048780487804879,0.7638190954773869,0.1254355400696864,0.4738675958188153,0.8501742160278746,0.4808362369337979
2026-02-23,APX,APPEN LIMITED ORDINARY,-0.017241379310344827,1.2999999523162842,1.3700000047683716,-0.05384619616898001,-0.05384619616898001,False,-0.0009283826925686209,-0.0009283826925686209,0.00010842175066312999,-0.001036804443231751,141.793583,0.69,0.3902439024390244,0.9825783972125436,0.9930313588850174,0.08013937282229965,,0.7979094076655052,0.21254355400696864,0.3205574912891986,0.8606271777003485
2026-02-23,AFG,AUST FINANCE GRP ORDINARY,-0.017241379310344827,1.979915976524353,1.784999966621399,0.09844660693385576,0.09844660693385576,False,0.0016973552919630304,0.0016973552919630304,0.00010842175066312999,0.0015889335412999004,590.998,0.53,0.3240418118466899,0.27526132404181186,0.289198606271777,0.28222996515679444,0.24120603015075376,0.7804878048780488,0.8222996515679443,1.0,0.8013937282229965
2026-02-23,AD8,AUDINATEGROUPLTD ORDINARY,-0.017241379310344827,3.0899999141693115,2.5,0.19093848885362252,0.19093848885362252,False,0.0032920429112693536,0.0032920429112693536,0.00010842175066312999,0.003183621160606224,338.713814,5.47,0.8780487804878049,0.06620209059233449,0.9024390243902439,0.20209059233449478,,0.30662020905923343,0.16376306620209058,0.14634146341463414,0.1951219512195122
2026-02-23,ABB,AUSSIE BROADBAND ORDINARY,-0.017241379310344827,5.065271377563477,4.650000095367432,0.08198401452595039,0.08198401452595039,False,0.0014135174918267308,0.0014135174918267308,0.00010842175066312999,0.0013050957411636008,1467.352867,1.71,0.6045296167247387,0.49477351916376305,0.7317073170731707,0.4878048780487805,0.9748743718592965,0.43902439024390244,0.3310104529616725,0.5679442508710801,0.5749128919860628
2026-02-23,AQZ,ALLIANCE AVIATION ORDINARY,-0.017241379310344827,0.7300000190734863,0.5950000286102295,0.18493148895338163,0.18493148895338163,False,0.003188473947472097,0.003188473947472097,0.00010842175066312999,0.0030800521968089674,199.643395,0.15,0.15853658536585366,0.024390243902439025,0.6411149825783972,0.12195121951219512,,0.010452961672473868,0.05574912891986063,0.8397212543554007,0.09059233449477352
2026-02-23,BOT,BOTANIX PHARMA LTD ORDINARY,-0.017241379310344827,0.05900000035762787,0.03999999910593033,0.32203391756829214,0.32203391756829214,False,0.005552308923591244,0.005552308923591244,0.00010842175066312999,0.005443887172928114,265.170426,2.06,0.6358885017421603,0.010452961672473868,0.9965156794425087,0.16376306620209058,,0.0627177700348432,0.020905923344947737,0.5958188153310104,0.975609756097561
2026-02-23,EOS,ELECTRO OPTIC SYS. ORDINARY,-0.017241379310344827,7.75,8.050000190734863,-0.03870970203030488,-0.03870970203030488,False,-0.0006674086556949118,-0.0006674086556949118,0.00010842175066312999,-0.0007758304063580418,1821.467814,3.48,0.7787456445993032,0.9790940766550522,0.9860627177700348,0.5261324041811847,,0.23693379790940766,0.1254355400696864,0.2682926829268293,0.9337979094076655
2026-02-23,CCX,CITY CHIC COLLECTIVE ORDINARY,-0.017241379310344827,0.10999999940395355,0.08500000089406967,0.22727271495771795,0.22727271495771795,False,0.003918495085477896,0.003918495085477896,0.00010842175066312999,0.003810073334814766,42.367357,0.07,0.12020905923344948,0.7456445993031359,0.8013937282229965,0.013937282229965157,,0.9790940766550522,0.12195121951219512,0.8536585365853658,0.5435540069686411
2026-02-23,CAT,CATAPULT SPORTS LTD ORDINARY,-0.017241379310344827,3.4000000953674316,2.990000009536743,0.12058825715602828,0.12058825715602828,False,0.0020791078820004876,0.0020791078820004876,0.00010842175066312999,0.001970686131337358,1829.36448,6.58,0.9094076655052264,0.04529616724738676,0.3797909407665505,0.5296167247386759,,0.5121951219512195,0.11498257839721254,0.2961672473867596,0.3310104529616725
2026-02-23,IMM,IMMUTEP LTD ORDINARY,-0.017241379310344827,0.38999998569488525,0.04699999839067459,0.879487179193271,0.879487179193271,False,0.015163572055056397,0.015163572055056397,0.00010842175066312999,0.015055150304393267,610.386367,2.12,0.6463414634146342,0.9024390243902439,0.7456445993031359,0.2926829268292683,,0.13588850174216027,0.027874564459930314,0.15331010452961671,0.9512195121951219
2026-02-23,ILU,ILUKA RESOURCES ORDINARY,-0.017241379310344827,5.275310516357422,6.579999923706055,-0.24731992615470055,-0.16,True,-0.004264136657839665,-0.0027586206896551726,0.00019462864721485413,-0.002953249336870027,2487.580448,8.12,0.9407665505226481,0.15331010452961671,0.9721254355400697,0.6236933797909407,,0.027874564459930314,0.08362369337979095,0.5888501742160279,0.0627177700348432
2026-02-23,IEL,IDP EDUCATION LTD ORDINARY,-0.017241379310344827,4.666823387145996,3.7699999809265137,0.1921699905528108,0.1921699905528108,False,0.0033132756991863933,0.0033132756991863933,0.00010842175066312999,0.0032048539485232635,1608.645828,11.1,0.9825783972125436,0.3623693379790941,0.3310104529616725,0.5017421602787456,0.7688442211055276,0.4425087108013937,0.6027874564459931,0.759581881533101,0.7386759581881533
2026-02-23,GEM,G8 EDUCATION LIMITED ORDINARY,-0.017241379310344827,0.3799999952316284,0.24500000476837158,0.3552631372560092,0.3552631372560092,False,0.006125226504413952,0.006125226504413952,0.00010842175066312999,0.006016804753750822,522.693051,4.92,0.8641114982578397,0.013937282229965157,0.8641114982578397,0.2578397212543554,,0.9128919860627178,0.017421602787456445,0.9128919860627178,0.4738675958188153
2026-02-23,HLS,HEALIUS ORDINARY,-0.017241379310344827,0.6850000023841858,0.5350000262260437,0.21897806662198205,0.21897806662198205,False,0.0037754839072755525,0.0037754839072755525,0.00010842175066312999,0.0036670621566124227,657.150365,6.11,0.9059233449477352,0.05226480836236934,0.5226480836236934,0.3240418118466899,,0.9233449477351916,0.17073170731707318,0.9233449477351916,0.3902439024390244
2026-02-23,EML,EML PAYMENTS LTD ORDINARY,-0.017241379310344827,0.7300000190734863,0.5600000023841858,0.23287672910620472,0.23287672910620472,False,0.004015116019072495,0.004015116019072495,0.00010842175066312999,0.0039066942684093655,356.480768,2.6,0.7073170731707317,0.2682926829268293,0.24390243902439024,0.21602787456445993,,0.08013937282229965,0.21602787456445993,0.6132404181184669,0.9616724738675958
2026-02-23,EBO,EBOS GROUP LTD ORDINARY,-0.017241379310344827,20.309743881225586,18.239999771118164,0.10190892224991088,0.10190892224991088,False,0.0017570503836191532,0.0017570503836191532,0.00010842175066312999,0.0016486286329560232,5599.764288,0.46,0.2926829268292683,0.2264808362369338,0.34843205574912894,0.7421602787456446,0.4371859296482412,0.29965156794425085,0.5470383275261324,0.710801393728223,0.7282229965156795
2026-02-23,DUB,DUBBER CORP LTD ORDINARY,-0.017241379310344827,0.014000000432133675,0.014000000432133675,-0.0,-0.0,False,-0.0,-0.0,0.00010842175066312999,-0.00010842175066312999,50.233336,0.0,0.0313588850174216,0.40418118466898956,0.926829268292683,0.024390243902439025,,0.34494773519163763,0.03832752613240418,0.4878048780487805,0.11149825783972125
2026-02-23,DMP,DOMINO PIZZA ENTERPR ORDINARY,-0.017241379310344827,21.675395965576172,16.149999618530273,0.25491558981534035,0.25491558981534035,False,0.004395096376126558,0.004395096376126558,0.00010842175066312999,0.004286674625463428,1984.378746,16.02,1.0,0.5296167247386759,0.47038327526132406,0.5679442508710801,0.5678391959798995,0.8118466898954704,0.6794425087108014,0.8954703832752613,0.20209059233449478
2026-02-23,CXL,CALIX LIMITED ORDINARY,-0.017241379310344827,1.0099999904632568,0.5950000286102295,0.41089105521939584,0.41089105521939584,False,0.007084328538265445,0.007084328538265445,0.00010842175066312999,0.006975906787602315,210.983751,0.5,0.3118466898954704,0.9651567944250871,0.9895470383275261,0.13588850174216027,,0.11498257839721254,0.013937282229965157,0.2508710801393728,0.6933797909407665
2026-02-23,IPD,IMPEDIMED LIMITED ORDINARY,-0.017241379310344827,0.01600000075995922,0.01549999974668026,0.031250061845636834,0.031250061845636834,False,0.0005387941697523592,0.0005387941697523592,0.00010842175066312999,0.0004303724190892292,69.157976,0.55,0.3327526132404181,0.006968641114982578,1.0,0.041811846689895474,,0.34494773519163763,0.006968641114982578,0.89198606271777,0.7142857142857143
2026-02-23,4DX,4DMEDICAL LIMITED ORDINARY,-0.017241379310344827,3.930000066757202,5.639999866485596,-0.43511444546599765,-0.16,True,-0.007501973197689614,-0.0027586206896551726,0.00019462864721485413,-0.002953249336870027,1947.825404,0.37,0.25609756097560976,0.9930313588850174,0.9616724738675958,0.5574912891986062,,0.2682926829268293,1.0,0.013937282229965157,0.9372822299651568
2026-02-23,LOT,LOTUS RESOURCES LTD ORDINARY,-0.017241379310344827,2.140000104904175,1.2100000381469727,0.434579449143927,0.434579449143927,False,0.007492749123171155,0.007492749123171155,0.00010842175066312999,0.007384327372508025,450.13114,6.05,0.9024390243902439,0.8222996515679443,0.9407665505226481,0.24390243902439024,,0.03484320557491289,0.13240418118466898,0.14285714285714285,0.01916376306620209
2026-02-23,LOV,LOVISA HOLDINGS LTD ORDINARY,-0.017241379310344827,25.214649200439453,21.510000228881836,0.14692447006135823,0.14692447006135823,False,0.0025331805182992797,0.0025331805182992797,0.00010842175066312999,0.00242475876763615,3245.6114,2.97,0.7386759581881533,0.18466898954703834,0.6585365853658537,0.6689895470383276,0.6633165829145728,0.7456445993031359,0.9860627177700348,0.9790940766550522,0.8571428571428571
2026-02-23,RFG,RETAIL FOOD GROUP ORDINARY,-0.017241379310344827,1.100000023841858,0.9900000095367432,0.10000001083720789,0.10000001083720789,False,0.0017241381178828945,0.0017241381178828945,0.00010842175066312999,0.0016157163672197645,93.155694,0.42,0.2700348432055749,0.0627177700348432,0.9337979094076655,0.05226480836236934,0.5577889447236181,0.21254355400696864,0.34146341463414637,0.7212543554006968,0.27526132404181186
2026-02-23,PPK,PPK GROUP LIMITED ORDINARY,-0.017241379310344827,0.4099999964237213,0.3149999976158142,0.23170731618672447,0.23170731618672447,False,0.003994953727357318,0.003994953727357318,0.00010842175066312999,0.0038865319766941886,43.017186,0.07,0.12020905923344948,0.6794425087108014,0.6655052264808362,0.017421602787456445,0.04020100502512563,0.14285714285714285,0.710801393728223,0.34146341463414637,0.8745644599303136
2026-02-23,PLS,PLS GROUP LTD ORDINARY,-0.017241379310344827,4.369999885559082,5.269999980926514,-0.20594968396716307,-0.16,True,-0.003550856620123501,-0.0027586206896551726,0.00019462864721485413,-0.002953249336870027,13590.07956,7.54,0.926829268292683,0.7665505226480837,0.7142857142857143,0.8885017421602788,0.9849246231155779,0.3693379790940767,0.3344947735191638,0.397212543554007,0.926829268292683
2026-02-23,PAC,PACIFIC GRP LTD ORDINARY,-0.017241379310344827,9.751397132873535,9.699999809265137,0.0052707650922276805,0.0052707650922276805,False,9.087526021082207e-05,9.087526021082207e-05,0.00010842175066312999,-1.7546490452307914e-05,300.935543,0.05,0.09581881533101046,0.49825783972125437,0.013937282229965157,0.18815331010452963,,0.41114982578397213,0.20905923344947736,0.02264808362369338,0.9581881533101045
2026-02-23,OFX,OFX GROUP LTD ORDINARY,-0.017241379310344827,0.6100000143051147,0.5350000262260437,0.12295079724630453,0.12295079724630453,False,0.0021198413318328367,0.0021198413318328367,0.00010842175066312999,0.002011419581169707,200.290098,0.79,0.42160278745644597,0.6341463414634146,0.7491289198606271,0.1254355400696864,0.8090452261306532,0.07317073170731707,0.3623693379790941,0.3797909407665505,0.40418118466898956
2026-02-23,OCC,ORTHOCELL LIMITED ORDINARY,-0.017241379310344827,0.8999999761581421,0.7250000238418579,0.1944443966135554,0.1944443966135554,False,0.0033524895967854376,0.0033524895967854376,0.00010842175066312999,0.003244067846122308,270.580613,0.55,0.3327526132404181,0.30139372822299654,0.010452961672473868,0.1672473867595819,,0.17073170731707318,0.10801393728222997,0.14982578397212543,0.8815331010452961
2026-02-23,NEC,NINE ENTERTAINMENT ORDINARY,-0.017241379310344827,1.0125372409820557,0.925000011920929,0.08645334267036409,0.08645334267036409,False,0.001490574873626967,0.001490574873626967,0.00010842175066312999,0.001382153122963837,1758.31215,2.23,0.662020905923345,0.46689895470383275,0.7735191637630662,0.5156794425087108,,0.08362369337979095,0.26480836236933797,0.44947735191637633,0.08362369337979095
2026-02-23,NEU,NEUREN PHARMACEUT. ORDINARY,-0.017241379310344827,12.600000381469727,11.630000114440918,0.07698414584616564,0.07698414584616564,False,0.001327312859416649,0.001327312859416649,0.00010842175066312999,0.001218891108753519,2356.761578,5.39,0.8745644599303136,0.041811846689895474,0.6829268292682927,0.6132404181184669,0.914572864321608,0.3240418118466899,0.5574912891986062,0.02264808362369338,0.8641114982578397
2026-02-23,MVP,MEDICAL DEVELOPMENTS ORDINARY,-0.017241379310344827,0.44999998807907104,0.3700000047683716,0.17777774539994518,0.17777774539994518,False,0.003065133541378365,0.003065133541378365,0.00010842175066312999,0.0029567117907152354,62.525369,0.0,0.0313588850174216,0.30139372822299654,0.5853658536585366,0.03484320557491289,,0.3623693379790941,0.2961672473867596,0.21602787456445993,0.735191637630662
2026-02-23,MVF,MONASH IVF GROUP LTD ORDINARY,-0.017241379310344827,0.7170222401618958,0.6299999952316284,0.12136617256198168,0.12136617256198168,False,0.0020925202165858908,0.0020925202165858908,0.00010842175066312999,0.001984098465922761,286.381607,2.15,0.6585365853658537,0.22996515679442509,0.34494773519163763,0.17073170731707318,0.44221105527638194,0.4843205574912892,0.43205574912891986,0.7700348432055749,0.5052264808362369
2026-02-23,MME,MONEYME LIMITED ORDINARY,-0.017241379310344827,0.11500000208616257,0.07999999821186066,0.3043478542555027,0.3043478542555027,False,0.005247376797508667,0.005247376797508667,0.00010842175066312999,0.005138955046845538,96.480918,0.0,0.0313588850174216,0.5418118466898955,0.9477351916376306,0.059233449477351915,,0.9895470383275261,0.07317073170731707,0.9965156794425087,0.9965156794425087
2026-02-23,NWL,NETWEALTH GROUP ORDINARY,-0.017241379310344827,24.597429275512695,20.59000015258789,0.16292064825303887,0.16292064825303887,False,0.0028089766940179116,0.0028089766940179116,0.00010842175066312999,0.002700554943354782,6295.246291,0.83,0.42857142857142855,0.34494773519163763,0.7979094076655052,0.7735191637630662,,0.46689895470383275,0.25435540069686413,0.313588850174216,0.7491289198606271
2026-02-23,REH,REECE LIMITED ORDINARY,-0.017241379310344827,15.820423126220703,13.8100004196167,0.12707768247183837,0.12707768247183837,False,0.0021909945253765235,0.0021909945253765235,0.00010842175066312999,0.0020825727747133937,8401.974776,3.1,0.7473867595818815,0.8815331010452961,0.5156794425087108,0.8327526132404182,0.6934673366834171,0.5156794425087108,0.5017421602787456,0.7456445993031359,0.41114982578397213
2026-02-23,WOW,WOOLWORTHS GROUP LTD ORDINARY,-0.017241379310344827,30.928171157836914,36.68000030517578,-0.18597378803891562,-0.16,True,-0.003206444621360614,-0.0027586206896551726,0.00019462864721485413,-0.002953249336870027,35875.918,2.12,0.6463414634146342,0.6933797909407665,0.13240418118466898,0.9547038327526133,0.8442211055276382,0.6689895470383276,0.759581881533101,0.9686411149825784,0.7212543554006968
2026-02-23,PWH,PWR HOLDINGS LIMITED ORDINARY,-0.017241379310344827,9.720837593078613,8.720000267028809,0.10295793098759476,0.10295793098759476,False,0.0017751367411654268,0.0017751367411654268,0.00010842175066312999,0.0016667149905022968,789.506857,9.02,0.9581881533101045,0.8432055749128919,0.7804878048780488,0.37630662020905925,0.9045226130653267,0.30313588850174217,0.6306620209059234,0.7839721254355401,0.8048780487804879
2026-02-23,SGM,SIMS LIMITED ORDINARY,-0.017241379310344827,21.989171981811523,19.350000381469727,0.12002141792900634,0.12002141792900634,False,0.0020693347918794196,0.0020693347918794196,0.00010842175066312999,0.00196091304121629,3467.266669,0.67,0.38501742160278746,0.8989547038327527,0.1951219512195122,0.6898954703832753,,0.6550522648083623,0.2682926829268293,0.5017421602787456,0.24390243902439024
2026-02-23,RIC,RIDLEY CORPORATION ORDINARY,-0.017241379310344827,2.374791383743286,2.708439588546753,-0.14049579558333702,-0.14049579558333702,False,-0.002422341303160983,-0.002422341303160983,0.00010842175066312999,-0.002530763053824113,993.360646,0.61,0.35365853658536583,0.3867595818815331,0.06620209059233449,0.42857142857142855,0.11055276381909548,0.8327526132404182,0.8292682926829268,0.8257839721254355,0.9059233449477352
2026-02-23,LTR,LIONTOWN LIMITED ORDINARY,-0.017241379310344827,1.6699999570846558,1.7649999856948853,-0.05688624613863613,-0.05688624613863613,False,-0.0009807973472178643,-0.0009807973472178643,0.00010842175066312999,-0.0010892190978809943,4404.010604,1.56,0.5749128919860628,0.8397212543554007,0.794425087108014,0.7247386759581882,,0.18466898954703834,0.06620209059233449,0.7665505226480837,0.5226480836236934
2026-02-23,VEA,VIVA ENERGY GROUP ORDINARY,-0.017241379310344827,1.696256399154663,2.5299999713897705,-0.4915197800583728,-0.16,True,-0.008474478966523669,-0.0027586206896551726,0.00019462864721485413,-0.002953249336870027,3326.618756,2.56,0.7003484320557491,0.1916376306620209,0.6515679442508711,0.6724738675958188,,0.42160278745644597,0.09059233449477352,0.9721254355400697,0.13240418118466898
2026-02-23,TPW,TEMPLE & WEBSTER LTD ORDINARY,-0.017241379310344827,7.869999885559082,6.650000095367432,0.15501903531539662,0.15501903531539662,False,0.0026727419881964936,0.0026727419881964936,0.00010842175066312999,0.0025643202375333638,1637.193439,1.79,0.6132404181184669,0.020905923344947737,0.975609756097561,0.5052264808362369,0.9698492462311558,0.5365853658536586,0.5296167247386759,0.5470383275261324,0.8710801393728222
2026-02-23,TER,TERRACOM LTD ORDINARY,-0.017241379310344827,0.06800000369548798,0.10499999672174454,-0.5441175149334827,-0.16,True,-0.009381336464370392,-0.0027586206896551726,0.00019462864721485413,-0.002953249336870027,52.863771,0.23,0.1916376306620209,0.17073170731707318,0.5679442508710801,0.027874564459930314,,0.013937282229965157,0.11149825783972125,0.3344947735191638,0.10452961672473868
2026-02-23,TLX,TELIX PHARMACEUTICAL ORDINARY,-0.017241379310344827,9.609999656677246,13.039999961853027,-0.35691991963730607,-0.16,True,-0.006153791717884587,-0.0027586206896551726,0.00019462864721485413,-0.002953249336870027,3794.313599,13.28,0.9930313588850174,0.03832752613240418,0.8501742160278746,0.7003484320557491,,0.20209059233449478,0.27177700348432055,0.8048780487804879,0.5679442508710801
2026-02-23,SUL,SUPER RET REP LTD ORDINARY,-0.017241379310344827,14.00265884399414,12.5600004196167,0.10302746360175807,0.10302746360175807,False,0.0017763355793406564,0.0017763355793406564,0.00010842175066312999,0.0016679138286775264,3619.851302,2.41,0.6794425087108014,0.289198606271777,0.09407665505226481,0.6968641114982579,0.35678391959798994,0.9059233449477352,0.7665505226480837,0.8571428571428571,0.7038327526132404
2026-02-23,SPL,STARPHARMA HOLDINGS ORDINARY,-0.017241379310344827,0.48500001430511475,0.46000000834465027,0.051546402521829404,0.051546402521829404,False,0.0008887310779625759,0.0008887310779625759,0.00010842175066312999,0.0007803093272994459,150.80042,0.08,0.13066202090592335,0.8954703832752613,0.9094076655052264,0.09059233449477352,0.8793969849246231,0.6341463414634146,0.6933797909407665,0.17770034843205576,0.9790940766550522
2026-02-23,SOL,SOUL PATTINSON (W.H) ORDINARY,-0.017241379310344827,36.81700134277344,39.744163513183594,-0.0795057191963493,-0.0795057191963493,False,-0.0013707882620060223,-0.0013707882620060223,0.00010842175066312999,-0.0014792100126691523,14046.76,2.77,0.7247386759581882,0.519163763066202,0.041811846689895474,0.89198606271777,0.010050251256281407,0.14634146341463414,0.9512195121951219,0.23693379790940766,0.42160278745644597
2026-02-23,SLX,SILEX SYSTEMS ORDINARY,-0.017241379310344827,6.840000152587891,5.0,0.26900586426035866,0.26900586426035866,False,0.004638032142419977,0.004638032142419977,0.00010842175066312999,0.004529610391756847,2310.500363,8.1,0.9372822299651568,0.20905923344947736,0.5818815331010453,0.6062717770034843,,0.37282229965156793,0.14634146341463414,0.10104529616724739,0.9825783972125436
2026-02-23,SHL,SONIC HEALTHCARE ORDINARY,-0.017241379310344827,22.581802368164062,20.5,0.09218938037908775,0.09218938037908775,False,0.0015894720755015128,0.0015894720755015128,0.00010842175066312999,0.0014810503248383828,11170.987138,3.96,0.8118466898954704,0.5121951219512195,0.5261324041811847,0.867595818815331,0.48743718592964824,0.6968641114982579,0.43902439024390244,0.7142857142857143,0.6445993031358885
2026-02-23,SXL,STHN CROSS MEDIA ORDINARY,-0.017241379310344827,0.6650000214576721,0.5299999713897705,0.20300758753658854,0.20300758753658854,False,0.003500130819596354,0.003500130819596354,0.00010842175066312999,0.0033917090689332243,189.52021,0.43,0.2770034843205575,0.23344947735191637,0.5574912891986062,0.11846689895470383,,0.9407665505226481,0.22996515679442509,0.9059233449477352,0.8083623693379791
2026-03-27,BRN,BRAINCHIP LTD ORDINARY,-0.017543859649122806,0.14499999582767487,0.1550000011920929,-0.06896555622182587,-0.06896555622182587,False,-0.0012099220389794013,-0.0012099220389794013,0.0001103238866396761,-0.0013202459256190773,251.972225,2.38,0.6765734265734266,0.3146853146853147,0.5244755244755245,0.15034965034965034,,0.16783216783216784,0.04895104895104895,0.1958041958041958,0.10839160839160839
2026-03-27,CXL,CALIX LIMITED ORDINARY,-0.017543859649122806,0.5350000262260437,0.5299999713897705,0.009345896432088385,0.009345896432088385,False,0.00016396309529979623,0.00016396309529979623,0.0001103238866396761,5.3639208660120126e-05,210.983751,0.58,0.3304195804195804,0.017482517482517484,0.7167832167832168,0.13986013986013987,,0.11538461538461539,0.013986013986013986,0.2692307692307692,0.6923076923076923
2026-03-27,CHN,CHALICE MINING LTD ORDINARY,-0.017543859649122806,1.3700000047683716,1.5199999809265137,-0.10948903331099102,-0.10948903331099102,False,-0.0019208602335261582,-0.0019208602335261582,0.0001103238866396761,-0.0020311841201658344,852.141244,3.79,0.7902097902097902,0.1048951048951049,0.8986013986013986,0.3881118881118881,,0.23076923076923078,0.13286713286713286,0.13636363636363635,0.3304195804195804
2026-03-27,CAT,CATAPULT SPORTS LTD ORDINARY,-0.017543859649122806,3.4100000858306885,3.200000047683716,0.06158358734932867,0.06158358734932867,False,0.001080413813146117,0.001080413813146117,0.0001103238866396761,0.0009700899265064408,1829.36448,6.68,0.9038461538461539,0.34615384615384615,0.6153846153846154,0.527972027972028,,0.513986013986014,0.11538461538461539,0.3076923076923077,0.3304195804195804
2026-03-27,BAP,BAPCOR LIMITED ORDINARY,-0.017543859649122806,0.6349999904632568,0.574999988079071,0.09448819415007159,0.09448819415007159,False,0.0016576876166679226,0.0016576876166679226,0.0001103238866396761,0.0015473637300282466,702.583875,7.55,0.9265734265734266,0.006993006993006993,0.6958041958041958,0.35664335664335667,,0.8041958041958042,0.0944055944055944,0.7937062937062938,0.3986013986013986
2026-03-27,AD8,AUDINATEGROUPLTD ORDINARY,-0.017543859649122806,2.549999952316284,2.4700000286102295,0.03137251968706389,0.03137251968706389,False,0.0005503950822291911,0.0005503950822291911,0.0001103238866396761,0.00044007119558951496,338.713814,2.58,0.701048951048951,0.0944055944055944,0.1853146853146853,0.20279720279720279,,0.3076923076923077,0.16783216783216784,0.16083916083916083,0.1993006993006993
2026-03-27,AQZ,ALLIANCE AVIATION ORDINARY,-0.017543859649122806,0.6349999904632568,0.6050000190734863,0.047244050142243865,0.047244050142243865,False,0.0008288429849516467,0.0008288429849516467,0.0001103238866396761,0.0007185190983119706,199.643395,0.21,0.16958041958041958,0.038461538461538464,0.8566433566433567,0.1258741258741259,,0.01048951048951049,0.055944055944055944,0.8461538461538461,0.09090909090909091
2026-03-27,APE,EAGERS AUTOMOTIVE ORDINARY,-0.017543859649122806,22.18000030517578,24.889999389648438,-0.12218210311928024,-0.12218210311928024,False,-0.0021435456687593024,-0.0021435456687593024,0.0001103238866396761,-0.0022538695553989785,6467.922039,2.12,0.6433566433566433,0.541958041958042,0.5559440559440559,0.7867132867132867,0.7070707070707071,0.24825174825174826,0.6713286713286714,0.8811188811188811,0.38461538461538464
2026-03-27,ALD,AMPOL LIMITED ORDINARY,-0.017543859649122806,33.790000915527344,35.81999969482422,-0.06007690808803856,-0.06007690808803856,False,-0.0010539808436497993,-0.0010539808436497993,0.0001103238866396761,-0.0011643047302894753,7608.986021,1.09,0.46153846153846156,0.8426573426573427,0.527972027972028,0.8041958041958042,0.7626262626262627,0.1258741258741259,0.486013986013986,0.8566433566433567,0.4755244755244755
2026-03-27,AFG,AUST FINANCE GRP ORDINARY,-0.017543859649122806,1.8300000429153442,2.009999990463257,-0.09836062476870633,-0.09836062476870633,False,-0.001725624995942216,-0.001725624995942216,0.0001103238866396761,-0.0018359488825818921,590.998,0.47,0.2937062937062937,0.46503496503496505,0.04195804195804196,0.28321678321678323,0.23737373737373738,0.7797202797202797,0.8216783216783217,1.0,0.8006993006993007
2026-03-27,DMP,DOMINO PIZZA ENTERPR ORDINARY,-0.017543859649122806,16.8700008392334,16.309999465942383,0.03319510049985652,0.03319510049985652,False,0.0005823701842080091,0.0005823701842080091,0.0001103238866396761,0.000472046297568333,1984.378746,15.33,1.0,0.2902097902097902,0.21328671328671328,0.5664335664335665,0.5707070707070707,0.8111888111888111,0.6818181818181818,0.9020979020979021,0.2062937062937063
2026-03-27,ASB,AUSTAL LIMITED ORDINARY,-0.017543859649122806,4.809999942779541,4.210000038146973,0.12474010639714228,0.12474010639714228,False,0.00218842291924811,0.00218842291924811,0.0001103238866396761,0.002078099032608434,2811.37886,0.64,0.3479020979020979,0.2062937062937063,0.33916083916083917,0.6503496503496503,0.8232323232323232,0.0979020979020979,0.4090909090909091,0.44755244755244755,0.6888111888111889
2026-03-27,BGA,BEGA CHEESE LTD ORDINARY,-0.017543859649122806,5.889999866485596,5.579999923706055,0.052631570425571095,0.052631570425571095,False,0.000923360884659142,0.000923360884659142,0.0001103238866396761,0.0008130369980194658,1850.584619,1.61,0.5384615384615384,0.7132867132867133,0.3986013986013986,0.534965034965035,0.4292929292929293,0.14685314685314685,0.5664335664335665,0.6608391608391608,0.5664335664335665
2026-03-27,IMM,IMMUTEP LTD ORDINARY,-0.017543859649122806,0.04800000041723251,0.061000000685453415,-0.2708333365670923,-0.16,True,-0.004751462045036707,-0.002807017543859649,0.00019804318488529014,-0.003005060728744939,610.386367,0.55,0.32167832167832167,0.0034965034965034965,0.9965034965034965,0.2937062937062937,,0.13286713286713286,0.027972027972027972,0.16783216783216784,0.951048951048951
2026-03-27,DUB,DUBBER CORP LTD ORDINARY,-0.017543859649122806,0.014000000432133675,0.012000000104308128,0.14285716186372543,0.14285716186372543,False,0.002506265997609218,0.002506265997609218,0.0001103238866396761,0.002395942110969542,50.233336,0.0,0.024475524475524476,0.27972027972027974,0.9755244755244755,0.024475524475524476,,0.34615384615384615,0.038461538461538464,0.4965034965034965,0.11188811188811189
2026-03-27,IPD,IMPEDIMED LIMITED ORDINARY,-0.017543859649122806,0.014999999664723873,0.014000000432133675,0.06666661699612819,0.06666661699612819,False,0.0011695897718618981,0.0011695897718618981,0.0001103238866396761,0.0010592658852222221,69.157976,0.58,0.3304195804195804,0.027972027972027972,0.11188811188811189,0.04195804195804196,,0.34615384615384615,0.006993006993006993,0.8986013986013986,0.7132867132867133
2026-03-27,ING,INGHAMS GROUP ORDINARY,-0.017543859649122806,1.8799999952316284,1.8200000524520874,0.03191486326155479,0.03191486326155479,False,0.000559909881781663,0.000559909881781663,0.0001103238866396761,0.0004495859951419869,925.533,7.82,0.9335664335664335,0.26223776223776224,0.3951048951048951,0.40559440559440557,0.6212121212121212,0.8706293706293706,0.7272727272727273,0.993006993006993,0.48951048951048953
2026-03-27,IMU,IMUGENE LIMITED ORDINARY,-0.017543859649122806,0.14499999582767487,0.10999999940395355,0.24137929262644275,0.24137929262644275,False,0.004234724432042855,0.004234724432042855,0.0001103238866396761,0.004124400545403179,106.514783,1.82,0.5594405594405595,0.024475524475524476,0.951048951048951,0.06293706293706294,,0.017482517482517484,0.01048951048951049,0.27972027972027974,0.017482517482517484
2026-03-27,ILU,ILUKA RESOURCES ORDINARY,-0.017543859649122806,6.679999828338623,8.359999656677246,-0.25149698675313514,-0.16,True,-0.004412227837774301,-0.002807017543859649,0.00019804318488529014,-0.003005060728744939,2487.580448,7.37,0.9195804195804196,0.8496503496503497,0.8776223776223776,0.6223776223776224,,0.027972027972027972,0.08391608391608392,0.5979020979020979,0.05944055944055944
2026-03-27,IXR,IONIC RARE EARTHS ORDINARY,-0.017543859649122806,0.29499998688697815,0.28999999165534973,0.016949137131806236,0.016949137131806236,False,0.0002973532830141445,0.0002973532830141445,0.0001103238866396761,0.0001870293963744684,87.125025,0.04,0.09090909090909091,0.06643356643356643,0.7937062937062938,0.04895104895104895,,0.10139860139860139,0.0979020979020979,0.11888111888111888,0.3304195804195804
2026-03-27,LOV,LOVISA HOLDINGS LTD ORDINARY,-0.017543859649122806,22.059999465942383,24.059999465942383,-0.09066183356385515,-0.09066183356385515,False,-0.001590558483576406,-0.001590558483576406,0.0001103238866396761,-0.001700882370216082,3245.6114,3.62,0.7762237762237763,0.2692307692307692,0.3741258741258741,0.6678321678321678,0.6666666666666666,0.7517482517482518,0.986013986013986,0.9790209790209791,0.8531468531468531
2026-03-27,HLS,HEALIUS ORDINARY,-0.017543859649122806,0.5600000023841858,0.4950000047683716,0.11607142381978275,0.11607142381978275,False,0.0020363407687681184,0.0020363407687681184,0.0001103238866396761,0.0019260168821284424,657.150365,6.68,0.9038461538461539,0.0979020979020979,0.35664335664335667,0.32517482517482516,,0.9230769230769231,0.17482517482517482,0.9300699300699301,0.3916083916083916
2026-03-27,GEM,G8 EDUCATION LIMITED ORDINARY,-0.017543859649122806,0.23499999940395355,0.18000000715255737,0.23404252081232513,0.23404252081232513,False,0.004106009137058335,0.004106009137058335,0.0001103238866396761,0.003995685250418659,522.693051,2.45,0.6818181818181818,0.013986013986013986,0.5944055944055944,0.25524475524475526,,0.9125874125874126,0.017482517482517484,0.9230769230769231,0.46853146853146854
2026-03-27,EOS,ELECTRO OPTIC SYS. ORDINARY,-0.017543859649122806,8.460000038146973,9.300000190734863,-0.09929079773052574,-0.09929079773052574,False,-0.0017419438198337848,-0.0017419438198337848,0.0001103238866396761,-0.0018522677064734608,1821.467814,4.38,0.8251748251748252,0.5,0.8706293706293706,0.5244755244755245,,0.24125874125874125,0.1258741258741259,0.28321678321678323,0.9300699300699301
2026-03-27,EML,EML PAYMENTS LTD ORDINARY,-0.017543859649122806,0.574999988079071,0.41999998688697815,0.26956522505314917,0.26956522505314917,False,0.004729214474616652,0.004729214474616652,0.0001103238866396761,0.004618890587976976,356.480768,2.32,0.6713286713286714,0.10839160839160839,0.36363636363636365,0.21678321678321677,,0.08041958041958042,0.22377622377622378,0.6223776223776224,0.9615384615384616
2026-03-27,LOT,LOTUS RESOURCES LTD ORDINARY,-0.017543859649122806,1.225000023841858,0.8999999761581421,0.26530615621087683,0.26530615621087683,False,0.004654493968611874,0.004654493968611874,0.0001103238866396761,0.004544170081972197,450.13114,9.7,0.9685314685314685,0.04195804195804196,0.7622377622377622,0.24125874125874125,,0.03496503496503497,0.13636363636363635,0.15384615384615385,0.017482517482517484
2026-03-27,IEL,IDP EDUCATION LTD ORDINARY,-0.017543859649122806,3.859999895095825,3.2799999713897705,0.15025905167586961,0.15025905167586961,False,0.0026361237136117476,0.0026361237136117476,0.0001103238866396761,0.0025257998269720716,1608.645828,9.72,0.972027972027972,0.16083916083916083,0.23076923076923078,0.5,0.7676767676767676,0.44405594405594406,0.6013986013986014,0.7657342657342657,0.7377622377622378
2026-03-27,RFG,RETAIL FOOD GROUP ORDINARY,-0.017543859649122806,1.0199999809265137,0.8849999904632568,0.13235293430165562,0.13235293430165562,False,0.002321981303537818,0.002321981303537818,0.0001103238866396761,0.002211657416898142,93.155694,0.2,0.15734265734265734,0.1451048951048951,0.3881118881118881,0.05244755244755245,0.5606060606060606,0.2097902097902098,0.34265734265734266,0.7272727272727273,0.2727272727272727
2026-03-27,EBO,EBOS GROUP LTD ORDINARY,-0.017543859649122806,18.979999542236328,17.420000076293945,0.08219175466632156,0.08219175466632156,False,0.0014419606081810799,0.0014419606081810799,0.0001103238866396761,0.0013316367215414039,5599.764288,0.37,0.24825174825174826,0.33916083916083917,0.17482517482517482,0.7412587412587412,0.4393939393939394,0.3006993006993007,0.548951048951049,0.7202797202797203,0.7272727272727273
2026-03-27,VUL,VULCAN ENERGY ORDINARY,-0.017543859649122806,3.2699999809265137,3.880000114440918,-0.18654438442582744,-0.16,True,-0.003272708498698727,-0.002807017543859649,0.00019804318488529014,-0.003005060728744939,629.924647,3.92,0.8006993006993007,0.1888111888111888,0.8321678321678322,0.3111888111888112,,0.06993006993006994,0.1853146853146853,0.21328671328671328,0.07342657342657342
2026-03-27,OCC,ORTHOCELL LIMITED ORDINARY,-0.017543859649122806,0.75,0.8999999761581421,-0.1999999682108562,-0.16,True,-0.0035087713721202837,-0.002807017543859649,0.00019804318488529014,-0.003005060728744939,270.580613,0.49,0.29895104895104896,0.13636363636363635,0.6713286713286714,0.16083916083916083,,0.16433566433566432,0.10839160839160839,0.16433566433566432,0.8811188811188811
2026-03-27,PLS,PLS GROUP LTD ORDINARY,-0.017543859649122806,5.150000095367432,6.139999866485596,-0.19223296170590287,-0.16,True,-0.003372508100103559,-0.002807017543859649,0.00019804318488529014,-0.003005060728744939,13590.07956,7.15,0.9125874125874126,0.9265734265734266,0.9545454545454546,0.8881118881118881,0.9848484848484849,0.3706293706293706,0.3356643356643357,0.40559440559440557,0.9230769230769231
2026-03-27,PAC,PACIFIC GRP LTD ORDINARY,-0.017543859649122806,9.850000381469727,10.920000076293945,-0.1086294064350648,-0.1086294064350648,False,-0.0019057790602642947,-0.0019057790602642947,0.0001103238866396761,-0.0020161029469039707,300.935543,0.2,0.15734265734265734,0.7062937062937062,0.19230769230769232,0.17832167832167833,,0.4125874125874126,0.21678321678321677,0.022727272727272728,0.958041958041958
2026-03-27,OFX,OFX GROUP LTD ORDINARY,-0.017543859649122806,0.5600000023841858,0.49000000953674316,0.12499998669539181,0.12499998669539181,False,0.002192982222726172,0.002192982222726172,0.0001103238866396761,0.002082658336086496,200.290098,0.15,0.1346153846153846,0.8601398601398601,0.5874125874125874,0.12937062937062938,0.8080808080808081,0.07342657342657342,0.36363636363636365,0.3881118881118881,0.40559440559440557
2026-03-27,NXT,NEXTDC LIMITED ORDINARY,-0.017543859649122806,11.4399995803833,14.25,-0.24562941631878532,-0.16,True,-0.004309288005592725,-0.002807017543859649,0.00019804318488529014,-0.003005060728744939,7908.854721,8.94,0.958041958041958,0.5874125874125874,0.4965034965034965,0.8216783216783217,,0.045454545454545456,0.28321678321678323,0.6398601398601399,0.493006993006993
2026-03-27,MME,MONEYME LIMITED ORDINARY,-0.017543859649122806,0.08100000023841858,0.08500000089406967,-0.049382723998485645,-0.049382723998485645,False,-0.0008663635789208007,-0.0008663635789208007,0.0001103238866396761,-0.0009766874655604768,96.480918,0.01,0.05419580419580419,0.17832167832167833,0.36013986013986016,0.05944055944055944,,0.9895104895104895,0.07342657342657342,0.9965034965034965,0.9965034965034965
2026-03-27,NEC,NINE ENTERTAINMENT ORDINARY,-0.017543859649122806,0.8999999761581421,0.9350000023841858,-0.038888919059141935,-0.038888919059141935,False,-0.000682261737879683,-0.000682261737879683,0.0001103238866396761,-0.0007925856245193591,1758.31215,3.73,0.7867132867132867,0.4125874125874126,0.583916083916084,0.513986013986014,,0.08391608391608392,0.2727272727272727,0.458041958041958,0.08041958041958042
2026-03-27,MVP,MEDICAL DEVELOPMENTS ORDINARY,-0.017543859649122806,0.38999998569488525,0.4749999940395355,-0.2179487473395696,-0.16,True,-0.0038236622340275363,-0.002807017543859649,0.00019804318488529014,-0.003005060728744939,62.525369,0.0,0.024475524475524476,0.1853146853146853,0.46503496503496505,0.03496503496503497,,0.36363636363636365,0.2972027972027972,0.23426573426573427,0.7342657342657343
2026-03-27,MVF,MONASH IVF GROUP LTD ORDINARY,-0.017543859649122806,0.6349999904632568,0.7350000143051147,-0.15748035487198053,-0.16,True,-0.0027628132433680794,-0.002807017543859649,0.00019804318488529014,-0.003005060728744939,286.381607,2.01,0.6153846153846154,0.4405594405594406,0.15034965034965034,0.16433566433566432,0.4444444444444444,0.486013986013986,0.4405594405594406,0.7762237762237763,0.5
2026-03-27,PPK,PPK GROUP LIMITED ORDINARY,-0.017543859649122806,0.33500000834465027,0.3499999940395355,-0.04477607558580465,-0.04477607558580465,False,-0.0007855451857158711,-0.0007855451857158711,0.0001103238866396761,-0.0008958690723555472,43.017186,0.07,0.1048951048951049,0.22377622377622378,0.7237762237762237,0.017482517482517484,0.04040404040404041,0.13986013986013987,0.7132867132867133,0.34965034965034963,0.8741258741258742
2026-03-27,NEU,NEUREN PHARMACEUT. ORDINARY,-0.017543859649122806,11.779999732971191,12.470000267028809,-0.05857390065352597,-0.05857390065352597,False,-0.001027612292167122,-0.001027612292167122,0.0001103238866396761,-0.0011379361788067981,2356.761578,5.81,0.8776223776223776,0.09090909090909091,0.6888111888111889,0.6118881118881119,0.9141414141414141,0.32517482517482516,0.5594405594405595,0.022727272727272728,0.8601398601398601
2026-03-27,PWH,PWR HOLDINGS LIMITED ORDINARY,-0.017543859649122806,8.829999923706055,8.5,0.03737258511408348,0.03737258511408348,False,0.0006556593879663767,0.0006556593879663767,0.0001103238866396761,0.0005453355013267006,789.506857,8.85,0.9545454545454546,0.8741258741258742,0.43006993006993005,0.3776223776223776,0.9040404040404041,0.3041958041958042,0.6293706293706294,0.7902097902097902,0.8041958041958042
2026-03-27,NAN,NANOSONICS LIMITED ORDINARY,-0.017543859649122806,3.700000047683716,3.359999895095825,0.09189193194760592,0.09189193194760592,False,0.0016121391569755424,0.0016121391569755424,0.0001103238866396761,0.0015018152703358664,1206.156066,11.61,0.9790209790209791,0.5979020979020979,0.5209790209790209,0.45454545454545453,0.8838383838383839,0.3811188811188811,0.5454545454545454,0.2097902097902098,0.23076923076923078
2026-03-27,RIC,RIDLEY CORPORATION ORDINARY,-0.017543859649122806,2.6986265182495117,2.75,-0.019036899475742164,-0.019036899475742164,False,-0.00033398069255688006,-0.00033398069255688006,0.0001103238866396761,-0.00044430457919655613,993.360646,0.72,0.3723776223776224,0.8041958041958042,0.5314685314685315,0.42657342657342656,0.1111111111111111,0.8321678321678322,0.8286713286713286,0.8321678321678322,0.9055944055944056
2026-03-27,SOL,SOUL PATTINSON (W.H) ORDINARY,-0.017543859649122806,39.81338882446289,42.540000915527344,-0.06848480301654503,-0.06848480301654503,False,-0.001201487772220088,-0.001201487772220088,0.0001103238866396761,-0.001311811658859764,14046.76,3.64,0.7832167832167832,0.8461538461538461,0.34965034965034963,0.8916083916083916,0.010101010101010102,0.14335664335664336,0.951048951048951,0.25524475524475526,0.4195804195804196
2026-03-27,VEA,VIVA ENERGY GROUP ORDINARY,-0.017543859649122806,2.4800000190734863,2.5,-0.008064508376086854,-0.008064508376086854,False,-0.00014148260308924305,-0.00014148260308924305,0.0001103238866396761,-0.00025180648972891913,3326.618756,1.02,0.4458041958041958,0.9335664335664335,0.5454545454545454,0.6713286713286714,,0.4230769230769231,0.09090909090909091,0.972027972027972,0.12937062937062938
2026-03-27,TPW,TEMPLE & WEBSTER LTD ORDINARY,-0.017543859649122806,7.110000133514404,5.539999961853027,0.22081577245840933,0.22081577245840933,False,0.0038739609203229707,0.0038739609203229707,0.0001103238866396761,0.0037636370336832947,1637.193439,4.84,0.8426573426573427,0.05244755244755245,0.6328671328671329,0.5034965034965035,0.9696969696969697,0.5384615384615384,0.5314685314685315,0.5559440559440559,0.8671328671328671
2026-03-27,TLX,TELIX PHARMACEUTICAL ORDINARY,-0.017543859649122806,13.649999618530273,15.569999694824219,-0.1406593501795772,-0.1406593501795772,False,-0.002467707897887319,-0.002467707897887319,0.0001103238866396761,-0.002578031784526995,3794.313599,14.6,0.9965034965034965,0.9440559440559441,0.506993006993007,0.6993006993006993,,0.1958041958041958,0.27972027972027974,0.8111888111888111,0.5629370629370629
2026-03-27,TLG,TALGA GROUP LTD ORDINARY,-0.017543859649122806,0.2750000059604645,0.25,0.09090911061310525,0.09090911061310525,False,0.001594896677422899,0.001594896677422899,0.0001103238866396761,0.001484572790783223,169.958558,0.08,0.11363636363636363,0.1993006993006993,0.9475524475524476,0.11538461538461539,,0.10839160839160839,0.06293706293706294,0.14685314685314685,0.6958041958041958
2026-03-27,TER,TERRACOM LTD ORDINARY,-0.017543859649122806,0.10000000149011612,0.0689999982714653,0.31000002756714784,0.31000002756714784,False,0.0054385969748622425,0.0054385969748622425,0.0001103238866396761,0.005328273088222566,52.863771,0.09,0.12237762237762238,0.986013986013986,0.993006993006993,0.027972027972027972,,0.013986013986013986,0.11188811188811189,0.34265734265734266,0.1048951048951049
2026-03-27,LYC,LYNAS RARE EARTHS ORDINARY,-0.017543859649122806,20.079999923706055,19.139999389648438,0.046812775778344085,0.046812775778344085,False,0.0008212767680411242,0.0008212767680411242,0.0001103238866396761,0.0007109528814014481,12190.80192,9.9,0.9755244755244755,0.9825174825174825,0.958041958041958,0.8741258741258742,0.9090909090909091,0.4195804195804196,0.4195804195804196,0.24825174825174826,0.8846153846153846
2026-03-27,LTR,LIONTOWN LIMITED ORDINARY,-0.017543859649122806,1.7649999856948853,2.640000104904175,-0.4957507797739724,-0.16,True,-0.008697382101297762,-0.002807017543859649,0.00019804318488529014,-0.003005060728744939,4404.010604,1.95,0.5996503496503497,0.7937062937062938,0.9440559440559441,0.7237762237762237,,0.18181818181818182,0.06643356643356643,0.7727272727272727,0.5174825174825175
2026-03-27,SPL,STARPHARMA HOLDINGS ORDINARY,-0.017543859649122806,0.4699999988079071,0.7099999785423279,-0.5106382560492533,-0.16,True,-0.008958565895600934,-0.002807017543859649,0.00019804318488529014,-0.003005060728744939,150.80042,0.08,0.11363636363636363,0.965034965034965,0.9195804195804196,0.0944055944055944,0.8787878787878788,0.6363636363636364,0.6958041958041958,0.19230769230769232,0.9790209790209791
2026-03-27,SLX,SILEX SYSTEMS ORDINARY,-0.017543859649122806,5.300000190734863,5.699999809265137,-0.07547162342173652,-0.07547162342173652,False,-0.001324063568802395,-0.001324063568802395,0.0001103238866396761,-0.001434387455442071,2310.500363,7.36,0.916083916083916,0.045454545454545456,0.8146853146853147,0.6048951048951049,,0.3741258741258741,0.14685314685314685,0.1048951048951049,0.9825174825174825
2026-03-27,SHL,SONIC HEALTHCARE ORDINARY,-0.017543859649122806,20.6299991607666,19.959999084472656,0.03247698029809554,0.03247698029809554,False,0.0005697715841771146,0.0005697715841771146,0.0001103238866396761,0.0004594476975374385,11170.987138,4.7,0.8286713286713286,0.6153846153846154,0.3776223776223776,0.8671328671328671,0.4898989898989899,0.6993006993006993,0.45104895104895104,0.7237762237762237,0.6398601398601399
2026-03-27,SBM,ST BARBARA LIMITED ORDINARY,-0.017543859649122806,0.5699999928474426,0.6150000095367432,-0.07894739869118661,-0.07894739869118661,False,-0.0013850420823015193,-0.0013850420823015193,0.0001103238866396761,-0.0014953659689411953,701.681599,3.29,0.7412587412587412,0.5944055944055944,0.8461538461538461,0.3531468531468531,,0.13636363636363635,0.3076923076923077,0.11538461538461539,0.6503496503496503
2026-03-27,SXL,STHN CROSS MEDIA ORDINARY,-0.017543859649122806,0.550000011920929,0.5950000286102295,-0.08181821038900261,-0.08181821038900261,False,-0.0014354071998070633,-0.0014354071998070633,0.0001103238866396761,-0.0015457310864467394,189.52021,0.37,0.24825174825174826,0.17132867132867133,0.10139860139860139,0.12237762237762238,,0.9405594405594405,0.23776223776223776,0.9125874125874126,0.8076923076923077
2026-04-27,BBN,BABY BUNTING GRP LTD ORDINARY,-0.017241379310344827,1.4800000190734863,1.5499999523162842,-0.04729725158153664,-0.04729725158153664,False,-0.00081546985485408,-0.00081546985485408,0.00010842175066312999,-0.00092389160551721,346.625858,0.26,0.21180555555555555,0.08680555555555555,0.7465277777777778,0.21180555555555555,0.9296482412060302,0.3333333333333333,0.3854166666666667,0.9027777777777778,0.4375
2026-04-27,BAP,BAPCOR LIMITED ORDINARY,-0.017241379310344827,0.5699999928474426,0.46000000834465027,0.19298243137387772,0.19298243137387772,False,0.003327283299549616,0.003327283299549616,0.00010842175066312999,0.003218861548886486,702.583875,9.68,0.9652777777777778,0.006944444444444444,0.6388888888888888,0.3611111111111111,,0.8333333333333334,0.09375,0.7881944444444444,0.4305555555555556
2026-04-27,ASG,AUTOSPORTS GRP LTD. ORDINARY,-0.017241379310344827,2.4572689533233643,1.809999942779541,0.2634099167974332,0.2634099167974332,False,0.004541550289610917,0.004541550289610917,0.00010842175066312999,0.004433128538947787,790.228853,0.0,0.03298611111111111,0.10069444444444445,0.8472222222222222,0.3888888888888889,0.39195979899497485,0.2916666666666667,0.5347222222222222,0.9236111111111112,0.4444444444444444
2026-04-27,ASB,AUSTAL LIMITED ORDINARY,-0.017241379310344827,4.5,3.9600000381469727,0.11999999152289498,0.11999999152289498,False,0.002068965371084396,0.002068965371084396,0.00010842175066312999,0.0019605436204212664,2811.37886,0.65,0.3611111111111111,0.09375,0.3090277777777778,0.6597222222222222,0.8090452261306532,0.10416666666666667,0.4201388888888889,0.4479166666666667,0.6944444444444444
2026-04-27,LOV,LOVISA HOLDINGS LTD ORDINARY,-0.017241379310344827,23.790000915527344,23.100000381469727,0.029003804434797886,0.029003804434797886,False,0.0005000655937034118,0.0005000655937034118,0.00010842175066312999,0.0003916438430402818,3245.6114,4.33,0.8090277777777778,0.21875,0.7673611111111112,0.6701388888888888,0.6683417085427136,0.7708333333333334,0.9861111111111112,0.9791666666666666,0.8576388888888888
2026-04-27,CAT,CATAPULT SPORTS LTD ORDINARY,-0.017241379310344827,3.4000000953674316,3.7100000381469727,-0.09117645120125806,-0.09117645120125806,False,-0.0015720077793320354,-0.0015720077793320354,0.00010842175066312999,-0.0016804295299951654,982.562636,6.26,0.8854166666666666,0.5763888888888888,0.7534722222222222,0.4340277777777778,,0.4340277777777778,0.15625,0.1701388888888889,0.3611111111111111
2026-04-27,ALD,AMPOL LIMITED ORDINARY,-0.017241379310344827,33.83000183105469,33.720001220703125,0.0032515697427656365,0.0032515697427656365,False,5.60615472890627e-05,5.60615472890627e-05,0.00010842175066312999,-5.236020337406729e-05,7608.986021,1.53,0.5104166666666666,0.9236111111111112,0.4895833333333333,0.8055555555555556,0.7587939698492462,0.13541666666666666,0.4930555555555556,0.8576388888888888,0.5034722222222222
2026-04-27,AFG,AUST FINANCE GRP ORDINARY,-0.017241379310344827,1.965000033378601,1.5399999618530273,0.21628502000319716,0.21628502000319716,False,0.003729052069020641,0.003729052069020641,0.00010842175066312999,0.003620630318357511,590.998,0.51,0.2951388888888889,0.5659722222222222,0.16319444444444445,0.2881944444444444,0.24623115577889448,0.8055555555555556,0.8194444444444444,1.0,0.8055555555555556
2026-04-27,AD8,AUDINATEGROUPLTD ORDINARY,-0.017241379310344827,2.640000104904175,2.130000114440918,0.1931818068930602,0.1931818068930602,False,0.003330720808501038,0.003330720808501038,0.00010842175066312999,0.003222299057837908,338.713814,2.44,0.6423611111111112,0.06944444444444445,0.8506944444444444,0.2048611111111111,,0.3229166666666667,0.16319444444444445,0.15625,0.2152777777777778
2026-04-27,ABY,ADORE BEAUTY ORDINARY,-0.017241379310344827,0.39500001072883606,0.3100000023841858,0.21518988869851452,0.21518988869851452,False,0.0037101704948019746,0.0037101704948019746,0.00010842175066312999,0.003601748744138845,119.326568,0.03,0.09895833333333333,0.013888888888888888,0.9930555555555556,0.06944444444444445,0.9899497487437185,0.14930555555555555,0.3298611111111111,0.7951388888888888,0.7881944444444444
2026-04-27,AMA,AMA GROUP LIMITED ORDINARY,-0.017241379310344827,0.5600000023841858,0.4950000047683716,0.11607142381978275,0.11607142381978275,False,0.002001231445168668,0.002001231445168668,0.00010842175066312999,0.001892809694505538,382.767967,0.01,0.07465277777777778,0.14583333333333334,0.8645833333333334,0.2361111111111111,,0.7777777777777778,0.2916666666666667,0.9409722222222222,0.22569444444444445
2026-04-27,AGI,AINSWORTH GAME TECH. ORDINARY,-0.017241379310344827,1.0549999475479126,1.5299999713897705,-0.4502370118082739,-0.16,True,-0.0077627071001426535,-0.0027586206896551726,0.00019462864721485413,-0.002953249336870027,340.161924,0.0,0.03298611111111111,0.7013888888888888,0.8576388888888888,0.20833333333333334,,0.21875,0.1527777777777778,0.2777777777777778,0.14930555555555555
2026-04-27,GEM,G8 EDUCATION LIMITED ORDINARY,-0.017241379310344827,0.24500000476837158,0.14499999582767487,0.40816329385478556,0.40816329385478556,False,0.0070372981699100955,0.0070372981699100955,0.00010842175066312999,0.006928876419246966,522.693051,5.05,0.8298611111111112,0.020833333333333332,0.3819444444444444,0.2604166666666667,,0.9270833333333334,0.017361111111111112,0.9201388888888888,0.5
2026-04-27,COH,COCHLEAR LIMITED ORDINARY,-0.017241379310344827,95.25,101.06999969482422,-0.061102359000779094,-0.061102359000779094,False,-0.0010534889482892947,-0.0010534889482892947,0.00010842175066312999,-0.0011619106989524247,17051.821472,3.89,0.7777777777777778,0.017361111111111112,0.9861111111111112,0.9027777777777778,0.8492462311557789,0.4305555555555556,0.78125,0.3819444444444444,0.3020833333333333
2026-04-27,ING,INGHAMS GROUP ORDINARY,-0.017241379310344827,1.9800000190734863,2.069999933242798,-0.04545450166784626,-0.04545450166784626,False,-0.0007836983046180389,-0.0007836983046180389,0.00010842175066312999,-0.0008921200552811689,925.533,8.54,0.9375,0.25,0.4583333333333333,0.4131944444444444,0.628140703517588,0.8888888888888888,0.7256944444444444,0.9930555555555556,0.5173611111111112
2026-04-27,IMM,IMMUTEP LTD ORDINARY,-0.017241379310344827,0.07100000232458115,0.05299999937415123,0.25352116001548464,0.25352116001548464,False,0.004371054483025597,0.004371054483025597,0.00010842175066312999,0.004262632732362467,610.386367,1.83,0.5711805555555556,0.003472222222222222,0.9965277777777778,0.2986111111111111,,0.1423611111111111,0.027777777777777776,0.16319444444444445,0.9618055555555556
2026-04-27,ILU,ILUKA RESOURCES ORDINARY,-0.017241379310344827,7.5,7.929999828338623,-0.057333310445149666,-0.057333310445149666,False,-0.0009885053525025805,-0.0009885053525025805,0.00010842175066312999,-0.0010969271031657105,2487.580448,7.96,0.9201388888888888,0.9826388888888888,0.4513888888888889,0.6284722222222222,,0.034722222222222224,0.08333333333333333,0.5972222222222222,0.06597222222222222
2026-04-27,IEL,IDP EDUCATION LTD ORDINARY,-0.017241379310344827,3.509999990463257,2.369999885559082,0.3247863555560053,0.3247863555560053,False,0.005599764750965609,0.005599764750965609,0.00010842175066312999,0.0054913430003024795,1608.645828,4.25,0.8055555555555556,0.059027777777777776,0.7916666666666666,0.5138888888888888,0.7638190954773869,0.4618055555555556,0.6041666666666666,0.7604166666666666,0.7395833333333334
2026-04-27,HLS,HEALIUS ORDINARY,-0.017241379310344827,0.5350000262260437,0.33500000834465027,0.3738317907986253,0.3738317907986253,False,0.0064453757034245735,0.0064453757034245735,0.00010842175066312999,0.006336953952761444,657.150365,8.01,0.9253472222222222,0.052083333333333336,0.4826388888888889,0.3298611111111111,,0.9444444444444444,0.1701388888888889,0.9305555555555556,0.4236111111111111
2026-04-27,IPD,IMPEDIMED LIMITED ORDINARY,-0.017241379310344827,0.014999999664723873,0.006000000052154064,0.5999999875823654,0.5999999875823654,False,0.010344827372109748,0.010344827372109748,0.00010842175066312999,0.010236405621446619,69.157976,0.58,0.3298611111111111,0.1875,0.8993055555555556,0.03819444444444445,,0.359375,0.006944444444444444,0.8958333333333334,0.7152777777777778
2026-04-27,EOS,ELECTRO OPTIC SYS. ORDINARY,-0.017241379310344827,10.239999771118164,11.829999923706055,-0.15527345587179342,-0.16,True,-0.0026771285495136798,-0.0027586206896551726,0.00019462864721485413,-0.002953249336870027,1821.467814,3.72,0.7638888888888888,0.9444444444444444,0.4409722222222222,0.5381944444444444,,0.2534722222222222,0.11805555555555555,0.2881944444444444,0.9375
2026-04-27,EML,EML PAYMENTS LTD ORDINARY,-0.017241379310344827,0.39500001072883606,0.3799999952316284,0.037974721746286244,0.037974721746286244,False,0.0006547365818325215,0.0006547365818325215,0.00010842175066312999,0.0005463148311693915,356.480768,3.65,0.7569444444444444,0.027777777777777776,0.9756944444444444,0.21875,,0.08333333333333333,0.21875,0.6180555555555556,0.9722222222222222
2026-04-27,EDE,EDEN INV LTD ORDINARY,-0.017241379310344827,0.1899999976158142,0.1850000023841858,0.026315764707210976,0.026315764707210976,False,0.00045372008115880994,0.00045372008115880994,0.00010842175066312999,0.00034529833049567994,58.243536,0.0,0.03298611111111111,1.0,1.0,0.027777777777777776,0.49246231155778897,0.16319444444444445,0.8784722222222222,0.4756944444444444,0.9548611111111112
2026-04-27,DUB,DUBBER CORP LTD ORDINARY,-0.017241379310344827,0.010999999940395355,0.010999999940395355,-0.0,-0.0,False,-0.0,-0.0,0.00010842175066312999,-0.00010842175066312999,50.233336,0.0,0.03298611111111111,0.16319444444444445,0.8784722222222222,0.017361111111111112,,0.359375,0.03819444444444445,0.4965277777777778,0.11805555555555555
2026-04-27,DMP,DOMINO PIZZA ENTERPR ORDINARY,-0.017241379310344827,17.75,17.579999923706055,0.00957746908698287,0.00957746908698287,False,0.00016512877736177362,0.00016512877736177362,0.00010842175066312999,5.670702669864363e-05,1984.378746,15.86,1.0,0.2361111111111111,0.7083333333333334,0.5763888888888888,0.5829145728643216,0.8368055555555556,0.6840277777777778,0.8993055555555556,0.2222222222222222
2026-04-27,ABB,AUSSIE BROADBAND ORDINARY,-0.017241379310344827,5.360000133514404,5.639999866485596,-0.05223875485010554,-0.05223875485010554,False,-0.0009006681870707852,-0.0009006681870707852,0.00010842175066312999,-0.0010090899377339152,1467.352867,1.85,0.5763888888888888,0.9166666666666666,0.40625,0.4965277777777778,0.9597989949748744,0.4583333333333333,0.3402777777777778,0.5798611111111112,0.59375
2026-04-27,CXL,CALIX LIMITED ORDINARY,-0.017241379310344827,0.6150000095367432,0.5099999904632568,0.1707317356833522,0.1707317356833522,False,0.0029436506152302104,0.0029436506152302104,0.00010842175066312999,0.0028352288645670807,210.983751,0.43,0.2760416666666667,0.024305555555555556,0.9895833333333334,0.13541666666666666,,0.12152777777777778,0.013888888888888888,0.2708333333333333,0.6979166666666666
2026-04-27,LOT,LOTUS RESOURCES LTD ORDINARY,-0.017241379310344827,1.465000033378601,0.6100000143051147,0.5836177471625545,0.5836177471625545,False,0.010062374951078527,0.010062374951078527,0.00010842175066312999,0.009953953200415398,450.13114,14.4,0.9930555555555556,0.04513888888888889,0.7708333333333334,0.2465277777777778,,0.041666666666666664,0.1284722222222222,0.14930555555555555,0.019097222222222224
2026-04-27,AQZ,ALLIANCE AVIATION ORDINARY,-0.017241379310344827,0.6299999952316284,0.5550000071525574,0.11904760102656231,0.11904760102656231,False,0.002052544845285557,0.002052544845285557,0.00010842175066312999,0.0019441230946224272,199.643395,0.25,0.203125,0.04861111111111111,0.875,0.125,,0.013888888888888888,0.05555555555555555,0.8472222222222222,0.09722222222222222
2026-04-27,LTR,LIONTOWN LIMITED ORDINARY,-0.017241379310344827,2.2799999713897705,2.5,-0.09649124182932711,-0.09649124182932711,False,-0.00166364210050564,-0.00166364210050564,0.00010842175066312999,-0.00177206385116877,4404.010604,1.63,0.5399305555555556,0.9513888888888888,0.8541666666666666,0.7256944444444444,,0.2013888888888889,0.06597222222222222,0.7673611111111112,0.5451388888888888
2026-04-27,PAC,PACIFIC GRP LTD ORDINARY,-0.017241379310344827,10.619999885559082,10.789999961853027,-0.016007540313169866,-0.016007540313169866,False,-0.0002759920743649977,-0.0002759920743649977,0.00010842175066312999,-0.0003844138250281277,300.935543,0.16,0.1753472222222222,0.7916666666666666,0.052083333333333336,0.1840277777777778,,0.4270833333333333,0.21180555555555555,0.022569444444444444,0.96875
2026-04-27,OCC,ORTHOCELL LIMITED ORDINARY,-0.017241379310344827,0.8500000238418579,0.7699999809265137,0.09411769490753352,0.09411769490753352,False,0.001622718877716095,0.001622718877716095,0.00010842175066312999,0.001514297127052965,270.580613,0.48,0.2829861111111111,0.4131944444444444,0.8888888888888888,0.16666666666666666,,0.1840277777777778,0.1076388888888889,0.1597222222222222,0.8888888888888888
2026-04-27,NXT,NEXTDC LIMITED ORDINARY,-0.017241379310344827,14.670000076293945,15.520000457763672,-0.057941402661837005,-0.057941402661837005,False,-0.0009989897010661553,-0.0009989897010661553,0.00010842175066312999,-0.0011074114517292853,7908.854721,9.25,0.9548611111111112,0.8402777777777778,0.6145833333333334,0.8229166666666666,,0.052083333333333336,0.2777777777777778,0.625,0.5208333333333334
2026-04-27,NXL,NUIX LIMITED ORDINARY,-0.017241379310344827,1.4850000143051147,1.5099999904632568,-0.01683500061772092,-0.01683500061772092,False,-0.00029025863134001585,-0.00029025863134001585,0.00010842175066312999,-0.00039868038200314586,601.382178,1.83,0.5711805555555556,0.3993055555555556,0.9583333333333334,0.2916666666666667,0.6633165829145728,0.8506944444444444,0.5,0.3090277777777778,0.5069444444444444
2026-04-27,NEC,NINE ENTERTAINMENT ORDINARY,-0.017241379310344827,0.9350000023841858,0.9599999785423279,-0.026737942346945376,-0.026737942346945376,False,-0.00046099900598181684,-0.00046099900598181684,0.00010842175066312999,-0.0005694207566449468,1758.31215,3.98,0.7951388888888888,0.2569444444444444,0.5381944444444444,0.5277777777777778,,0.08680555555555555,0.2673611111111111,0.4548611111111111,0.08680555555555555
2026-04-27,PLS,PLS GROUP LTD ORDINARY,-0.017241379310344827,5.929999828338623,6.739999771118164,-0.13659358621035156,-0.13659358621035156,False,-0.0023550618312129577,-0.0023550618312129577,0.00010842175066312999,-0.0024634835818760875,13590.07956,6.65,0.8993055555555556,0.9652777777777778,0.6979166666666666,0.8888888888888888,0.9748743718592965,0.3888888888888889,0.34375,0.40625,0.9305555555555556
2026-04-27,MVP,MEDICAL DEVELOPMENTS ORDINARY,-0.017241379310344827,0.47999998927116394,0.3799999952316284,0.20833332557231166,0.20833332557231166,False,0.003591953889177787,0.003591953889177787,0.00010842175066312999,0.0034835321385146573,62.525369,0.0,0.03298611111111111,0.7708333333333334,0.9652777777777778,0.03125,,0.3784722222222222,0.2951388888888889,0.2361111111111111,0.7361111111111112
2026-04-27,PPK,PPK GROUP LIMITED ORDINARY,-0.017241379310344827,0.3799999952316284,0.3400000035762787,0.10526313725600922,0.10526313725600922,False,0.001814881676827745,0.001814881676827745,0.00010842175066312999,0.001706459926164615,43.017186,0.07,0.125,0.53125,0.9097222222222222,0.010416666666666666,0.03015075376884422,0.1527777777777778,0.7118055555555556,0.3506944444444444,0.8819444444444444
2026-04-27,MP1,MEGAPORT LIMITED ORDINARY,-0.017241379310344827,9.34000015258789,16.610000610351562,-0.7783726273012244,-0.16,True,-0.013420217712090074,-0.0027586206896551726,0.00019462864721485413,-0.002953249336870027,2160.702752,5.4,0.8402777777777778,0.2673611111111111,0.9513888888888888,0.6076388888888888,,0.40625,0.19791666666666666,0.3993055555555556,0.7256944444444444
2026-04-27,MME,MONEYME LIMITED ORDINARY,-0.017241379310344827,0.08399999886751175,0.08399999886751175,-0.0,-0.0,False,-0.0,-0.0,0.00010842175066312999,-0.00010842175066312999,96.480918,0.0,0.03298611111111111,0.125,0.059027777777777776,0.05555555555555555,,0.9930555555555556,0.07291666666666667,0.9965277777777778,0.9965277777777778
2026-04-27,MYX,MAYNE PHARMA LTD ORDINARY,-0.017241379310344827,2.630000114440918,2.3299999237060547,0.11406850862386253,0.11406850862386253,False,0.001966698424549354,0.001966698424549354,0.00010842175066312999,0.0018582766738862238,252.674521,2.92,0.7048611111111112,0.6076388888888888,0.4930555555555556,0.15625,,0.1736111111111111,0.19444444444444445,0.2916666666666667,0.6423611111111112
2026-04-27,MVF,MONASH IVF GROUP LTD ORDINARY,-0.017241379310344827,0.7300000190734863,0.7149999737739563,0.02054800672275059,0.02054800672275059,False,0.00035427597797845845,0.00035427597797845845,0.00010842175066312999,0.00024585422731532845,286.381607,1.82,0.5659722222222222,0.75,0.8368055555555556,0.1701388888888889,0.46733668341708545,0.5104166666666666,0.4513888888888889,0.7708333333333334,0.5277777777777778
2026-04-27,WOW,WOOLWORTHS GROUP LTD ORDINARY,-0.017241379310344827,37.689998626708984,35.060001373291016,0.06977971210522205,0.06977971210522205,False,0.0012030984845727939,0.0012030984845727939,0.00010842175066312999,0.0010946767339096639,35875.918,2.09,0.6215277777777778,0.9305555555555556,0.03125,0.9583333333333334,0.8291457286432161,0.6909722222222222,0.7604166666666666,0.96875,0.7222222222222222
2026-04-27,MSB,MESOBLAST LIMITED ORDINARY,-0.017241379310344827,2.140000104904175,2.109999895095825,0.014018788942859906,0.014018788942859906,False,0.0002417032576355156,0.0002417032576355156,0.00010842175066312999,0.00013328150697238564,1897.736359,8.84,0.9444444444444444,0.3576388888888889,0.8194444444444444,0.5590277777777778,,0.2638888888888889,0.1875,0.3715277777777778,0.3611111111111111
2026-04-27,SBM,ST BARBARA LIMITED ORDINARY,-0.017241379310344827,0.6600000262260437,0.5899999737739563,0.10606068131899293,0.10606068131899293,False,0.001828632436534361,0.001828632436534361,0.00010842175066312999,0.001720210685871231,701.681599,2.67,0.6666666666666666,0.71875,0.8055555555555556,0.3576388888888889,,0.14583333333333334,0.3055555555555556,0.11458333333333333,0.6631944444444444
2026-04-27,RIC,RIDLEY CORPORATION ORDINARY,-0.017241379310344827,2.799999952316284,2.7899999618530273,0.003571425226269853,0.003571425226269853,False,6.157629700465264e-05,6.157629700465264e-05,0.00010842175066312999,-4.684545365847735e-05,993.360646,0.7,0.3784722222222222,0.8645833333333334,0.20833333333333334,0.4409722222222222,0.10050251256281408,0.8576388888888888,0.8263888888888888,0.8333333333333334,0.9131944444444444
2026-04-27,M7T,MACH7 TECH LIMITED ORDINARY,-0.017241379310344827,0.2750000059604645,0.32499998807907104,-0.1818181128541314,-0.16,True,-0.003134795049209162,-0.0027586206896551726,0.00019462864721485413,-0.002953249336870027,144.505348,0.0,0.03298611111111111,0.06597222222222222,0.9340277777777778,0.09027777777777778,,0.20833333333333334,0.10069444444444445,0.2048611111111111,0.1076388888888889
2026-04-27,WBT,WEEBIT NANO LTD ORDINARY,-0.017241379310344827,4.309999942779541,7.110000133514404,-0.649652025036717,-0.16,True,-0.011200896983391674,-0.0027586206896551726,0.00019462864721485413,-0.002953249336870027,1064.905887,0.63,0.3489583333333333,0.3090277777777778,0.7013888888888888,0.4444444444444444,,0.2881944444444444,0.034722222222222224,0.10416666666666667,0.90625
2026-04-27,VUL,VULCAN ENERGY ORDINARY,-0.017241379310344827,3.799999952316284,4.130000114440918,-0.08684214901726062,-0.08684214901726062,False,-0.0014972784313320795,-0.0014972784313320795,0.00010842175066312999,-0.0016057001819952095,629.924647,5.03,0.8263888888888888,0.6006944444444444,0.7395833333333334,0.3159722222222222,,0.0763888888888889,0.18055555555555555,0.21180555555555555,0.0763888888888889
2026-04-27,TLX,TELIX PHARMACEUTICAL ORDINARY,-0.017241379310344827,14.6899995803833,13.020000457763672,0.11368272092054443,0.11368272092054443,False,0.00196004691242318,0.00196004691242318,0.00010842175066312999,0.00185162516176005,3794.313599,15.74,0.9965277777777778,0.96875,0.9305555555555556,0.7013888888888888,,0.2152777777777778,0.2743055555555556,0.8090277777777778,0.5868055555555556
2026-04-27,SXL,STHN CROSS MEDIA ORDINARY,-0.017241379310344827,0.5699999928474426,0.6399999856948853,-0.12280700653653831,-0.12280700653653831,False,-0.0021173621816644537,-0.0021173621816644537,0.00010842175066312999,-0.0022257839323275835,189.52021,0.36,0.2534722222222222,0.4097222222222222,0.2361111111111111,0.12152777777777778,,0.9618055555555556,0.2326388888888889,0.9097222222222222,0.8125
2026-04-27,PWH,PWR HOLDINGS LIMITED ORDINARY,-0.017241379310344827,9.09000015258789,9.40999984741211,-0.035203486188404076,-0.035203486188404076,False,-0.0006069566584207599,-0.0006069566584207599,0.00010842175066312999,-0.0007153784090838899,789.506857,8.43,0.9305555555555556,0.6041666666666666,0.05555555555555555,0.3854166666666667,0.9045226130653267,0.3194444444444444,0.6319444444444444,0.7847222222222222,0.8090277777777778
2026-04-27,SOL,SOUL PATTINSON (W.H) ORDINARY,-0.017241379310344827,41.619998931884766,42.93000030517578,-0.0314752860862626,-0.0314752860862626,False,-0.0005426773463148724,-0.0005426773463148724,0.00010842175066312999,-0.0006510990969780024,14046.76,3.54,0.7465277777777778,0.8333333333333334,0.1597222222222222,0.8923611111111112,0.005025125628140704,0.15625,0.9513888888888888,0.2569444444444444,0.4548611111111111
2026-04-27,SLX,SILEX SYSTEMS ORDINARY,-0.017241379310344827,6.289999961853027,6.050000190734863,0.0381557667048793,0.0381557667048793,False,0.00065785804663585,0.00065785804663585,0.00010842175066312999,0.00054943629597272,2310.500363,8.01,0.9253472222222222,0.5798611111111112,0.4756944444444444,0.6145833333333334,,0.3923611111111111,0.1388888888888889,0.10069444444444445,0.9861111111111112
2026-04-27,SHV,SELECT HARVESTS ORDINARY,-0.017241379310344827,3.8499999046325684,3.9700000286102295,-0.031168864142897545,-0.031168864142897545,False,-0.0005373942093603025,-0.0005373942093603025,0.00010842175066312999,-0.0006458159600234325,549.956562,1.91,0.5972222222222222,0.3645833333333333,0.5416666666666666,0.2777777777777778,0.135678391959799,0.04513888888888889,0.5868055555555556,0.6597222222222222,0.034722222222222224
2026-04-27,SHL,SONIC HEALTHCARE ORDINARY,-0.017241379310344827,20.200000762939453,19.25,0.04702973896329754,0.04702973896329754,False,0.0008108575683327162,0.0008108575683327162,0.00010842175066312999,0.0007024358176695862,11170.987138,5.38,0.8368055555555556,0.4340277777777778,0.2326388888888889,0.8715277777777778,0.507537688442211,0.71875,0.4618055555555556,0.7118055555555556,0.6527777777777778
2026-04-27,SGM,SIMS LIMITED ORDINARY,-0.017241379310344827,20.549999237060547,27.3799991607666,-0.33236010595020393,-0.16,True,-0.005730346654313861,-0.0027586206896551726,0.00019462864721485413,-0.002953249336870027,3467.266669,0.55,0.3194444444444444,0.7395833333333334,0.7118055555555556,0.6909722222222222,,0.6736111111111112,0.2708333333333333,0.5104166666666666,0.2673611111111111
2026-04-27,SPL,STARPHARMA HOLDINGS ORDINARY,-0.017241379310344827,0.75,0.7250000238418579,0.03333330154418945,0.03333330154418945,False,0.0005747120955894733,0.0005747120955894733,0.00010842175066312999,0.0004662903449263433,150.80042,0.11,0.15104166666666666,0.9965277777777778,0.9166666666666666,0.09722222222222222,0.8693467336683417,0.6527777777777778,0.6944444444444444,0.1909722222222222,0.9826388888888888
